date,Temperature_C,Cloud_Cover_Pct,Solar_Irradiance_W_m2,Direct_Normal_Irradiance_W_m2,Solar_Generation_KW
2024-01-01 00:00:00,20.9305,0.0,0.0,0.0,0.0
2024-01-01 01:00:00,19.5805,0.0,0.0,0.0,0.0
2024-01-01 02:00:00,18.3305,0.0,0.0,0.0,0.0
2024-01-01 03:00:00,17.9805,0.0,0.0,0.0,0.0
2024-01-01 04:00:00,17.6805,0.0,0.0,0.0,0.0
2024-01-01 05:00:00,17.380499,0.0,0.0,0.0,0.0
2024-01-01 06:00:00,17.7305,0.0,0.0,0.0,0.0
2024-01-01 07:00:00,18.3305,0.0,15.0,64.05287,375.0
2024-01-01 08:00:00,20.780499,42.0,166.0,495.63055,4150.0
2024-01-01 09:00:00,23.1805,0.0,380.0,700.601,9500.0
2024-01-01 10:00:00,25.5805,0.0,573.0,804.1418,14325.0
2024-01-01 11:00:00,27.380499,99.0,713.0,855.05615,17825.0
2024-01-01 12:00:00,28.5805,100.0,786.0,868.5406,19650.0
2024-01-01 13:00:00,29.530499,87.0,782.0,844.4461,19550.0
2024-01-01 14:00:00,29.9305,66.0,708.0,820.6725,17700.0
2024-01-01 15:00:00,29.780499,85.0,578.0,768.6341,14450.0
2024-01-01 16:00:00,29.530499,84.0,378.0,614.9432,9450.0
2024-01-01 17:00:00,28.4305,43.0,175.0,468.25803,4375.0
2024-01-01 18:00:00,25.5805,89.0,21.0,95.168,525.0
2024-01-01 19:00:00,24.8305,83.0,0.0,0.0,0.0
2024-01-01 20:00:00,24.0805,6.0,0.0,0.0,0.0
2024-01-01 21:00:00,23.6805,3.0,0.0,0.0,0.0
2024-01-01 22:00:00,21.880499,29.0,0.0,0.0,0.0
2024-01-01 23:00:00,21.8305,33.0,0.0,0.0,0.0
2024-01-02 00:00:00,20.630499,35.0,0.0,0.0,0.0
2024-01-02 01:00:00,21.030499,20.0,0.0,0.0,0.0
2024-01-02 02:00:00,20.5805,0.0,0.0,0.0,0.0
2024-01-02 03:00:00,20.4305,3.0,0.0,0.0,0.0
2024-01-02 04:00:00,19.780499,7.0,0.0,0.0,0.0
2024-01-02 05:00:00,19.3305,17.0,0.0,0.0,0.0
2024-01-02 06:00:00,19.5805,46.0,0.0,0.0,0.0
2024-01-02 07:00:00,19.530499,23.0,13.0,43.008713,325.0
2024-01-02 08:00:00,21.380499,0.0,163.0,480.305,4075.0
2024-01-02 09:00:00,23.4805,0.0,377.0,690.1711,9425.0
2024-01-02 10:00:00,25.8305,1.0,568.0,794.4823,14200.0
2024-01-02 11:00:00,27.5805,6.0,709.0,849.26086,17725.0
2024-01-02 12:00:00,28.8305,5.0,786.0,873.00287,19650.0
2024-01-02 13:00:00,29.5805,11.0,790.0,870.2891,19750.0
2024-01-02 14:00:00,30.030499,20.0,716.0,832.78064,17900.0
2024-01-02 15:00:00,29.8305,65.0,571.0,753.00757,14275.0
2024-01-02 16:00:00,29.4305,87.0,319.0,381.05994,7975.0
2024-01-02 17:00:00,28.5805,29.0,120.0,137.1535,3000.0
2024-01-02 18:00:00,25.8305,28.0,19.0,75.296135,475.0
2024-01-02 19:00:00,25.6805,43.0,0.0,0.0,0.0
2024-01-02 20:00:00,25.380499,70.0,0.0,0.0,0.0
2024-01-02 21:00:00,25.0805,47.0,0.0,0.0,0.0
2024-01-02 22:00:00,23.5805,86.0,0.0,0.0,0.0
2024-01-02 23:00:00,22.130499,49.0,0.0,0.0,0.0
2024-01-03 00:00:00,20.880499,5.0,0.0,0.0,0.0
2024-01-03 01:00:00,19.9805,17.0,0.0,0.0,0.0
2024-01-03 02:00:00,20.4805,12.0,0.0,0.0,0.0
2024-01-03 03:00:00,19.5805,64.0,0.0,0.0,0.0
2024-01-03 04:00:00,19.880499,12.0,0.0,0.0,0.0
2024-01-03 05:00:00,19.1805,14.0,0.0,0.0,0.0
2024-01-03 06:00:00,19.2305,8.0,0.0,0.0,0.0
2024-01-03 07:00:00,19.4805,92.0,14.0,54.135048,350.0
2024-01-03 08:00:00,21.630499,85.0,117.0,166.92836,2925.0
2024-01-03 09:00:00,23.1805,89.0,265.0,252.48735,6625.0
2024-01-03 10:00:00,24.630499,10.0,333.0,189.82245,8325.0
2024-01-03 11:00:00,27.280499,100.0,701.0,815.1711,17525.0
2024-01-03 12:00:00,27.380499,97.0,453.0,201.87328,11325.0
2024-01-03 13:00:00,28.1805,10.0,549.0,337.2774,13725.0
2024-01-03 14:00:00,29.0805,10.0,705.0,797.5966,17625.0
2024-01-03 15:00:00,29.380499,18.0,579.0,768.6152,14475.0
2024-01-03 16:00:00,29.2305,41.0,392.0,662.4273,9800.0
2024-01-03 17:00:00,28.4305,10.0,181.0,463.55685,4525.0
2024-01-03 18:00:00,26.0805,23.0,22.0,93.081345,550.0
2024-01-03 19:00:00,24.3305,24.0,0.0,0.0,0.0
2024-01-03 20:00:00,23.8305,28.0,0.0,0.0,0.0
2024-01-03 21:00:00,23.4305,93.0,0.0,0.0,0.0
2024-01-03 22:00:00,22.3305,58.0,0.0,0.0,0.0
2024-01-03 23:00:00,21.8305,89.0,0.0,0.0,0.0
2024-01-04 00:00:00,21.630499,100.0,0.0,0.0,0.0
2024-01-04 01:00:00,21.2305,96.0,0.0,0.0,0.0
2024-01-04 02:00:00,20.4305,100.0,0.0,0.0,0.0
2024-01-04 03:00:00,20.530499,100.0,0.0,0.0,0.0
2024-01-04 04:00:00,19.5805,99.0,0.0,0.0,0.0
2024-01-04 05:00:00,19.380499,98.0,0.0,0.0,0.0
2024-01-04 06:00:00,20.880499,94.0,0.0,0.0,0.0
2024-01-04 07:00:00,20.630499,100.0,13.0,54.4947,325.0
2024-01-04 08:00:00,22.2305,100.0,77.0,63.465546,1925.0
2024-01-04 09:00:00,23.0805,19.0,137.0,92.17574,3425.0
2024-01-04 10:00:00,25.780499,22.0,540.0,691.7566,13500.0
2024-01-04 11:00:00,27.1805,52.0,653.0,696.4296,16325.0
2024-01-04 12:00:00,27.630499,53.0,634.0,585.611,15850.0
2024-01-04 13:00:00,28.2305,41.0,636.0,560.35175,15900.0
2024-01-04 14:00:00,28.1805,43.0,632.0,654.56555,15800.0
2024-01-04 15:00:00,28.130499,52.0,500.0,576.17285,12500.0
2024-01-04 16:00:00,27.6805,30.0,358.0,530.38007,8950.0
2024-01-04 17:00:00,26.630499,39.0,165.0,387.9495,4125.0
2024-01-04 18:00:00,24.880499,34.0,21.0,82.851006,525.0
2024-01-04 19:00:00,24.3305,19.0,0.0,0.0,0.0
2024-01-04 20:00:00,24.4305,31.0,0.0,0.0,0.0
2024-01-04 21:00:00,23.130499,38.0,0.0,0.0,0.0
2024-01-04 22:00:00,22.880499,84.0,0.0,0.0,0.0
2024-01-04 23:00:00,22.630499,84.0,0.0,0.0,0.0
2024-01-05 00:00:00,20.9305,100.0,0.0,0.0,0.0
2024-01-05 01:00:00,20.0805,88.0,0.0,0.0,0.0
2024-01-05 02:00:00,19.3305,86.0,0.0,0.0,0.0
2024-01-05 03:00:00,18.9805,46.0,0.0,0.0,0.0
2024-01-05 04:00:00,18.9805,16.0,0.0,0.0,0.0
2024-01-05 05:00:00,18.030499,94.0,0.0,0.0,0.0
2024-01-05 06:00:00,18.9305,11.0,0.0,0.0,0.0
2024-01-05 07:00:00,19.0805,1.0,13.0,54.8414,325.0
2024-01-05 08:00:00,20.9305,27.0,162.0,487.2516,4050.0
2024-01-05 09:00:00,23.2305,73.0,376.0,688.75885,9400.0
2024-01-05 10:00:00,25.530499,91.0,566.0,780.11414,14150.0
2024-01-05 11:00:00,27.4305,85.0,709.0,835.5789,17725.0
2024-01-05 12:00:00,28.6805,88.0,783.0,854.8405,19575.0
2024-01-05 13:00:00,29.7305,22.0,792.0,867.30664,19800.0
2024-01-05 14:00:00,30.3305,17.0,691.0,777.2203,17275.0
2024-01-05 15:00:00,30.4305,24.0,538.0,691.6621,13450.0
2024-01-05 16:00:00,29.9805,56.0,367.0,582.87836,9175.0
2024-01-05 17:00:00,28.9805,26.0,169.0,392.14932,4225.0
2024-01-05 18:00:00,25.9805,36.0,23.0,91.044815,575.0
2024-01-05 19:00:00,24.6805,36.0,0.0,0.0,0.0
2024-01-05 20:00:00,23.630499,60.0,0.0,0.0,0.0
2024-01-05 21:00:00,23.030499,40.0,0.0,0.0,0.0
2024-01-05 22:00:00,21.9805,40.0,0.0,0.0,0.0
2024-01-05 23:00:00,21.4805,27.0,0.0,0.0,0.0
2024-01-06 00:00:00,21.2305,95.0,0.0,0.0,0.0
2024-01-06 01:00:00,20.7305,76.0,0.0,0.0,0.0
2024-01-06 02:00:00,20.1805,100.0,0.0,0.0,0.0
2024-01-06 03:00:00,20.8305,94.0,0.0,0.0,0.0
2024-01-06 04:00:00,20.4805,88.0,0.0,0.0,0.0
2024-01-06 05:00:00,20.1805,100.0,0.0,0.0,0.0
2024-01-06 06:00:00,20.4305,36.0,0.0,0.0,0.0
2024-01-06 07:00:00,20.4805,8.0,12.0,44.138874,300.0
2024-01-06 08:00:00,22.2305,6.0,157.0,461.86798,3925.0
2024-01-06 09:00:00,24.380499,24.0,370.0,675.4034,9250.0
2024-01-06 10:00:00,26.5805,47.0,563.0,783.59595,14075.0
2024-01-06 11:00:00,28.2305,26.0,678.0,777.3338,16950.0
2024-01-06 12:00:00,29.280499,26.0,759.0,818.9865,18975.0
2024-01-06 13:00:00,29.6805,25.0,712.0,714.62305,17800.0
2024-01-06 14:00:00,29.9305,25.0,642.0,688.5237,16050.0
2024-01-06 15:00:00,29.880499,15.0,517.0,622.6146,12925.0
2024-01-06 16:00:00,29.2305,100.0,358.0,555.72546,8950.0
2024-01-06 17:00:00,28.630499,100.0,112.0,89.34899,2800.0
2024-01-06 18:00:00,25.4805,64.0,22.0,72.04047,550.0
2024-01-06 19:00:00,24.2305,86.0,0.0,0.0,0.0
2024-01-06 20:00:00,23.5805,32.0,0.0,0.0,0.0
2024-01-06 21:00:00,22.630499,34.0,0.0,0.0,0.0
2024-01-06 22:00:00,21.8305,23.0,0.0,0.0,0.0
2024-01-06 23:00:00,21.130499,2.0,0.0,0.0,0.0
2024-01-07 00:00:00,20.280499,14.0,0.0,0.0,0.0
2024-01-07 01:00:00,20.130499,14.0,0.0,0.0,0.0
2024-01-07 02:00:00,19.8305,7.0,0.0,0.0,0.0
2024-01-07 03:00:00,19.780499,74.0,0.0,0.0,0.0
2024-01-07 04:00:00,20.8305,74.0,0.0,0.0,0.0
2024-01-07 05:00:00,20.780499,15.0,0.0,0.0,0.0
2024-01-07 06:00:00,20.880499,89.0,0.0,0.0,0.0
2024-01-07 07:00:00,21.030499,95.0,9.0,22.194895,225.0
2024-01-07 08:00:00,21.9805,27.0,120.0,206.5833,3000.0
2024-01-07 09:00:00,23.7305,31.0,356.0,609.69794,8900.0
2024-01-07 10:00:00,25.4305,15.0,515.0,634.3254,12875.0
2024-01-07 11:00:00,26.9805,12.0,653.0,707.823,16325.0
2024-01-07 12:00:00,28.130499,18.0,765.0,817.9241,19125.0
2024-01-07 13:00:00,29.0805,2.0,768.0,810.42975,19200.0
2024-01-07 14:00:00,29.380499,4.0,719.0,832.3511,17975.0
2024-01-07 15:00:00,29.4305,7.0,584.0,777.55646,14600.0
2024-01-07 16:00:00,28.9805,13.0,395.0,675.2302,9875.0
2024-01-07 17:00:00,27.9305,19.0,188.0,488.7576,4700.0
2024-01-07 18:00:00,26.1805,7.0,24.0,97.98311,600.0
2024-01-07 19:00:00,24.8305,4.0,0.0,0.0,0.0
2024-01-07 20:00:00,24.0805,10.0,0.0,0.0,0.0
2024-01-07 21:00:00,23.530499,18.0,0.0,0.0,0.0
2024-01-07 22:00:00,23.130499,31.0,0.0,0.0,0.0
2024-01-07 23:00:00,22.880499,33.0,0.0,0.0,0.0
2024-01-08 00:00:00,22.2305,27.0,0.0,0.0,0.0
2024-01-08 01:00:00,21.7305,31.0,0.0,0.0,0.0
2024-01-08 02:00:00,21.2305,16.0,0.0,0.0,0.0
2024-01-08 03:00:00,20.6805,2.0,0.0,0.0,0.0
2024-01-08 04:00:00,20.280499,13.0,0.0,0.0,0.0
2024-01-08 05:00:00,19.8305,14.0,0.0,0.0,0.0
2024-01-08 06:00:00,19.4305,87.0,0.0,0.0,0.0
2024-01-08 07:00:00,19.4805,97.0,12.0,44.623627,300.0
2024-01-08 08:00:00,21.380499,46.0,119.0,198.10042,2975.0
2024-01-08 09:00:00,23.780499,38.0,330.0,489.13412,8250.0
2024-01-08 10:00:00,25.3305,88.0,520.0,639.3101,13000.0
2024-01-08 11:00:00,26.6805,100.0,671.0,721.29767,16775.0
2024-01-08 12:00:00,28.3305,100.0,759.0,780.774,18975.0
2024-01-08 13:00:00,29.1805,100.0,695.0,653.20154,17375.0
2024-01-08 14:00:00,30.1805,100.0,665.0,665.7779,16625.0
2024-01-08 15:00:00,30.2305,100.0,548.0,635.9725,13700.0
2024-01-08 16:00:00,29.780499,100.0,368.0,543.47485,9200.0
2024-01-08 17:00:00,28.8305,99.0,160.0,278.33533,4000.0
2024-01-08 18:00:00,25.9805,14.0,22.0,61.684277,550.0
2024-01-08 19:00:00,25.0805,53.0,0.0,0.0,0.0
2024-01-08 20:00:00,24.380499,31.0,0.0,0.0,0.0
2024-01-08 21:00:00,23.880499,16.0,0.0,0.0,0.0
2024-01-08 22:00:00,23.280499,10.0,0.0,0.0,0.0
2024-01-08 23:00:00,22.5805,65.0,0.0,0.0,0.0
2024-01-09 00:00:00,22.030499,88.0,0.0,0.0,0.0
2024-01-09 01:00:00,21.6805,99.0,0.0,0.0,0.0
2024-01-09 02:00:00,21.4305,100.0,0.0,0.0,0.0
2024-01-09 03:00:00,21.0805,100.0,0.0,0.0,0.0
2024-01-09 04:00:00,20.630499,100.0,0.0,0.0,0.0
2024-01-09 05:00:00,20.380499,100.0,0.0,0.0,0.0
2024-01-09 06:00:00,21.2305,100.0,0.0,0.0,0.0
2024-01-09 07:00:00,21.4805,100.0,6.0,0.0,150.0
2024-01-09 08:00:00,22.2305,100.0,72.0,36.97277,1800.0
2024-01-09 09:00:00,23.3305,99.0,193.0,71.28096,4825.0
2024-01-09 10:00:00,25.780499,100.0,474.0,471.2845,11850.0
2024-01-09 11:00:00,27.5805,100.0,595.0,554.8646,14875.0
2024-01-09 12:00:00,29.030499,100.0,716.0,671.7343,17900.0
2024-01-09 13:00:00,29.630499,100.0,722.0,706.6279,18050.0
2024-01-09 14:00:00,30.0805,100.0,664.0,666.7278,16600.0
2024-01-09 15:00:00,29.7305,100.0,419.0,390.82687,10475.0
2024-01-09 16:00:00,28.7305,100.0,138.0,64.87906,3450.0
2024-01-09 17:00:00,27.780499,100.0,76.0,22.666712,1900.0
2024-01-09 18:00:00,25.8305,98.0,15.0,34.875473,375.0
2024-01-09 19:00:00,25.030499,100.0,0.0,0.0,0.0
2024-01-09 20:00:00,24.1805,100.0,0.0,0.0,0.0
2024-01-09 21:00:00,22.9805,100.0,0.0,0.0,0.0
2024-01-09 22:00:00,23.1805,100.0,0.0,0.0,0.0
2024-01-09 23:00:00,23.030499,100.0,0.0,0.0,0.0
2024-01-10 00:00:00,23.130499,100.0,0.0,0.0,0.0
2024-01-10 01:00:00,22.5805,100.0,0.0,0.0,0.0
2024-01-10 02:00:00,22.2305,100.0,0.0,0.0,0.0
2024-01-10 03:00:00,21.8305,100.0,0.0,0.0,0.0
2024-01-10 04:00:00,21.3305,100.0,0.0,0.0,0.0
2024-01-10 05:00:00,20.4805,100.0,0.0,0.0,0.0
2024-01-10 06:00:00,20.2305,86.0,0.0,0.0,0.0
2024-01-10 07:00:00,20.2305,82.0,11.0,33.777214,275.0
2024-01-10 08:00:00,21.7305,87.0,140.0,333.6783,3500.0
2024-01-10 09:00:00,23.380499,41.0,344.0,565.756,8600.0
2024-01-10 10:00:00,25.0805,15.0,528.0,654.0795,13200.0
2024-01-10 11:00:00,27.030499,8.0,703.0,832.12683,17575.0
2024-01-10 12:00:00,28.4305,12.0,783.0,855.34863,19575.0
2024-01-10 13:00:00,29.3305,19.0,790.0,849.99255,19750.0
2024-01-10 14:00:00,29.780499,3.0,727.0,831.13776,18175.0
2024-01-10 15:00:00,29.9305,68.0,595.0,786.83527,14875.0
2024-01-10 16:00:00,29.4305,33.0,402.0,641.13,10050.0
2024-01-10 17:00:00,28.630499,42.0,182.0,396.8074,4550.0
2024-01-10 18:00:00,27.6805,99.0,16.0,0.0,400.0
2024-01-10 19:00:00,26.880499,100.0,0.0,0.0,0.0
2024-01-10 20:00:00,26.8305,100.0,0.0,0.0,0.0
2024-01-10 21:00:00,25.9805,92.0,0.0,0.0,0.0
2024-01-10 22:00:00,24.530499,21.0,0.0,0.0,0.0
2024-01-10 23:00:00,23.5805,2.0,0.0,0.0,0.0
2024-01-11 00:00:00,23.130499,4.0,0.0,0.0,0.0
2024-01-11 01:00:00,22.6805,8.0,0.0,0.0,0.0
2024-01-11 02:00:00,22.2305,5.0,0.0,0.0,0.0
2024-01-11 03:00:00,21.5805,6.0,0.0,0.0,0.0
2024-01-11 04:00:00,20.9305,18.0,0.0,0.0,0.0
2024-01-11 05:00:00,20.380499,45.0,0.0,0.0,0.0
2024-01-11 06:00:00,20.130499,11.0,0.0,0.0,0.0
2024-01-11 07:00:00,20.1805,41.0,11.0,45.2136,275.0
2024-01-11 08:00:00,22.130499,49.0,155.0,469.18155,3875.0
2024-01-11 09:00:00,24.130499,57.0,370.0,684.7786,9250.0
2024-01-11 10:00:00,26.280499,29.0,568.0,795.9418,14200.0
2024-01-11 11:00:00,28.2305,23.0,717.0,857.79333,17925.0
2024-01-11 12:00:00,29.530499,21.0,800.0,885.9474,20000.0
2024-01-11 13:00:00,30.280499,0.0,811.0,892.5348,20275.0
2024-01-11 14:00:00,30.7305,0.0,747.0,875.0329,18675.0
2024-01-11 15:00:00,30.8305,0.0,615.0,830.2738,15375.0
2024-01-11 16:00:00,30.4305,0.0,428.0,738.42053,10700.0
2024-01-11 17:00:00,29.030499,0.0,212.0,563.9075,5300.0
2024-01-11 18:00:00,26.4305,0.0,32.0,145.1761,800.0
2024-01-11 19:00:00,25.3305,0.0,0.0,0.0,0.0
2024-01-11 20:00:00,24.630499,0.0,0.0,0.0,0.0
2024-01-11 21:00:00,23.780499,79.0,0.0,0.0,0.0
2024-01-11 22:00:00,22.8305,62.0,0.0,0.0,0.0
2024-01-11 23:00:00,22.530499,61.0,0.0,0.0,0.0
2024-01-12 00:00:00,22.280499,66.0,0.0,0.0,0.0
2024-01-12 01:00:00,21.7305,75.0,0.0,0.0,0.0
2024-01-12 02:00:00,21.0805,89.0,0.0,0.0,0.0
2024-01-12 03:00:00,20.530499,93.0,0.0,0.0,0.0
2024-01-12 04:00:00,19.9805,96.0,0.0,0.0,0.0
2024-01-12 05:00:00,19.530499,87.0,0.0,0.0,0.0
2024-01-12 06:00:00,19.5805,84.0,0.0,0.0,0.0
2024-01-12 07:00:00,19.5805,1.0,12.0,56.706524,300.0
2024-01-12 08:00:00,21.7305,11.0,160.0,502.66284,4000.0
2024-01-12 09:00:00,24.130499,0.0,380.0,713.32336,9500.0
2024-01-12 10:00:00,26.4305,0.0,580.0,820.7287,14500.0
2024-01-12 11:00:00,28.3305,0.0,731.0,879.102,18275.0
2024-01-12 12:00:00,29.7305,0.0,818.0,909.9762,20450.0
2024-01-12 13:00:00,30.630499,9.0,830.0,915.8578,20750.0
2024-01-12 14:00:00,31.030499,58.0,765.0,898.31934,19125.0
2024-01-12 15:00:00,31.030499,9.0,631.0,852.69385,15775.0
2024-01-12 16:00:00,30.7305,1.0,442.0,764.44617,11050.0
2024-01-12 17:00:00,29.3305,0.0,220.0,588.35156,5500.0
2024-01-12 18:00:00,26.380499,0.0,34.0,152.17302,850.0
2024-01-12 19:00:00,25.4305,0.0,0.0,0.0,0.0
2024-01-12 20:00:00,25.0805,0.0,0.0,0.0,0.0
2024-01-12 21:00:00,24.4805,0.0,0.0,0.0,0.0
2024-01-12 22:00:00,23.3305,0.0,0.0,0.0,0.0
2024-01-12 23:00:00,22.780499,0.0,0.0,0.0,0.0
2024-01-13 00:00:00,22.130499,0.0,0.0,0.0,0.0
2024-01-13 01:00:00,21.5805,0.0,0.0,0.0,0.0
2024-01-13 02:00:00,20.9305,0.0,0.0,0.0,0.0
2024-01-13 03:00:00,20.4305,0.0,0.0,0.0,0.0
2024-01-13 04:00:00,19.8305,0.0,0.0,0.0,0.0
2024-01-13 05:00:00,19.4305,0.0,0.0,0.0,0.0
2024-01-13 06:00:00,19.2305,0.0,0.0,0.0,0.0
2024-01-13 07:00:00,19.5805,0.0,11.0,45.49376,275.0
2024-01-13 08:00:00,22.030499,2.0,158.0,489.41418,3950.0
2024-01-13 09:00:00,24.5805,5.0,377.0,703.66144,9425.0
2024-01-13 10:00:00,27.1805,0.0,577.0,813.22363,14425.0
2024-01-13 11:00:00,28.880499,0.0,727.0,869.4994,18175.0
2024-01-13 12:00:00,29.9805,43.0,810.0,894.2931,20250.0
2024-01-13 13:00:00,30.7305,49.0,820.0,897.36664,20500.0
2024-01-13 14:00:00,31.0805,35.0,756.0,878.19855,18900.0
2024-01-13 15:00:00,30.9805,41.0,623.0,832.13257,15575.0
2024-01-13 16:00:00,30.6805,13.0,436.0,743.59924,10900.0
2024-01-13 17:00:00,29.6805,13.0,212.0,539.49713,5300.0
2024-01-13 18:00:00,25.4805,13.0,34.0,142.30295,850.0
2024-01-13 19:00:00,24.9305,26.0,0.0,0.0,0.0
2024-01-13 20:00:00,24.130499,29.0,0.0,0.0,0.0
2024-01-13 21:00:00,23.380499,1.0,0.0,0.0,0.0
2024-01-13 22:00:00,22.280499,0.0,0.0,0.0,0.0
2024-01-13 23:00:00,21.530499,24.0,0.0,0.0,0.0
2024-01-14 00:00:00,22.380499,29.0,0.0,0.0,0.0
2024-01-14 01:00:00,20.9805,36.0,0.0,0.0,0.0
2024-01-14 02:00:00,21.0805,18.0,0.0,0.0,0.0
2024-01-14 03:00:00,20.780499,15.0,0.0,0.0,0.0
2024-01-14 04:00:00,20.280499,1.0,0.0,0.0,0.0
2024-01-14 05:00:00,23.530499,21.0,0.0,0.0,0.0
2024-01-14 06:00:00,23.130499,0.0,0.0,0.0,0.0
2024-01-14 07:00:00,20.8305,0.0,11.0,45.602554,275.0
2024-01-14 08:00:00,22.880499,0.0,158.0,485.2711,3950.0
2024-01-14 09:00:00,24.9805,0.0,376.0,696.2343,9400.0
2024-01-14 10:00:00,26.9805,0.0,576.0,802.2342,14400.0
2024-01-14 11:00:00,28.4305,0.0,727.0,864.0076,18175.0
2024-01-14 12:00:00,29.280499,4.0,812.0,888.7636,20300.0
2024-01-14 13:00:00,29.880499,6.0,820.0,881.39777,20500.0
2024-01-14 14:00:00,30.380499,3.0,756.0,859.4668,18900.0
2024-01-14 15:00:00,30.530499,2.0,626.0,825.86804,15650.0
2024-01-14 16:00:00,30.030499,6.0,437.0,733.44196,10925.0
2024-01-14 17:00:00,28.9805,3.0,220.0,556.4773,5500.0
2024-01-14 18:00:00,26.2305,0.0,36.0,149.19081,900.0
2024-01-14 19:00:00,25.130499,0.0,0.0,0.0,0.0
2024-01-14 20:00:00,23.9805,0.0,0.0,0.0,0.0
2024-01-14 21:00:00,22.7305,2.0,0.0,0.0,0.0
2024-01-14 22:00:00,22.280499,17.0,0.0,0.0,0.0
2024-01-14 23:00:00,21.780499,24.0,0.0,0.0,0.0
2024-01-15 00:00:00,21.630499,22.0,0.0,0.0,0.0
2024-01-15 01:00:00,21.4805,6.0,0.0,0.0,0.0
2024-01-15 02:00:00,20.780499,10.0,0.0,0.0,0.0
2024-01-15 03:00:00,20.3305,6.0,0.0,0.0,0.0
2024-01-15 04:00:00,19.5805,0.0,0.0,0.0,0.0
2024-01-15 05:00:00,20.5805,1.0,0.0,0.0,0.0
2024-01-15 06:00:00,19.3305,0.0,0.0,0.0,0.0
2024-01-15 07:00:00,19.4805,0.0,11.0,45.691597,275.0
2024-01-15 08:00:00,21.3305,0.0,160.0,494.95874,4000.0
2024-01-15 09:00:00,23.8305,0.0,381.0,710.05237,9525.0
2024-01-15 10:00:00,25.7305,0.0,583.0,818.14453,14575.0
2024-01-15 11:00:00,27.280499,0.0,734.0,875.15356,18350.0
2024-01-15 12:00:00,28.4305,0.0,821.0,902.2239,20525.0
2024-01-15 13:00:00,29.0805,0.0,833.0,908.127,20825.0
2024-01-15 14:00:00,29.530499,0.0,770.0,890.46173,19250.0
2024-01-15 15:00:00,29.7305,30.0,636.0,844.74603,15900.0
2024-01-15 16:00:00,29.4805,85.0,445.0,752.6734,11125.0
2024-01-15 17:00:00,28.380499,94.0,225.0,573.10016,5625.0
2024-01-15 18:00:00,25.6805,57.0,37.0,155.92734,925.0
2024-01-15 19:00:00,24.5805,94.0,0.0,0.0,0.0
2024-01-15 20:00:00,23.6805,88.0,0.0,0.0,0.0
2024-01-15 21:00:00,25.380499,88.0,0.0,0.0,0.0
2024-01-15 22:00:00,22.4805,70.0,0.0,0.0,0.0
2024-01-15 23:00:00,21.630499,91.0,0.0,0.0,0.0
2024-01-16 00:00:00,20.780499,100.0,0.0,0.0,0.0
2024-01-16 01:00:00,20.530499,100.0,0.0,0.0,0.0
2024-01-16 02:00:00,20.0805,100.0,0.0,0.0,0.0
2024-01-16 03:00:00,19.530499,98.0,0.0,0.0,0.0
2024-01-16 04:00:00,19.2305,97.0,0.0,0.0,0.0
2024-01-16 05:00:00,18.280499,100.0,0.0,0.0,0.0
2024-01-16 06:00:00,17.880499,93.0,0.0,0.0,0.0
2024-01-16 07:00:00,18.630499,95.0,11.0,45.764984,275.0
2024-01-16 08:00:00,21.1805,98.0,161.0,499.81363,4025.0
2024-01-16 09:00:00,24.0805,94.0,384.0,714.2252,9600.0
2024-01-16 10:00:00,26.2305,100.0,586.0,820.424,14650.0
2024-01-16 11:00:00,27.8305,98.0,737.0,873.6414,18425.0
2024-01-16 12:00:00,29.030499,100.0,823.0,899.0542,20575.0
2024-01-16 13:00:00,29.780499,100.0,835.0,904.57263,20875.0
2024-01-16 14:00:00,30.130499,100.0,769.0,879.6872,19225.0
2024-01-16 15:00:00,30.030499,93.0,632.0,811.70044,15800.0
2024-01-16 16:00:00,29.6805,92.0,449.0,754.9584,11225.0
2024-01-16 17:00:00,28.8305,77.0,228.0,582.2752,5700.0
2024-01-16 18:00:00,27.5805,100.0,38.0,162.51826,950.0
2024-01-16 19:00:00,24.7305,96.0,0.0,0.0,0.0
2024-01-16 20:00:00,22.130499,100.0,0.0,0.0,0.0
2024-01-16 21:00:00,21.380499,98.0,0.0,0.0,0.0
2024-01-16 22:00:00,20.630499,94.0,0.0,0.0,0.0
2024-01-16 23:00:00,20.130499,95.0,0.0,0.0,0.0
2024-01-17 00:00:00,19.530499,100.0,0.0,0.0,0.0
2024-01-17 01:00:00,18.9805,100.0,0.0,0.0,0.0
2024-01-17 02:00:00,18.4305,100.0,0.0,0.0,0.0
2024-01-17 03:00:00,18.8305,100.0,0.0,0.0,0.0
2024-01-17 04:00:00,17.4805,100.0,0.0,0.0,0.0
2024-01-17 05:00:00,16.5805,99.0,0.0,0.0,0.0
2024-01-17 06:00:00,16.4305,94.0,0.0,0.0,0.0
2024-01-17 07:00:00,17.2305,100.0,11.0,45.817837,275.0
2024-01-17 08:00:00,20.7305,70.0,160.0,490.48636,4000.0
2024-01-17 09:00:00,23.4805,76.0,383.0,711.1457,9575.0
2024-01-17 10:00:00,25.4805,44.0,587.0,822.5853,14675.0
2024-01-17 11:00:00,27.030499,52.0,740.0,878.9814,18500.0
2024-01-17 12:00:00,28.2305,90.0,827.0,905.93506,20675.0
2024-01-17 13:00:00,28.880499,92.0,840.0,910.9566,21000.0
2024-01-17 14:00:00,29.1805,95.0,778.0,895.60486,19450.0
2024-01-17 15:00:00,29.3305,87.0,645.0,852.2111,16125.0
2024-01-17 16:00:00,29.1805,99.0,455.0,763.3853,11375.0
2024-01-17 17:00:00,28.1805,100.0,232.0,591.2427,5800.0
2024-01-17 18:00:00,25.4305,63.0,40.0,177.0132,1000.0
2024-01-17 19:00:00,24.2305,6.0,0.0,0.0,0.0
2024-01-17 20:00:00,22.780499,55.0,0.0,0.0,0.0
2024-01-17 21:00:00,21.2305,69.0,0.0,0.0,0.0
2024-01-17 22:00:00,19.7305,52.0,0.0,0.0,0.0
2024-01-17 23:00:00,19.280499,80.0,0.0,0.0,0.0
2024-01-18 00:00:00,18.8305,83.0,0.0,0.0,0.0
2024-01-18 01:00:00,18.630499,82.0,0.0,0.0,0.0
2024-01-18 02:00:00,18.4305,88.0,0.0,0.0,0.0
2024-01-18 03:00:00,18.130499,90.0,0.0,0.0,0.0
2024-01-18 04:00:00,18.0805,86.0,0.0,0.0,0.0
2024-01-18 05:00:00,16.880499,84.0,0.0,0.0,0.0
2024-01-18 06:00:00,17.1805,6.0,0.0,0.0,0.0
2024-01-18 07:00:00,17.3305,3.0,11.0,45.852848,275.0
2024-01-18 08:00:00,20.2305,6.0,158.0,476.32208,3950.0
2024-01-18 09:00:00,22.9305,8.0,379.0,689.0011,9475.0
2024-01-18 10:00:00,24.7305,0.0,581.0,797.7599,14525.0
2024-01-18 11:00:00,26.0805,0.0,734.0,862.0337,18350.0
2024-01-18 12:00:00,27.3305,29.0,822.0,893.76776,20550.0
2024-01-18 13:00:00,28.280499,33.0,749.0,715.3432,18725.0
2024-01-18 14:00:00,28.8305,57.0,625.0,577.41486,15625.0
2024-01-18 15:00:00,29.130499,58.0,542.0,561.21326,13550.0
2024-01-18 16:00:00,28.780499,44.0,358.0,445.67276,8950.0
2024-01-18 17:00:00,28.0805,14.0,191.0,397.68262,4775.0
2024-01-18 18:00:00,25.3305,16.0,40.0,167.31398,1000.0
2024-01-18 19:00:00,22.9305,9.0,0.0,0.0,0.0
2024-01-18 20:00:00,22.4805,0.0,0.0,0.0,0.0
2024-01-18 21:00:00,21.380499,0.0,0.0,0.0,0.0
2024-01-18 22:00:00,20.5805,0.0,0.0,0.0,0.0
2024-01-18 23:00:00,19.630499,0.0,0.0,0.0,0.0
2024-01-19 00:00:00,19.0805,0.0,0.0,0.0,0.0
2024-01-19 01:00:00,18.380499,0.0,0.0,0.0,0.0
2024-01-19 02:00:00,17.8305,0.0,0.0,0.0,0.0
2024-01-19 03:00:00,17.2305,0.0,0.0,0.0,0.0
2024-01-19 04:00:00,17.2305,0.0,0.0,0.0,0.0
2024-01-19 05:00:00,17.280499,0.0,0.0,0.0,0.0
2024-01-19 06:00:00,17.4805,2.0,0.0,0.0,0.0
2024-01-19 07:00:00,17.4805,14.0,11.0,45.868687,275.0
2024-01-19 08:00:00,19.9305,3.0,151.0,424.67453,3775.0
2024-01-19 09:00:00,23.030499,0.0,370.0,659.694,9250.0
2024-01-19 10:00:00,25.280499,0.0,578.0,799.73987,14450.0
2024-01-19 11:00:00,27.1805,0.0,732.0,860.2795,18300.0
2024-01-19 12:00:00,28.6805,0.0,818.0,885.35864,20450.0
2024-01-19 13:00:00,30.030499,27.0,834.0,894.82574,20850.0
2024-01-19 14:00:00,30.5805,41.0,705.0,734.6632,17625.0
2024-01-19 15:00:00,30.3305,30.0,573.0,676.62775,14325.0
2024-01-19 16:00:00,29.780499,0.0,428.0,654.64813,10700.0
2024-01-19 17:00:00,28.5805,12.0,219.0,508.31723,5475.0
2024-01-19 18:00:00,27.280499,24.0,30.0,71.00777,750.0
2024-01-19 19:00:00,25.880499,40.0,0.0,0.0,0.0
2024-01-19 20:00:00,23.5805,6.0,0.0,0.0,0.0
2024-01-19 21:00:00,22.380499,0.0,0.0,0.0,0.0
2024-01-19 22:00:00,21.3305,0.0,0.0,0.0,0.0
2024-01-19 23:00:00,20.530499,0.0,0.0,0.0,0.0
2024-01-20 00:00:00,20.130499,0.0,0.0,0.0,0.0
2024-01-20 01:00:00,19.7305,0.0,0.0,0.0,0.0
2024-01-20 02:00:00,19.030499,0.0,0.0,0.0,0.0
2024-01-20 03:00:00,17.9805,0.0,0.0,0.0,0.0
2024-01-20 04:00:00,18.0805,0.0,0.0,0.0,0.0
2024-01-20 05:00:00,17.4805,0.0,0.0,0.0,0.0
2024-01-20 06:00:00,18.3305,11.0,0.0,0.0,0.0
2024-01-20 07:00:00,19.0805,0.0,10.0,34.398766,250.0
2024-01-20 08:00:00,21.880499,0.0,155.0,466.2106,3875.0
2024-01-20 09:00:00,24.1805,82.0,376.0,684.6541,9400.0
2024-01-20 10:00:00,25.9805,88.0,576.0,791.5718,14400.0
2024-01-20 11:00:00,27.780499,70.0,728.0,848.7875,18200.0
2024-01-20 12:00:00,29.130499,28.0,794.0,836.7157,19850.0
2024-01-20 13:00:00,29.8305,22.0,799.0,822.9069,19975.0
2024-01-20 14:00:00,30.030499,25.0,717.0,730.90765,17925.0
2024-01-20 15:00:00,29.9305,31.0,565.0,636.86914,14125.0
2024-01-20 16:00:00,29.6805,19.0,405.0,591.9203,10125.0
2024-01-20 17:00:00,28.7305,16.0,207.0,455.90222,5175.0
2024-01-20 18:00:00,26.130499,28.0,37.0,140.64307,925.0
2024-01-20 19:00:00,24.8305,14.0,0.0,0.0,0.0
2024-01-20 20:00:00,23.3305,0.0,0.0,0.0,0.0
2024-01-20 21:00:00,22.2305,0.0,0.0,0.0,0.0
2024-01-20 22:00:00,21.3305,0.0,0.0,0.0,0.0
2024-01-20 23:00:00,20.780499,0.0,0.0,0.0,0.0
2024-01-21 00:00:00,20.3305,0.0,0.0,0.0,0.0
2024-01-21 01:00:00,19.530499,0.0,0.0,0.0,0.0
2024-01-21 02:00:00,18.9305,0.0,0.0,0.0,0.0
2024-01-21 03:00:00,18.4805,0.0,0.0,0.0,0.0
2024-01-21 04:00:00,18.130499,0.0,0.0,0.0,0.0
2024-01-21 05:00:00,17.4805,0.0,0.0,0.0,0.0
2024-01-21 06:00:00,17.780499,1.0,0.0,0.0,0.0
2024-01-21 07:00:00,18.280499,1.0,11.0,45.845295,275.0
2024-01-21 08:00:00,21.030499,3.0,156.0,470.24487,3900.0
2024-01-21 09:00:00,24.030499,0.0,377.0,683.48834,9425.0
2024-01-21 10:00:00,26.3305,0.0,582.0,801.71155,14550.0
2024-01-21 11:00:00,27.880499,0.0,738.0,864.8071,18450.0
2024-01-21 12:00:00,28.880499,3.0,826.0,891.00995,20650.0
2024-01-21 13:00:00,29.530499,3.0,837.0,883.57043,20925.0
2024-01-21 14:00:00,30.030499,29.0,771.0,858.8662,19275.0
2024-01-21 15:00:00,30.280499,25.0,616.0,743.3013,15400.0
2024-01-21 16:00:00,30.0805,36.0,432.0,643.53046,10800.0
2024-01-21 17:00:00,29.130499,45.0,217.0,475.74277,5425.0
2024-01-21 18:00:00,26.1805,31.0,42.0,170.2499,1050.0
2024-01-21 19:00:00,25.6805,51.0,0.0,0.0,0.0
2024-01-21 20:00:00,23.780499,8.0,0.0,0.0,0.0
2024-01-21 21:00:00,22.0805,6.0,0.0,0.0,0.0
2024-01-21 22:00:00,21.6805,99.0,0.0,0.0,0.0
2024-01-21 23:00:00,21.0805,27.0,0.0,0.0,0.0
2024-01-22 00:00:00,20.3305,30.0,0.0,0.0,0.0
2024-01-22 01:00:00,20.130499,43.0,0.0,0.0,0.0
2024-01-22 02:00:00,19.880499,0.0,0.0,0.0,0.0
2024-01-22 03:00:00,19.030499,0.0,0.0,0.0,0.0
2024-01-22 04:00:00,18.530499,0.0,0.0,0.0,0.0
2024-01-22 05:00:00,18.3305,0.0,0.0,0.0,0.0
2024-01-22 06:00:00,17.9805,81.0,0.0,0.0,0.0
2024-01-22 07:00:00,18.380499,55.0,11.0,45.80595,275.0
2024-01-22 08:00:00,20.9305,58.0,159.0,488.05103,3975.0
2024-01-22 09:00:00,23.9305,50.0,383.0,703.38104,9575.0
2024-01-22 10:00:00,26.530499,0.0,588.0,815.0492,14700.0
2024-01-22 11:00:00,28.130499,0.0,744.0,873.8077,18600.0
2024-01-22 12:00:00,29.2305,0.0,836.0,904.96606,20900.0
2024-01-22 13:00:00,30.2305,30.0,853.0,913.0275,21325.0
2024-01-22 14:00:00,30.9305,0.0,791.0,896.65,19775.0
2024-01-22 15:00:00,31.0805,0.0,659.0,854.95197,16475.0
2024-01-22 16:00:00,30.630499,0.0,469.0,771.2926,11725.0
2024-01-22 17:00:00,29.3305,0.0,247.0,613.1517,6175.0
2024-01-22 18:00:00,26.0805,0.0,47.0,206.96083,1175.0
2024-01-22 19:00:00,24.630499,0.0,0.0,0.0,0.0
2024-01-22 20:00:00,23.130499,0.0,0.0,0.0,0.0
2024-01-22 21:00:00,21.8305,0.0,0.0,0.0,0.0
2024-01-22 22:00:00,21.0805,0.0,0.0,0.0,0.0
2024-01-22 23:00:00,20.530499,0.0,0.0,0.0,0.0
2024-01-23 00:00:00,20.030499,0.0,0.0,0.0,0.0
2024-01-23 01:00:00,19.7305,0.0,0.0,0.0,0.0
2024-01-23 02:00:00,19.4305,6.0,0.0,0.0,0.0
2024-01-23 03:00:00,18.9305,2.0,0.0,0.0,0.0
2024-01-23 04:00:00,18.530499,6.0,0.0,0.0,0.0
2024-01-23 05:00:00,17.7305,4.0,0.0,0.0,0.0
2024-01-23 06:00:00,17.280499,88.0,0.0,0.0,0.0
2024-01-23 07:00:00,18.030499,98.0,11.0,45.746956,275.0
2024-01-23 08:00:00,22.130499,100.0,163.0,491.71194,4075.0
2024-01-23 09:00:00,23.9305,99.0,390.0,701.9479,9750.0
2024-01-23 10:00:00,26.030499,100.0,589.0,776.67993,14725.0
2024-01-23 11:00:00,27.9305,100.0,753.0,873.09644,18825.0
2024-01-23 12:00:00,29.280499,100.0,843.0,895.1022,21075.0
2024-01-23 13:00:00,29.9805,100.0,843.0,862.4099,21075.0
2024-01-23 14:00:00,30.4305,100.0,794.0,881.8067,19850.0
2024-01-23 15:00:00,30.630499,100.0,659.0,825.53107,16475.0
2024-01-23 16:00:00,30.3305,100.0,470.0,753.07404,11750.0
2024-01-23 17:00:00,28.9805,100.0,245.0,581.2078,6125.0
2024-01-23 18:00:00,25.780499,4.0,48.0,197.42595,1200.0
2024-01-23 19:00:00,23.530499,3.0,0.0,0.0,0.0
2024-01-23 20:00:00,22.1805,33.0,0.0,0.0,0.0
2024-01-23 21:00:00,21.0805,100.0,0.0,0.0,0.0
2024-01-23 22:00:00,20.2305,89.0,0.0,0.0,0.0
2024-01-23 23:00:00,19.280499,99.0,0.0,0.0,0.0
2024-01-24 00:00:00,18.8305,95.0,0.0,0.0,0.0
2024-01-24 01:00:00,18.3305,94.0,0.0,0.0,0.0
2024-01-24 02:00:00,17.5805,94.0,0.0,0.0,0.0
2024-01-24 03:00:00,16.530499,98.0,0.0,0.0,0.0
2024-01-24 04:00:00,15.580501,93.0,0.0,0.0,0.0
2024-01-24 05:00:00,14.7305,46.0,0.0,0.0,0.0
2024-01-24 06:00:00,14.330501,38.0,0.0,0.0,0.0
2024-01-24 07:00:00,14.6305,99.0,12.0,57.087643,300.0
2024-01-24 08:00:00,18.5805,99.0,170.0,536.84467,4250.0
2024-01-24 09:00:00,21.5805,94.0,399.0,726.1714,9975.0
2024-01-24 10:00:00,23.780499,100.0,610.0,832.9773,15250.0
2024-01-24 11:00:00,25.880499,100.0,770.0,890.0916,19250.0
2024-01-24 12:00:00,27.4805,63.0,860.0,915.0739,21500.0
2024-01-24 13:00:00,28.6805,85.0,880.0,941.8826,22000.0
2024-01-24 14:00:00,29.280499,87.0,815.0,921.79346,20375.0
2024-01-24 15:00:00,29.4305,92.0,681.0,878.2421,17025.0
2024-01-24 16:00:00,29.0805,9.0,487.0,786.97754,12175.0
2024-01-24 17:00:00,27.880499,4.0,260.0,642.5531,6500.0
2024-01-24 18:00:00,27.1805,91.0,51.0,225.6906,1275.0
2024-01-24 19:00:00,22.9305,90.0,0.0,0.0,0.0
2024-01-24 20:00:00,20.9805,83.0,0.0,0.0,0.0
2024-01-24 21:00:00,19.6805,3.0,0.0,0.0,0.0
2024-01-24 22:00:00,18.8305,10.0,0.0,0.0,0.0
2024-01-24 23:00:00,18.3305,2.0,0.0,0.0,0.0
2024-01-25 00:00:00,17.6805,0.0,0.0,0.0,0.0
2024-01-25 01:00:00,17.2305,31.0,0.0,0.0,0.0
2024-01-25 02:00:00,16.9805,100.0,0.0,0.0,0.0
2024-01-25 03:00:00,16.380499,100.0,0.0,0.0,0.0
2024-01-25 04:00:00,15.3805,89.0,0.0,0.0,0.0
2024-01-25 05:00:00,15.7805,0.0,0.0,0.0,0.0
2024-01-25 06:00:00,16.7305,9.0,0.0,0.0,0.0
2024-01-25 07:00:00,17.3305,0.0,11.0,45.57452,275.0
2024-01-25 08:00:00,20.2305,76.0,163.0,503.1055,4075.0
2024-01-25 09:00:00,22.630499,0.0,387.0,694.0777,9675.0
2024-01-25 10:00:00,24.880499,0.0,598.0,824.36206,14950.0
2024-01-25 11:00:00,26.880499,0.0,755.0,881.0199,18875.0
2024-01-25 12:00:00,28.4805,0.0,845.0,907.6056,21125.0
2024-01-25 13:00:00,29.4805,0.0,860.0,912.1575,21500.0
2024-01-25 14:00:00,29.9805,0.0,799.0,896.51166,19975.0
2024-01-25 15:00:00,30.0805,0.0,666.0,853.46436,16650.0
2024-01-25 16:00:00,29.880499,0.0,477.0,770.84955,11925.0
2024-01-25 17:00:00,28.9305,0.0,251.0,601.0731,6275.0
2024-01-25 18:00:00,24.9805,0.0,50.0,208.72353,1250.0
2024-01-25 19:00:00,23.780499,7.0,0.0,0.0,0.0
2024-01-25 20:00:00,23.7305,31.0,0.0,0.0,0.0
2024-01-25 21:00:00,24.6805,20.0,0.0,0.0,0.0
2024-01-25 22:00:00,21.4805,12.0,0.0,0.0,0.0
2024-01-25 23:00:00,20.130499,5.0,0.0,0.0,0.0
2024-01-26 00:00:00,19.0805,10.0,0.0,0.0,0.0
2024-01-26 01:00:00,18.880499,3.0,0.0,0.0,0.0
2024-01-26 02:00:00,19.5805,0.0,0.0,0.0,0.0
2024-01-26 03:00:00,20.2305,0.0,0.0,0.0,0.0
2024-01-26 04:00:00,19.9805,0.0,0.0,0.0,0.0
2024-01-26 05:00:00,19.4805,0.0,0.0,0.0,0.0
2024-01-26 06:00:00,18.880499,22.0,0.0,0.0,0.0
2024-01-26 07:00:00,19.1805,13.0,11.0,45.460075,275.0
2024-01-26 08:00:00,21.780499,0.0,162.0,497.00092,4050.0
2024-01-26 09:00:00,24.4305,4.0,389.0,710.9803,9725.0
2024-01-26 10:00:00,26.7305,0.0,595.0,817.3539,14875.0
2024-01-26 11:00:00,28.2305,0.0,752.0,873.2893,18800.0
2024-01-26 12:00:00,29.2305,0.0,842.0,897.6562,21050.0
2024-01-26 13:00:00,29.880499,1.0,856.0,899.621,21400.0
2024-01-26 14:00:00,30.1805,3.0,795.0,881.74115,19875.0
2024-01-26 15:00:00,30.1805,3.0,660.0,831.89087,16500.0
2024-01-26 16:00:00,29.9805,1.0,472.0,746.9955,11800.0
2024-01-26 17:00:00,29.2305,0.0,251.0,592.87933,6275.0
2024-01-26 18:00:00,25.280499,8.0,50.0,206.84923,1250.0
2024-01-26 19:00:00,25.1805,3.0,0.0,0.0,0.0
2024-01-26 20:00:00,24.380499,17.0,0.0,0.0,0.0
2024-01-26 21:00:00,23.9805,5.0,0.0,0.0,0.0
2024-01-26 22:00:00,23.130499,88.0,0.0,0.0,0.0
2024-01-26 23:00:00,20.9805,100.0,0.0,0.0,0.0
2024-01-27 00:00:00,21.130499,98.0,0.0,0.0,0.0
2024-01-27 01:00:00,20.0805,99.0,0.0,0.0,0.0
2024-01-27 02:00:00,19.0805,95.0,0.0,0.0,0.0
2024-01-27 03:00:00,18.2305,99.0,0.0,0.0,0.0
2024-01-27 04:00:00,18.2305,17.0,0.0,0.0,0.0
2024-01-27 05:00:00,18.7305,1.0,0.0,0.0,0.0
2024-01-27 06:00:00,18.6805,4.0,0.0,0.0,0.0
2024-01-27 07:00:00,18.4805,0.0,11.0,45.3269,275.0
2024-01-27 08:00:00,21.030499,0.0,163.0,495.3562,4075.0
2024-01-27 09:00:00,23.5805,3.0,390.0,709.0832,9750.0
2024-01-27 10:00:00,26.380499,0.0,598.0,818.53296,14950.0
2024-01-27 11:00:00,28.280499,23.0,756.0,876.3906,18900.0
2024-01-27 12:00:00,29.2305,10.0,848.0,904.979,21200.0
2024-01-27 13:00:00,30.030499,0.0,866.0,912.6161,21650.0
2024-01-27 14:00:00,30.280499,31.0,805.0,896.73206,20125.0
2024-01-27 15:00:00,30.130499,0.0,673.0,855.43677,16825.0
2024-01-27 16:00:00,29.6805,1.0,484.0,774.51526,12100.0
2024-01-27 17:00:00,28.9805,10.0,258.0,613.9334,6450.0
2024-01-27 18:00:00,25.8305,28.0,50.0,197.70294,1250.0
2024-01-27 19:00:00,24.880499,60.0,0.0,0.0,0.0
2024-01-27 20:00:00,24.880499,66.0,0.0,0.0,0.0
2024-01-27 21:00:00,24.7305,8.0,0.0,0.0,0.0
2024-01-27 22:00:00,23.130499,6.0,0.0,0.0,0.0
2024-01-27 23:00:00,22.9305,0.0,0.0,0.0,0.0
2024-01-28 00:00:00,22.1805,15.0,0.0,0.0,0.0
2024-01-28 01:00:00,21.130499,28.0,0.0,0.0,0.0
2024-01-28 02:00:00,19.9305,13.0,0.0,0.0,0.0
2024-01-28 03:00:00,19.530499,7.0,0.0,0.0,0.0
2024-01-28 04:00:00,19.5805,11.0,0.0,0.0,0.0
2024-01-28 05:00:00,19.380499,24.0,0.0,0.0,0.0
2024-01-28 06:00:00,18.9305,72.0,0.0,0.0,0.0
2024-01-28 07:00:00,18.880499,55.0,12.0,45.17737,300.0
2024-01-28 08:00:00,21.1805,19.0,163.0,493.55798,4075.0
2024-01-28 09:00:00,23.9305,67.0,391.0,707.0846,9775.0
2024-01-28 10:00:00,26.130499,69.0,598.0,813.0547,14950.0
2024-01-28 11:00:00,27.380499,81.0,752.0,857.7689,18800.0
2024-01-28 12:00:00,28.130499,23.0,794.0,745.01904,19850.0
2024-01-28 13:00:00,28.8305,37.0,820.0,786.37604,20500.0
2024-01-28 14:00:00,29.1805,18.0,736.0,708.45593,18400.0
2024-01-28 15:00:00,29.280499,6.0,636.0,728.0992,15900.0
2024-01-28 16:00:00,29.030499,20.0,464.0,702.03674,11600.0
2024-01-28 17:00:00,28.7305,19.0,238.0,522.50104,5950.0
2024-01-28 18:00:00,25.030499,62.0,51.0,195.99263,1275.0
2024-01-28 19:00:00,23.3305,73.0,0.0,0.0,0.0
2024-01-28 20:00:00,22.9805,70.0,0.0,0.0,0.0
2024-01-28 21:00:00,23.030499,82.0,0.0,0.0,0.0
2024-01-28 22:00:00,22.630499,90.0,0.0,0.0,0.0
2024-01-28 23:00:00,21.3305,88.0,0.0,0.0,0.0
2024-01-29 00:00:00,20.0805,97.0,0.0,0.0,0.0
2024-01-29 01:00:00,19.530499,100.0,0.0,0.0,0.0
2024-01-29 02:00:00,19.5805,92.0,0.0,0.0,0.0
2024-01-29 03:00:00,18.3305,81.0,0.0,0.0,0.0
2024-01-29 04:00:00,17.380499,93.0,0.0,0.0,0.0
2024-01-29 05:00:00,18.5805,90.0,0.0,0.0,0.0
2024-01-29 06:00:00,18.1805,98.0,0.0,0.0,0.0
2024-01-29 07:00:00,18.130499,100.0,12.0,45.008797,300.0
2024-01-29 08:00:00,20.9805,64.0,164.0,487.05927,4100.0
2024-01-29 09:00:00,23.6805,61.0,394.0,704.9885,9850.0
2024-01-29 10:00:00,26.3305,53.0,605.0,815.7179,15125.0
2024-01-29 11:00:00,27.9805,89.0,767.0,876.97125,19175.0
2024-01-29 12:00:00,28.880499,66.0,860.0,907.1182,21500.0
2024-01-29 13:00:00,29.5805,56.0,877.0,914.16846,21925.0
2024-01-29 14:00:00,29.9305,47.0,817.0,902.02545,20425.0
2024-01-29 15:00:00,29.9805,27.0,685.0,864.8169,17125.0
2024-01-29 16:00:00,29.5805,62.0,493.0,784.02203,12325.0
2024-01-29 17:00:00,28.7305,63.0,265.0,626.5577,6625.0
2024-01-29 18:00:00,26.8305,30.0,55.0,223.12254,1375.0
2024-01-29 19:00:00,25.0805,35.0,0.0,0.0,0.0
2024-01-29 20:00:00,23.130499,67.0,0.0,0.0,0.0
2024-01-29 21:00:00,23.380499,73.0,0.0,0.0,0.0
2024-01-29 22:00:00,22.530499,19.0,0.0,0.0,0.0
2024-01-29 23:00:00,23.0805,31.0,0.0,0.0,0.0
2024-01-30 00:00:00,20.280499,31.0,0.0,0.0,0.0
2024-01-30 01:00:00,21.9805,100.0,0.0,0.0,0.0
2024-01-30 02:00:00,22.2305,100.0,0.0,0.0,0.0
2024-01-30 03:00:00,20.780499,100.0,0.0,0.0,0.0
2024-01-30 04:00:00,18.5805,99.0,0.0,0.0,0.0
2024-01-30 05:00:00,18.9805,98.0,0.0,0.0,0.0
2024-01-30 06:00:00,18.4305,99.0,0.0,0.0,0.0
2024-01-30 07:00:00,18.530499,98.0,12.0,33.616882,300.0
2024-01-30 08:00:00,20.9305,99.0,160.0,439.66013,4000.0
2024-01-30 09:00:00,23.380499,92.0,384.0,647.4937,9600.0
2024-01-30 10:00:00,26.0805,95.0,597.0,785.6236,14925.0
2024-01-30 11:00:00,27.8305,96.0,759.0,856.99774,18975.0
2024-01-30 12:00:00,28.9305,76.0,853.0,895.90234,21325.0
2024-01-30 13:00:00,29.630499,11.0,871.0,907.6942,21775.0
2024-01-30 14:00:00,30.0805,0.0,812.0,893.785,20300.0
2024-01-30 15:00:00,30.1805,0.0,680.0,852.4485,17000.0
2024-01-30 16:00:00,29.880499,0.0,489.0,768.4255,12225.0
2024-01-30 17:00:00,28.9805,0.0,262.0,605.98114,6550.0
2024-01-30 18:00:00,25.5805,50.0,56.0,221.27522,1400.0
2024-01-30 19:00:00,24.0805,30.0,0.0,0.0,0.0
2024-01-30 20:00:00,23.780499,25.0,0.0,0.0,0.0
2024-01-30 21:00:00,22.4305,15.0,0.0,0.0,0.0
2024-01-30 22:00:00,21.530499,83.0,0.0,0.0,0.0
2024-01-30 23:00:00,20.530499,56.0,0.0,0.0,0.0
2024-01-31 00:00:00,19.130499,11.0,0.0,0.0,0.0
2024-01-31 01:00:00,19.4805,25.0,0.0,0.0,0.0
2024-01-31 02:00:00,19.2305,0.0,0.0,0.0,0.0
2024-01-31 03:00:00,18.9805,21.0,0.0,0.0,0.0
2024-01-31 04:00:00,18.380499,13.0,0.0,0.0,0.0
2024-01-31 05:00:00,18.4305,0.0,0.0,0.0,0.0
2024-01-31 06:00:00,17.380499,0.0,0.0,0.0,0.0
2024-01-31 07:00:00,17.9305,22.0,12.0,55.774704,300.0
2024-01-31 08:00:00,21.030499,16.0,166.0,500.81796,4150.0
2024-01-31 09:00:00,24.0805,0.0,396.0,714.29236,9900.0
2024-01-31 10:00:00,26.2305,0.0,606.0,822.4011,15150.0
2024-01-31 11:00:00,27.780499,0.0,766.0,880.01605,19150.0
2024-01-31 12:00:00,28.880499,0.0,858.0,905.438,21450.0
2024-01-31 13:00:00,29.6805,0.0,875.0,909.63544,21875.0
2024-01-31 14:00:00,30.0805,61.0,817.0,897.0551,20425.0
2024-01-31 15:00:00,29.9305,75.0,686.0,857.8868,17150.0
2024-01-31 16:00:00,29.530499,86.0,495.0,778.0621,12375.0
2024-01-31 17:00:00,28.8305,100.0,268.0,620.2392,6700.0
2024-01-31 18:00:00,26.030499,54.0,58.0,226.56715,1450.0
2024-01-31 19:00:00,23.9805,16.0,0.0,0.0,0.0
2024-01-31 20:00:00,22.1805,5.0,0.0,0.0,0.0
2024-01-31 21:00:00,20.880499,55.0,0.0,0.0,0.0
2024-01-31 22:00:00,19.8305,9.0,0.0,0.0,0.0
2024-01-31 23:00:00,18.780499,83.0,0.0,0.0,0.0
2024-02-01 00:00:00,18.1805,99.0,0.0,0.0,0.0
2024-02-01 01:00:00,17.7305,64.0,0.0,0.0,0.0
2024-02-01 02:00:00,17.380499,100.0,0.0,0.0,0.0
2024-02-01 03:00:00,16.880499,91.0,0.0,0.0,0.0
2024-02-01 04:00:00,16.2305,93.0,0.0,0.0,0.0
2024-02-01 05:00:00,15.7805,66.0,0.0,0.0,0.0
2024-02-01 06:00:00,15.9805,86.0,0.0,0.0,0.0
2024-02-01 07:00:00,16.6805,96.0,12.0,44.399128,300.0
2024-02-01 08:00:00,20.4805,68.0,166.0,466.94824,4150.0
2024-02-01 09:00:00,23.9305,67.0,401.0,714.1602,10025.0
2024-02-01 10:00:00,25.9805,77.0,613.0,828.0395,15325.0
2024-02-01 11:00:00,27.380499,7.0,771.0,876.1019,19275.0
2024-02-01 12:00:00,28.380499,1.0,865.0,911.244,21625.0
2024-02-01 13:00:00,29.1805,0.0,882.0,915.13806,22050.0
2024-02-01 14:00:00,29.630499,0.0,821.0,899.0413,20525.0
2024-02-01 15:00:00,29.7305,64.0,689.0,858.9023,17225.0
2024-02-01 16:00:00,29.3305,53.0,497.0,776.1499,12425.0
2024-02-01 17:00:00,27.8305,70.0,269.0,615.7045,6725.0
2024-02-01 18:00:00,25.2305,43.0,58.0,231.80904,1450.0
2024-02-01 19:00:00,23.280499,56.0,0.0,0.0,0.0
2024-02-01 20:00:00,21.7305,70.0,0.0,0.0,0.0
2024-02-01 21:00:00,20.530499,73.0,0.0,0.0,0.0
2024-02-01 22:00:00,19.4305,81.0,0.0,0.0,0.0
2024-02-01 23:00:00,18.530499,63.0,0.0,0.0,0.0
2024-02-02 00:00:00,17.8305,62.0,0.0,0.0,0.0
2024-02-02 01:00:00,17.1805,43.0,0.0,0.0,0.0
2024-02-02 02:00:00,16.530499,58.0,0.0,0.0,0.0
2024-02-02 03:00:00,16.0805,71.0,0.0,0.0,0.0
2024-02-02 04:00:00,15.330501,84.0,0.0,0.0,0.0
2024-02-02 05:00:00,14.830501,47.0,0.0,0.0,0.0
2024-02-02 06:00:00,15.0305,64.0,0.0,0.0,0.0
2024-02-02 07:00:00,15.6805,90.0,13.0,55.20357,325.0
2024-02-02 08:00:00,19.0805,64.0,172.0,518.1326,4300.0
2024-02-02 09:00:00,22.8305,76.0,408.0,736.732,10200.0
2024-02-02 10:00:00,25.280499,69.0,622.0,844.90137,15550.0
2024-02-02 11:00:00,27.1805,72.0,782.0,897.5024,19550.0
2024-02-02 12:00:00,28.880499,60.0,874.0,919.41156,21850.0
2024-02-02 13:00:00,29.880499,89.0,892.0,925.36084,22300.0
2024-02-02 14:00:00,30.1805,96.0,834.0,912.3951,20850.0
2024-02-02 15:00:00,30.0805,94.0,699.0,870.17255,17475.0
2024-02-02 16:00:00,29.880499,95.0,504.0,785.7461,12600.0
2024-02-02 17:00:00,29.1805,79.0,275.0,629.834,6875.0
2024-02-02 18:00:00,26.030499,89.0,61.0,243.97499,1525.0
2024-02-02 19:00:00,24.1805,88.0,0.0,0.0,0.0
2024-02-02 20:00:00,22.4805,86.0,0.0,0.0,0.0
2024-02-02 21:00:00,21.130499,93.0,0.0,0.0,0.0
2024-02-02 22:00:00,20.6805,96.0,0.0,0.0,0.0
2024-02-02 23:00:00,20.2305,89.0,0.0,0.0,0.0
2024-02-03 00:00:00,19.380499,93.0,0.0,0.0,0.0
2024-02-03 01:00:00,18.130499,88.0,0.0,0.0,0.0
2024-02-03 02:00:00,19.130499,98.0,0.0,0.0,0.0
2024-02-03 03:00:00,19.2305,98.0,0.0,0.0,0.0
2024-02-03 04:00:00,18.5805,94.0,0.0,0.0,0.0
2024-02-03 05:00:00,18.5805,90.0,0.0,0.0,0.0
2024-02-03 06:00:00,18.7305,81.0,0.0,0.0,0.0
2024-02-03 07:00:00,19.280499,96.0,13.0,54.885273,325.0
2024-02-03 08:00:00,22.030499,98.0,168.0,493.05615,4200.0
2024-02-03 09:00:00,24.630499,100.0,386.0,665.8337,9650.0
2024-02-03 10:00:00,27.380499,100.0,608.0,813.1562,15200.0
2024-02-03 11:00:00,29.380499,100.0,768.0,868.17975,19200.0
2024-02-03 12:00:00,30.7305,100.0,859.0,885.209,21475.0
2024-02-03 13:00:00,31.4805,100.0,877.0,892.7453,21925.0
2024-02-03 14:00:00,31.880499,100.0,815.0,868.9659,20375.0
2024-02-03 15:00:00,31.9305,100.0,683.0,833.2783,17075.0
2024-02-03 16:00:00,31.8305,100.0,494.0,755.4067,12350.0
2024-02-03 17:00:00,31.130499,98.0,264.0,573.2898,6600.0
2024-02-03 18:00:00,29.6805,99.0,60.0,221.38466,1500.0
2024-02-03 19:00:00,26.530499,100.0,0.0,0.0,0.0
2024-02-03 20:00:00,25.630499,100.0,0.0,0.0,0.0
2024-02-03 21:00:00,24.780499,100.0,0.0,0.0,0.0
2024-02-03 22:00:00,25.1805,97.0,0.0,0.0,0.0
2024-02-03 23:00:00,24.8305,95.0,0.0,0.0,0.0
2024-02-04 00:00:00,24.5805,95.0,0.0,0.0,0.0
2024-02-04 01:00:00,22.0805,92.0,0.0,0.0,0.0
2024-02-04 02:00:00,23.4305,100.0,0.0,0.0,0.0
2024-02-04 03:00:00,23.280499,100.0,0.0,0.0,0.0
2024-02-04 04:00:00,23.380499,94.0,0.0,0.0,0.0
2024-02-04 05:00:00,22.880499,5.0,0.0,0.0,0.0
2024-02-04 06:00:00,20.630499,1.0,0.0,0.0,0.0
2024-02-04 07:00:00,20.9305,2.0,12.0,54.54254,300.0
2024-02-04 08:00:00,23.4805,2.0,165.0,476.89917,4125.0
2024-02-04 09:00:00,25.9805,28.0,392.0,688.1499,9800.0
2024-02-04 10:00:00,28.280499,78.0,601.0,795.98676,15025.0
2024-02-04 11:00:00,29.8305,93.0,759.0,849.56323,18975.0
2024-02-04 12:00:00,31.280499,96.0,832.0,837.91766,20800.0
2024-02-04 13:00:00,31.9305,94.0,811.0,710.0127,20275.0
2024-02-04 14:00:00,32.3805,91.0,802.0,830.83154,20050.0
2024-02-04 15:00:00,32.5305,10.0,667.0,782.151,16675.0
2024-02-04 16:00:00,32.7805,22.0,483.0,715.92163,12075.0
2024-02-04 17:00:00,32.0305,47.0,243.0,490.16263,6075.0
2024-02-04 18:00:00,30.280499,6.0,58.0,219.7499,1450.0
2024-02-04 19:00:00,29.030499,27.0,0.0,0.0,0.0
2024-02-04 20:00:00,26.380499,10.0,0.0,0.0,0.0
2024-02-04 21:00:00,25.280499,3.0,0.0,0.0,0.0
2024-02-04 22:00:00,24.030499,2.0,0.0,0.0,0.0
2024-02-04 23:00:00,21.780499,0.0,0.0,0.0,0.0
2024-02-05 00:00:00,21.030499,0.0,0.0,0.0,0.0
2024-02-05 01:00:00,20.1805,2.0,0.0,0.0,0.0
2024-02-05 02:00:00,19.780499,3.0,0.0,0.0,0.0
2024-02-05 03:00:00,19.7305,1.0,0.0,0.0,0.0
2024-02-05 04:00:00,19.9805,0.0,0.0,0.0,0.0
2024-02-05 05:00:00,19.6805,0.0,0.0,0.0,0.0
2024-02-05 06:00:00,19.7305,0.0,0.0,0.0,0.0
2024-02-05 07:00:00,20.4305,0.0,13.0,54.178207,325.0
2024-02-05 08:00:00,23.9805,0.0,169.0,491.46866,4225.0
2024-02-05 09:00:00,26.3305,0.0,399.0,705.6516,9975.0
2024-02-05 10:00:00,28.3305,0.0,610.0,812.4931,15250.0
2024-02-05 11:00:00,30.0805,0.0,771.0,869.3085,19275.0
2024-02-05 12:00:00,31.280499,0.0,864.0,896.48346,21600.0
2024-02-05 13:00:00,32.1305,0.0,882.0,901.15857,22050.0
2024-02-05 14:00:00,32.580498,0.0,822.0,884.2433,20550.0
2024-02-05 15:00:00,32.580498,0.0,691.0,844.1655,17275.0
2024-02-05 16:00:00,32.1805,0.0,499.0,759.5452,12475.0
2024-02-05 17:00:00,31.3305,0.0,274.0,610.79315,6850.0
2024-02-05 18:00:00,30.5805,23.0,62.0,238.60704,1550.0
2024-02-05 19:00:00,29.3305,77.0,0.0,0.0,0.0
2024-02-05 20:00:00,27.3305,38.0,0.0,0.0,0.0
2024-02-05 21:00:00,25.880499,11.0,0.0,0.0,0.0
2024-02-05 22:00:00,24.4305,14.0,0.0,0.0,0.0
2024-02-05 23:00:00,23.380499,20.0,0.0,0.0,0.0
2024-02-06 00:00:00,23.3305,11.0,0.0,0.0,0.0
2024-02-06 01:00:00,22.9305,0.0,0.0,0.0,0.0
2024-02-06 02:00:00,22.2305,0.0,0.0,0.0,0.0
2024-02-06 03:00:00,22.130499,0.0,0.0,0.0,0.0
2024-02-06 04:00:00,21.9305,0.0,0.0,0.0,0.0
2024-02-06 05:00:00,21.280499,0.0,0.0,0.0,0.0
2024-02-06 06:00:00,20.7305,0.0,0.0,0.0,0.0
2024-02-06 07:00:00,20.780499,0.0,13.0,53.792385,325.0
2024-02-06 08:00:00,23.530499,0.0,172.0,501.31046,4300.0
2024-02-06 09:00:00,26.4305,0.0,403.0,713.9056,10075.0
2024-02-06 10:00:00,29.4305,0.0,616.0,820.8108,15400.0
2024-02-06 11:00:00,31.4305,0.0,778.0,878.32635,19450.0
2024-02-06 12:00:00,32.580498,0.0,873.0,905.58453,21825.0
2024-02-06 13:00:00,33.2305,0.0,891.0,909.9802,22275.0
2024-02-06 14:00:00,33.580498,0.0,831.0,894.8953,20775.0
2024-02-06 15:00:00,33.6805,0.0,699.0,855.305,17475.0
2024-02-06 16:00:00,33.5305,0.0,508.0,776.57996,12700.0
2024-02-06 17:00:00,32.830498,0.0,279.0,624.71313,6975.0
2024-02-06 18:00:00,28.7305,0.0,66.0,263.98276,1650.0
2024-02-06 19:00:00,27.1805,0.0,0.0,0.0,0.0
2024-02-06 20:00:00,26.1805,0.0,0.0,0.0,0.0
2024-02-06 21:00:00,24.9805,1.0,0.0,0.0,0.0
2024-02-06 22:00:00,24.9305,1.0,0.0,0.0,0.0
2024-02-06 23:00:00,23.7305,0.0,0.0,0.0,0.0
2024-02-07 00:00:00,23.530499,0.0,0.0,0.0,0.0
2024-02-07 01:00:00,22.9805,0.0,0.0,0.0,0.0
2024-02-07 02:00:00,21.6805,0.0,0.0,0.0,0.0
2024-02-07 03:00:00,21.8305,0.0,0.0,0.0,0.0
2024-02-07 04:00:00,23.630499,0.0,0.0,0.0,0.0
2024-02-07 05:00:00,23.2305,0.0,0.0,0.0,0.0
2024-02-07 06:00:00,21.4805,0.0,0.0,0.0,0.0
2024-02-07 07:00:00,20.780499,0.0,14.0,64.064476,350.0
2024-02-07 08:00:00,24.630499,0.0,174.0,506.51645,4350.0
2024-02-07 09:00:00,27.0805,0.0,407.0,717.50055,10175.0
2024-02-07 10:00:00,29.280499,0.0,621.0,827.39343,15525.0
2024-02-07 11:00:00,31.380499,0.0,784.0,883.28766,19600.0
2024-02-07 12:00:00,32.7805,0.0,877.0,908.6243,21925.0
2024-02-07 13:00:00,33.580498,0.0,895.0,912.8601,22375.0
2024-02-07 14:00:00,33.9305,0.0,834.0,895.52686,20850.0
2024-02-07 15:00:00,33.9805,0.0,702.0,856.32263,17550.0
2024-02-07 16:00:00,33.7305,0.0,511.0,778.5761,12775.0
2024-02-07 17:00:00,32.830498,2.0,280.0,620.58997,7000.0
2024-02-07 18:00:00,29.130499,10.0,66.0,262.13855,1650.0
2024-02-07 19:00:00,28.0805,2.0,0.0,0.0,0.0
2024-02-07 20:00:00,28.130499,0.0,0.0,0.0,0.0
2024-02-07 21:00:00,27.7305,0.0,0.0,0.0,0.0
2024-02-07 22:00:00,24.3305,0.0,0.0,0.0,0.0
2024-02-07 23:00:00,23.7305,71.0,0.0,0.0,0.0
2024-02-08 00:00:00,22.9305,97.0,0.0,0.0,0.0
2024-02-08 01:00:00,22.280499,34.0,0.0,0.0,0.0
2024-02-08 02:00:00,20.9305,64.0,0.0,0.0,0.0
2024-02-08 03:00:00,21.1805,0.0,0.0,0.0,0.0
2024-02-08 04:00:00,21.630499,1.0,0.0,0.0,0.0
2024-02-08 05:00:00,21.6805,0.0,0.0,0.0,0.0
2024-02-08 06:00:00,21.530499,3.0,0.0,0.0,0.0
2024-02-08 07:00:00,21.880499,0.0,14.0,63.561573,350.0
2024-02-08 08:00:00,24.3305,0.0,175.0,507.18384,4375.0
2024-02-08 09:00:00,27.2305,1.0,409.0,716.4997,10225.0
2024-02-08 10:00:00,29.5805,33.0,625.0,829.094,15625.0
2024-02-08 11:00:00,31.380499,60.0,788.0,885.5449,19700.0
2024-02-08 12:00:00,32.6805,53.0,885.0,913.9852,22125.0
2024-02-08 13:00:00,33.5305,54.0,903.0,916.8688,22575.0
2024-02-08 14:00:00,33.9805,48.0,843.0,902.33685,21075.0
2024-02-08 15:00:00,34.080498,39.0,709.0,861.62787,17725.0
2024-02-08 16:00:00,33.8805,55.0,515.0,782.43317,12875.0
2024-02-08 17:00:00,32.830498,60.0,284.0,625.457,7100.0
2024-02-08 18:00:00,29.5805,2.0,68.0,267.01804,1700.0
2024-02-08 19:00:00,28.280499,2.0,0.0,0.0,0.0
2024-02-08 20:00:00,28.030499,75.0,0.0,0.0,0.0
2024-02-08 21:00:00,27.280499,19.0,0.0,0.0,0.0
2024-02-08 22:00:00,26.1805,61.0,0.0,0.0,0.0
2024-02-08 23:00:00,24.8305,23.0,0.0,0.0,0.0
2024-02-09 00:00:00,25.1805,19.0,0.0,0.0,0.0
2024-02-09 01:00:00,24.2305,3.0,0.0,0.0,0.0
2024-02-09 02:00:00,23.530499,7.0,0.0,0.0,0.0
2024-02-09 03:00:00,23.380499,0.0,0.0,0.0,0.0
2024-02-09 04:00:00,22.9805,0.0,0.0,0.0,0.0
2024-02-09 05:00:00,22.0805,0.0,0.0,0.0,0.0
2024-02-09 06:00:00,22.0805,75.0,0.0,0.0,0.0
2024-02-09 07:00:00,22.380499,6.0,14.0,52.53205,350.0
2024-02-09 08:00:00,24.880499,12.0,176.0,503.4138,4400.0
2024-02-09 09:00:00,27.8305,26.0,410.0,717.62,10250.0
2024-02-09 10:00:00,30.7305,83.0,625.0,824.39264,15625.0
2024-02-09 11:00:00,32.6805,79.0,786.0,870.7908,19650.0
2024-02-09 12:00:00,33.6305,14.0,881.0,892.033,22025.0
2024-02-09 13:00:00,34.2805,17.0,904.0,915.01434,22600.0
2024-02-09 14:00:00,34.580498,40.0,844.0,900.4638,21100.0
2024-02-09 15:00:00,34.7805,51.0,711.0,856.9407,17775.0
2024-02-09 16:00:00,34.7305,98.0,512.0,762.2878,12800.0
2024-02-09 17:00:00,33.6305,100.0,269.0,524.2762,6725.0
2024-02-09 18:00:00,30.380499,98.0,67.0,238.70515,1675.0
2024-02-09 19:00:00,27.780499,50.0,0.0,0.0,0.0
2024-02-09 20:00:00,25.4805,3.0,0.0,0.0,0.0
2024-02-09 21:00:00,24.780499,2.0,0.0,0.0,0.0
2024-02-09 22:00:00,23.030499,2.0,0.0,0.0,0.0
2024-02-09 23:00:00,23.030499,1.0,0.0,0.0,0.0
2024-02-10 00:00:00,23.5805,0.0,0.0,0.0,0.0
2024-02-10 01:00:00,22.630499,0.0,0.0,0.0,0.0
2024-02-10 02:00:00,22.5805,0.0,0.0,0.0,0.0
2024-02-10 03:00:00,22.7305,0.0,0.0,0.0,0.0
2024-02-10 04:00:00,21.9305,0.0,0.0,0.0,0.0
2024-02-10 05:00:00,21.3305,0.0,0.0,0.0,0.0
2024-02-10 06:00:00,20.6805,0.0,0.0,0.0,0.0
2024-02-10 07:00:00,21.7305,0.0,15.0,62.502087,375.0
2024-02-10 08:00:00,24.6805,0.0,177.0,503.78787,4425.0
2024-02-10 09:00:00,27.6805,0.0,410.0,712.0178,10250.0
2024-02-10 10:00:00,29.7305,0.0,624.0,816.5137,15600.0
2024-02-10 11:00:00,31.130499,0.0,785.0,871.6841,19625.0
2024-02-10 12:00:00,32.1805,0.0,880.0,898.5368,22000.0
2024-02-10 13:00:00,32.9805,0.0,900.0,905.03876,22500.0
2024-02-10 14:00:00,33.2805,1.0,839.0,886.31305,20975.0
2024-02-10 15:00:00,33.2805,6.0,703.0,842.3777,17575.0
2024-02-10 16:00:00,32.8805,48.0,507.0,753.3789,12675.0
2024-02-10 17:00:00,32.080498,49.0,277.0,588.318,6925.0
2024-02-10 18:00:00,28.280499,21.0,71.0,276.6589,1775.0
2024-02-10 19:00:00,26.630499,59.0,0.0,0.0,0.0
2024-02-10 20:00:00,26.530499,73.0,0.0,0.0,0.0
2024-02-10 21:00:00,24.5805,28.0,0.0,0.0,0.0
2024-02-10 22:00:00,23.6805,59.0,0.0,0.0,0.0
2024-02-10 23:00:00,23.030499,83.0,0.0,0.0,0.0
2024-02-11 00:00:00,21.780499,71.0,0.0,0.0,0.0
2024-02-11 01:00:00,21.030499,2.0,0.0,0.0,0.0
2024-02-11 02:00:00,20.630499,0.0,0.0,0.0,0.0
2024-02-11 03:00:00,20.6805,0.0,0.0,0.0,0.0
2024-02-11 04:00:00,20.630499,0.0,0.0,0.0,0.0
2024-02-11 05:00:00,20.630499,2.0,0.0,0.0,0.0
2024-02-11 06:00:00,20.7305,59.0,0.0,0.0,0.0
2024-02-11 07:00:00,21.380499,0.0,15.0,61.95232,375.0
2024-02-11 08:00:00,24.4805,0.0,177.0,491.41556,4425.0
2024-02-11 09:00:00,27.130499,0.0,410.0,704.1863,10250.0
2024-02-11 10:00:00,29.130499,0.0,623.0,811.7709,15575.0
2024-02-11 11:00:00,30.6805,0.0,787.0,869.9434,19675.0
2024-02-11 12:00:00,31.8305,12.0,882.0,896.7386,22050.0
2024-02-11 13:00:00,32.4805,7.0,833.0,800.28955,20825.0
2024-02-11 14:00:00,32.830498,10.0,795.0,813.4605,19875.0
2024-02-11 15:00:00,32.9805,13.0,660.0,753.0603,16500.0
2024-02-11 16:00:00,32.8805,11.0,476.0,675.0625,11900.0
2024-02-11 17:00:00,32.1305,30.0,275.0,564.34845,6875.0
2024-02-11 18:00:00,28.880499,28.0,68.0,255.2459,1700.0
2024-02-11 19:00:00,26.4805,42.0,0.0,0.0,0.0
2024-02-11 20:00:00,28.130499,67.0,0.0,0.0,0.0
2024-02-11 21:00:00,24.630499,16.0,0.0,0.0,0.0
2024-02-11 22:00:00,23.6805,3.0,0.0,0.0,0.0
2024-02-11 23:00:00,22.630499,0.0,0.0,0.0,0.0
2024-02-12 00:00:00,22.4305,0.0,0.0,0.0,0.0
2024-02-12 01:00:00,21.880499,22.0,0.0,0.0,0.0
2024-02-12 02:00:00,21.630499,55.0,0.0,0.0,0.0
2024-02-12 03:00:00,22.130499,89.0,0.0,0.0,0.0
2024-02-12 04:00:00,21.630499,66.0,0.0,0.0,0.0
2024-02-12 05:00:00,21.0805,82.0,0.0,0.0,0.0
2024-02-12 06:00:00,20.5805,79.0,0.0,0.0,0.0
2024-02-12 07:00:00,21.1805,72.0,16.0,61.391247,400.0
2024-02-12 08:00:00,23.630499,87.0,180.0,495.77567,4500.0
2024-02-12 09:00:00,25.7305,86.0,416.0,707.2643,10400.0
2024-02-12 10:00:00,28.380499,91.0,636.0,821.061,15900.0
2024-02-12 11:00:00,30.780499,81.0,800.0,878.5028,20000.0
2024-02-12 12:00:00,32.330498,98.0,900.0,918.3942,22500.0
2024-02-12 13:00:00,33.1305,94.0,918.0,916.3894,22950.0
2024-02-12 14:00:00,33.6305,84.0,860.0,908.3807,21500.0
2024-02-12 15:00:00,33.7305,54.0,727.0,871.35095,18175.0
2024-02-12 16:00:00,33.4305,81.0,531.0,794.1849,13275.0
2024-02-12 17:00:00,32.4305,14.0,298.0,647.70465,7450.0
2024-02-12 18:00:00,29.1805,30.0,75.0,292.6619,1875.0
2024-02-12 19:00:00,26.4805,7.0,0.0,0.0,0.0
2024-02-12 20:00:00,26.7305,93.0,0.0,0.0,0.0
2024-02-12 21:00:00,25.4305,66.0,0.0,0.0,0.0
2024-02-12 22:00:00,22.880499,1.0,0.0,0.0,0.0
2024-02-12 23:00:00,22.4805,0.0,0.0,0.0,0.0
2024-02-13 00:00:00,21.0805,0.0,0.0,0.0,0.0
2024-02-13 01:00:00,22.5805,93.0,0.0,0.0,0.0
2024-02-13 02:00:00,22.130499,90.0,0.0,0.0,0.0
2024-02-13 03:00:00,20.0805,39.0,0.0,0.0,0.0
2024-02-13 04:00:00,19.780499,8.0,0.0,0.0,0.0
2024-02-13 05:00:00,18.9805,66.0,0.0,0.0,0.0
2024-02-13 06:00:00,19.1805,95.0,0.0,0.0,0.0
2024-02-13 07:00:00,20.380499,91.0,16.0,60.819576,400.0
2024-02-13 08:00:00,22.7305,88.0,175.0,433.8369,4375.0
2024-02-13 09:00:00,25.630499,79.0,417.0,692.86017,10425.0
2024-02-13 10:00:00,28.280499,89.0,627.0,768.0393,15675.0
2024-02-13 11:00:00,30.380499,86.0,802.0,879.26154,20050.0
2024-02-13 12:00:00,31.880499,27.0,900.0,914.1756,22500.0
2024-02-13 13:00:00,32.6805,18.0,918.0,916.83905,22950.0
2024-02-13 14:00:00,33.1305,18.0,858.0,902.89453,21450.0
2024-02-13 15:00:00,33.2305,33.0,724.0,862.57446,18100.0
2024-02-13 16:00:00,33.0305,14.0,530.0,787.17596,13250.0
2024-02-13 17:00:00,32.1805,6.0,297.0,641.0197,7425.0
2024-02-13 18:00:00,27.880499,62.0,72.0,271.4732,1800.0
2024-02-13 19:00:00,28.780499,87.0,0.0,0.0,0.0
2024-02-13 20:00:00,25.7305,91.0,0.0,0.0,0.0
2024-02-13 21:00:00,27.630499,91.0,0.0,0.0,0.0
2024-02-13 22:00:00,23.0805,89.0,0.0,0.0,0.0
2024-02-13 23:00:00,21.9805,90.0,0.0,0.0,0.0
2024-02-14 00:00:00,21.130499,98.0,0.0,0.0,0.0
2024-02-14 01:00:00,20.130499,95.0,0.0,0.0,0.0
2024-02-14 02:00:00,19.780499,94.0,0.0,0.0,0.0
2024-02-14 03:00:00,20.130499,99.0,0.0,0.0,0.0
2024-02-14 04:00:00,20.630499,100.0,0.0,0.0,0.0
2024-02-14 05:00:00,19.7305,100.0,0.0,0.0,0.0
2024-02-14 06:00:00,19.630499,93.0,0.0,0.0,0.0
2024-02-14 07:00:00,20.5805,86.0,17.0,60.239895,425.0
2024-02-14 08:00:00,23.530499,97.0,183.0,491.64154,4575.0
2024-02-14 09:00:00,25.530499,94.0,415.0,665.5679,10375.0
2024-02-14 10:00:00,28.3305,100.0,639.0,819.15137,15975.0
2024-02-14 11:00:00,30.5805,100.0,776.0,759.58527,19400.0
2024-02-14 12:00:00,32.0305,93.0,897.0,887.83966,22425.0
2024-02-14 13:00:00,32.9805,98.0,919.0,904.6941,22975.0
2024-02-14 14:00:00,33.3805,98.0,840.0,806.50366,21000.0
2024-02-14 15:00:00,33.3805,100.0,685.0,722.52264,17125.0
2024-02-14 16:00:00,33.1305,100.0,507.0,662.8683,12675.0
2024-02-14 17:00:00,32.2305,99.0,277.0,485.8577,6925.0
2024-02-14 18:00:00,28.130499,94.0,73.0,250.56918,1825.0
2024-02-14 19:00:00,27.130499,75.0,0.0,0.0,0.0
2024-02-14 20:00:00,27.130499,4.0,0.0,0.0,0.0
2024-02-14 21:00:00,26.780499,55.0,0.0,0.0,0.0
2024-02-14 22:00:00,25.130499,100.0,0.0,0.0,0.0
2024-02-14 23:00:00,22.380499,100.0,0.0,0.0,0.0
2024-02-15 00:00:00,21.630499,77.0,0.0,0.0,0.0
2024-02-15 01:00:00,20.2305,46.0,0.0,0.0,0.0
2024-02-15 02:00:00,20.630499,0.0,0.0,0.0,0.0
2024-02-15 03:00:00,20.4305,0.0,0.0,0.0,0.0
2024-02-15 04:00:00,20.8305,51.0,0.0,0.0,0.0
2024-02-15 05:00:00,21.0805,99.0,0.0,0.0,0.0
2024-02-15 06:00:00,21.2305,99.0,0.0,0.0,0.0
2024-02-15 07:00:00,21.780499,100.0,17.0,49.71365,425.0
2024-02-15 08:00:00,24.280499,99.0,166.0,316.8339,4150.0
2024-02-15 09:00:00,26.780499,100.0,385.0,515.95514,9625.0
2024-02-15 10:00:00,29.2305,99.0,593.0,647.7338,14825.0
2024-02-15 11:00:00,30.9305,5.0,754.0,709.66425,18850.0
2024-02-15 12:00:00,32.2805,71.0,894.0,895.35175,22350.0
2024-02-15 13:00:00,33.1305,19.0,911.0,890.3543,22775.0
2024-02-15 14:00:00,33.5305,14.0,835.0,863.0766,20875.0
2024-02-15 15:00:00,33.7805,34.0,676.0,740.85657,16900.0
2024-02-15 16:00:00,33.2305,32.0,414.0,516.2435,10350.0
2024-02-15 17:00:00,32.1305,24.0,216.0,335.34464,5400.0
2024-02-15 18:00:00,29.3305,8.0,72.0,261.875,1800.0
2024-02-15 19:00:00,28.530499,90.0,0.0,0.0,0.0
2024-02-15 20:00:00,27.030499,10.0,0.0,0.0,0.0
2024-02-15 21:00:00,26.030499,1.0,0.0,0.0,0.0
2024-02-15 22:00:00,25.8305,2.0,0.0,0.0,0.0
2024-02-15 23:00:00,23.780499,45.0,0.0,0.0,0.0
2024-02-16 00:00:00,23.6805,66.0,0.0,0.0,0.0
2024-02-16 01:00:00,22.7305,0.0,0.0,0.0,0.0
2024-02-16 02:00:00,21.8305,0.0,0.0,0.0,0.0
2024-02-16 03:00:00,20.630499,0.0,0.0,0.0,0.0
2024-02-16 04:00:00,20.880499,0.0,0.0,0.0,0.0
2024-02-16 05:00:00,20.530499,0.0,0.0,0.0,0.0
2024-02-16 06:00:00,20.880499,0.0,0.0,0.0,0.0
2024-02-16 07:00:00,20.9305,0.0,18.0,78.75629,450.0
2024-02-16 08:00:00,23.3305,0.0,192.0,531.53174,4800.0
2024-02-16 09:00:00,25.8305,0.0,434.0,737.82904,10850.0
2024-02-16 10:00:00,28.4805,0.0,655.0,846.3078,16375.0
2024-02-16 11:00:00,30.530499,0.0,824.0,904.2803,20600.0
2024-02-16 12:00:00,32.0305,0.0,926.0,934.0666,23150.0
2024-02-16 13:00:00,33.0305,0.0,949.0,944.3883,23725.0
2024-02-16 14:00:00,33.580498,0.0,890.0,932.5562,22250.0
2024-02-16 15:00:00,33.580498,0.0,753.0,895.09094,18825.0
2024-02-16 16:00:00,33.0305,0.0,553.0,818.7181,13825.0
2024-02-16 17:00:00,32.1805,0.0,312.0,669.82837,7800.0
2024-02-16 18:00:00,28.780499,0.0,81.0,317.5355,2025.0
2024-02-16 19:00:00,26.8305,0.0,0.0,0.0,0.0
2024-02-16 20:00:00,26.530499,0.0,0.0,0.0,0.0
2024-02-16 21:00:00,25.3305,0.0,0.0,0.0,0.0
2024-02-16 22:00:00,24.1805,0.0,0.0,0.0,0.0
2024-02-16 23:00:00,24.030499,0.0,0.0,0.0,0.0
2024-02-17 00:00:00,23.8305,0.0,0.0,0.0,0.0
2024-02-17 01:00:00,23.1805,0.0,0.0,0.0,0.0
2024-02-17 02:00:00,22.7305,0.0,0.0,0.0,0.0
2024-02-17 03:00:00,22.630499,0.0,0.0,0.0,0.0
2024-02-17 04:00:00,22.030499,0.0,0.0,0.0,0.0
2024-02-17 05:00:00,21.2305,0.0,0.0,0.0,0.0
2024-02-17 06:00:00,20.880499,0.0,0.0,0.0,0.0
2024-02-17 07:00:00,21.0805,30.0,19.0,77.96952,475.0
2024-02-17 08:00:00,23.5805,0.0,192.0,518.8862,4800.0
2024-02-17 09:00:00,26.3305,0.0,433.0,729.7063,10825.0
2024-02-17 10:00:00,28.780499,0.0,653.0,835.20325,16325.0
2024-02-17 11:00:00,30.630499,0.0,821.0,893.468,20525.0
2024-02-17 12:00:00,32.1305,0.0,921.0,924.0785,23025.0
2024-02-17 13:00:00,33.1305,0.0,941.0,931.177,23525.0
2024-02-17 14:00:00,33.580498,0.0,880.0,916.3457,22000.0
2024-02-17 15:00:00,33.580498,18.0,745.0,878.1947,18625.0
2024-02-17 16:00:00,33.5305,0.0,547.0,802.99084,13675.0
2024-02-17 17:00:00,32.7305,0.0,309.0,654.9891,7725.0
2024-02-17 18:00:00,28.4805,1.0,79.0,290.50598,1975.0
2024-02-17 19:00:00,26.880499,3.0,0.0,0.0,0.0
2024-02-17 20:00:00,25.780499,0.0,0.0,0.0,0.0
2024-02-17 21:00:00,25.130499,0.0,0.0,0.0,0.0
2024-02-17 22:00:00,24.0805,0.0,0.0,0.0,0.0
2024-02-17 23:00:00,22.280499,0.0,0.0,0.0,0.0
2024-02-18 00:00:00,21.130499,0.0,0.0,0.0,0.0
2024-02-18 01:00:00,20.9805,0.0,0.0,0.0,0.0
2024-02-18 02:00:00,22.380499,0.0,0.0,0.0,0.0
2024-02-18 03:00:00,21.9805,0.0,0.0,0.0,0.0
2024-02-18 04:00:00,19.4805,0.0,0.0,0.0,0.0
2024-02-18 05:00:00,18.780499,0.0,0.0,0.0,0.0
2024-02-18 06:00:00,20.380499,0.0,0.0,0.0,0.0
2024-02-18 07:00:00,21.1805,0.0,19.0,77.1794,475.0
2024-02-18 08:00:00,24.1805,0.0,193.0,518.24866,4825.0
2024-02-18 09:00:00,26.780499,0.0,432.0,721.6235,10800.0
2024-02-18 10:00:00,29.3305,0.0,648.0,822.6444,16200.0
2024-02-18 11:00:00,31.4805,0.0,813.0,878.93933,20325.0
2024-02-18 12:00:00,32.5305,0.0,910.0,904.9656,22750.0
2024-02-18 13:00:00,33.1805,0.0,931.0,912.4166,23275.0
2024-02-18 14:00:00,33.580498,0.0,870.0,899.0727,21750.0
2024-02-18 15:00:00,33.6805,0.0,736.0,860.0762,18400.0
2024-02-18 16:00:00,33.2805,3.0,540.0,785.6639,13500.0
2024-02-18 17:00:00,32.4305,2.0,304.0,631.986,7600.0
2024-02-18 18:00:00,29.9805,5.0,77.0,276.36887,1925.0
2024-02-18 19:00:00,27.5805,30.0,0.0,0.0,0.0
2024-02-18 20:00:00,25.780499,15.0,0.0,0.0,0.0
2024-02-18 21:00:00,24.0805,6.0,0.0,0.0,0.0
2024-02-18 22:00:00,23.130499,1.0,0.0,0.0,0.0
2024-02-18 23:00:00,22.380499,9.0,0.0,0.0,0.0
2024-02-19 00:00:00,22.030499,81.0,0.0,0.0,0.0
2024-02-19 01:00:00,21.630499,83.0,0.0,0.0,0.0
2024-02-19 02:00:00,21.6805,94.0,0.0,0.0,0.0
2024-02-19 03:00:00,21.1805,83.0,0.0,0.0,0.0
2024-02-19 04:00:00,20.5805,87.0,0.0,0.0,0.0
2024-02-19 05:00:00,20.380499,98.0,0.0,0.0,0.0
2024-02-19 06:00:00,19.9805,94.0,0.0,0.0,0.0
2024-02-19 07:00:00,21.0805,28.0,19.0,66.840775,475.0
2024-02-19 08:00:00,24.780499,51.0,188.0,478.3376,4700.0
2024-02-19 09:00:00,27.2305,85.0,424.0,692.5371,10600.0
2024-02-19 10:00:00,29.0805,94.0,635.0,781.3464,15875.0
2024-02-19 11:00:00,30.780499,98.0,803.0,855.7041,20075.0
2024-02-19 12:00:00,32.3805,99.0,897.0,880.25824,22425.0
2024-02-19 13:00:00,33.1305,99.0,886.0,825.0434,22150.0
2024-02-19 14:00:00,33.2805,100.0,749.0,717.24884,18725.0
2024-02-19 15:00:00,32.8805,100.0,519.0,366.79675,12975.0
2024-02-19 16:00:00,32.0305,100.0,231.0,93.85185,5775.0
2024-02-19 17:00:00,31.4805,100.0,138.0,58.424713,3450.0
2024-02-19 18:00:00,30.030499,95.0,52.0,93.71893,1300.0
2024-02-19 19:00:00,28.2305,95.0,0.0,0.0,0.0
2024-02-19 20:00:00,25.780499,90.0,0.0,0.0,0.0
2024-02-19 21:00:00,24.380499,45.0,0.0,0.0,0.0
2024-02-19 22:00:00,23.0805,30.0,0.0,0.0,0.0
2024-02-19 23:00:00,22.6805,16.0,0.0,0.0,0.0
2024-02-20 00:00:00,22.3305,1.0,0.0,0.0,0.0
2024-02-20 01:00:00,22.380499,0.0,0.0,0.0,0.0
2024-02-20 02:00:00,22.2305,0.0,0.0,0.0,0.0
2024-02-20 03:00:00,22.130499,0.0,0.0,0.0,0.0
2024-02-20 04:00:00,21.6805,0.0,0.0,0.0,0.0
2024-02-20 05:00:00,21.280499,1.0,0.0,0.0,0.0
2024-02-20 06:00:00,21.530499,7.0,0.0,0.0,0.0
2024-02-20 07:00:00,21.4805,7.0,20.0,75.60139,500.0
2024-02-20 08:00:00,24.3305,24.0,194.0,501.24564,4850.0
2024-02-20 09:00:00,27.4305,17.0,435.0,716.07196,10875.0
2024-02-20 10:00:00,29.9305,58.0,654.0,821.9671,16350.0
2024-02-20 11:00:00,31.5805,17.0,820.0,877.7792,20500.0
2024-02-20 12:00:00,32.4805,86.0,918.0,905.9953,22950.0
2024-02-20 13:00:00,33.1305,92.0,937.0,910.1513,23425.0
2024-02-20 14:00:00,33.580498,83.0,875.0,895.8856,21875.0
2024-02-20 15:00:00,33.7305,78.0,743.0,862.6704,18575.0
2024-02-20 16:00:00,33.2805,29.0,540.0,769.207,13500.0
2024-02-20 17:00:00,31.630499,68.0,303.0,625.6373,7575.0
2024-02-20 18:00:00,29.130499,51.0,82.0,304.57626,2050.0
2024-02-20 19:00:00,26.9805,0.0,0.0,0.0,0.0
2024-02-20 20:00:00,25.280499,21.0,0.0,0.0,0.0
2024-02-20 21:00:00,24.1805,55.0,0.0,0.0,0.0
2024-02-20 22:00:00,23.530499,89.0,0.0,0.0,0.0
2024-02-20 23:00:00,22.8305,87.0,0.0,0.0,0.0
2024-02-21 00:00:00,22.780499,95.0,0.0,0.0,0.0
2024-02-21 01:00:00,22.4305,93.0,0.0,0.0,0.0
2024-02-21 02:00:00,22.030499,4.0,0.0,0.0,0.0
2024-02-21 03:00:00,21.9805,0.0,0.0,0.0,0.0
2024-02-21 04:00:00,21.780499,0.0,0.0,0.0,0.0
2024-02-21 05:00:00,21.4305,0.0,0.0,0.0,0.0
2024-02-21 06:00:00,20.880499,0.0,0.0,0.0,0.0
2024-02-21 07:00:00,21.530499,0.0,21.0,84.1692,525.0
2024-02-21 08:00:00,24.780499,0.0,201.0,527.5364,5025.0
2024-02-21 09:00:00,27.530499,0.0,445.0,733.0815,11125.0
2024-02-21 10:00:00,29.880499,0.0,664.0,835.16315,16600.0
2024-02-21 11:00:00,31.630499,0.0,832.0,890.96063,20800.0
2024-02-21 12:00:00,32.7305,0.0,930.0,917.9215,23250.0
2024-02-21 13:00:00,33.3805,0.0,947.0,920.83417,23675.0
2024-02-21 14:00:00,33.580498,0.0,884.0,905.03906,22100.0
2024-02-21 15:00:00,33.7805,0.0,746.0,864.0261,18650.0
2024-02-21 16:00:00,33.830498,0.0,548.0,787.5221,13700.0
2024-02-21 17:00:00,32.080498,0.0,313.0,647.40814,7825.0
2024-02-21 18:00:00,29.4805,0.0,84.0,309.24142,2100.0
2024-02-21 19:00:00,27.130499,0.0,0.0,0.0,0.0
2024-02-21 20:00:00,25.530499,37.0,0.0,0.0,0.0
2024-02-21 21:00:00,24.380499,87.0,0.0,0.0,0.0
2024-02-21 22:00:00,23.380499,86.0,0.0,0.0,0.0
2024-02-21 23:00:00,22.7305,90.0,0.0,0.0,0.0
2024-02-22 00:00:00,22.1805,99.0,0.0,0.0,0.0
2024-02-22 01:00:00,21.530499,98.0,0.0,0.0,0.0
2024-02-22 02:00:00,21.130499,96.0,0.0,0.0,0.0
2024-02-22 03:00:00,20.6805,93.0,0.0,0.0,0.0
2024-02-22 04:00:00,20.4305,96.0,0.0,0.0,0.0
2024-02-22 05:00:00,19.130499,100.0,0.0,0.0,0.0
2024-02-22 06:00:00,18.6805,99.0,0.0,0.0,0.0
2024-02-22 07:00:00,19.030499,100.0,22.0,83.29347,550.0
2024-02-22 08:00:00,22.8305,100.0,204.0,515.1419,5100.0
2024-02-22 09:00:00,26.530499,100.0,449.0,725.0295,11225.0
2024-02-22 10:00:00,28.9805,100.0,670.0,830.26447,16750.0
2024-02-22 11:00:00,30.6805,98.0,838.0,887.87274,20950.0
2024-02-22 12:00:00,31.8305,99.0,936.0,915.0352,23400.0
2024-02-22 13:00:00,32.6805,99.0,952.0,919.1979,23800.0
2024-02-22 14:00:00,33.1805,99.0,888.0,904.7164,22200.0
2024-02-22 15:00:00,33.0305,98.0,752.0,864.06165,18800.0
2024-02-22 16:00:00,32.4805,0.0,555.0,793.5057,13875.0
2024-02-22 17:00:00,31.3305,0.0,317.0,652.59314,7925.0
2024-02-22 18:00:00,28.5805,0.0,85.0,307.7464,2125.0
2024-02-22 19:00:00,26.3305,0.0,0.0,0.0,0.0
2024-02-22 20:00:00,24.4805,0.0,0.0,0.0,0.0
2024-02-22 21:00:00,23.0805,0.0,0.0,0.0,0.0
2024-02-22 22:00:00,21.7305,0.0,0.0,0.0,0.0
2024-02-22 23:00:00,20.6805,0.0,0.0,0.0,0.0
2024-02-23 00:00:00,20.030499,2.0,0.0,0.0,0.0
2024-02-23 01:00:00,19.630499,12.0,0.0,0.0,0.0
2024-02-23 02:00:00,19.130499,26.0,0.0,0.0,0.0
2024-02-23 03:00:00,18.780499,59.0,0.0,0.0,0.0
2024-02-23 04:00:00,18.380499,83.0,0.0,0.0,0.0
2024-02-23 05:00:00,18.130499,15.0,0.0,0.0,0.0
2024-02-23 06:00:00,18.4805,0.0,0.0,0.0,0.0
2024-02-23 07:00:00,19.1805,0.0,23.0,91.568,575.0
2024-02-23 08:00:00,21.880499,0.0,204.0,521.76373,5100.0
2024-02-23 09:00:00,24.9805,0.0,447.0,725.23395,11175.0
2024-02-23 10:00:00,27.780499,0.0,667.0,829.84076,16675.0
2024-02-23 11:00:00,29.630499,0.0,832.0,882.3028,20800.0
2024-02-23 12:00:00,30.880499,0.0,927.0,905.3725,23175.0
2024-02-23 13:00:00,31.7305,0.0,944.0,908.674,23600.0
2024-02-23 14:00:00,32.330498,0.0,881.0,892.62946,22025.0
2024-02-23 15:00:00,32.5305,18.0,745.0,853.2853,18625.0
2024-02-23 16:00:00,32.1805,4.0,547.0,776.8109,13675.0
2024-02-23 17:00:00,31.1805,6.0,311.0,630.5165,7775.0
2024-02-23 18:00:00,29.130499,0.0,83.0,294.05478,2075.0
2024-02-23 19:00:00,26.1805,0.0,0.0,0.0,0.0
2024-02-23 20:00:00,24.7305,0.0,0.0,0.0,0.0
2024-02-23 21:00:00,23.6805,0.0,0.0,0.0,0.0
2024-02-23 22:00:00,22.630499,0.0,0.0,0.0,0.0
2024-02-23 23:00:00,21.6805,0.0,0.0,0.0,0.0
2024-02-24 00:00:00,21.5805,0.0,0.0,0.0,0.0
2024-02-24 01:00:00,21.280499,0.0,0.0,0.0,0.0
2024-02-24 02:00:00,20.4305,0.0,0.0,0.0,0.0
2024-02-24 03:00:00,19.6805,0.0,0.0,0.0,0.0
2024-02-24 04:00:00,19.280499,0.0,0.0,0.0,0.0
2024-02-24 05:00:00,18.880499,0.0,0.0,0.0,0.0
2024-02-24 06:00:00,19.530499,0.0,0.0,0.0,0.0
2024-02-24 07:00:00,20.2305,0.0,24.0,90.57599,600.0
2024-02-24 08:00:00,24.6805,0.0,207.0,528.1149,5175.0
2024-02-24 09:00:00,28.1805,0.0,450.0,727.3938,11250.0
2024-02-24 10:00:00,29.780499,0.0,668.0,827.8782,16700.0
2024-02-24 11:00:00,31.130499,0.0,832.0,877.97833,20800.0
2024-02-24 12:00:00,32.1805,33.0,927.0,901.4013,23175.0
2024-02-24 13:00:00,32.8805,8.0,944.0,904.88135,23600.0
2024-02-24 14:00:00,33.080498,0.0,882.0,888.867,22050.0
2024-02-24 15:00:00,33.0305,0.0,745.0,849.3763,18625.0
2024-02-24 16:00:00,32.8805,0.0,548.0,774.20605,13700.0
2024-02-24 17:00:00,31.6805,0.0,312.0,627.7381,7800.0
2024-02-24 18:00:00,28.030499,0.0,85.0,298.82755,2125.0
2024-02-24 19:00:00,25.630499,0.0,0.0,0.0,0.0
2024-02-24 20:00:00,23.9305,0.0,0.0,0.0,0.0
2024-02-24 21:00:00,22.5805,0.0,0.0,0.0,0.0
2024-02-24 22:00:00,21.5805,0.0,0.0,0.0,0.0
2024-02-24 23:00:00,20.780499,0.0,0.0,0.0,0.0
2024-02-25 00:00:00,20.030499,0.0,0.0,0.0,0.0
2024-02-25 01:00:00,19.130499,0.0,0.0,0.0,0.0
2024-02-25 02:00:00,19.0805,0.0,0.0,0.0,0.0
2024-02-25 03:00:00,19.130499,0.0,0.0,0.0,0.0
2024-02-25 04:00:00,19.4305,0.0,0.0,0.0,0.0
2024-02-25 05:00:00,19.280499,0.0,0.0,0.0,0.0
2024-02-25 06:00:00,18.630499,0.0,0.0,0.0,0.0
2024-02-25 07:00:00,19.630499,8.0,24.0,89.572624,600.0
2024-02-25 08:00:00,22.8305,0.0,207.0,515.66284,5175.0
2024-02-25 09:00:00,26.030499,0.0,450.0,719.259,11250.0
2024-02-25 10:00:00,28.4305,0.0,670.0,822.9229,16750.0
2024-02-25 11:00:00,30.5805,0.0,835.0,874.8918,20875.0
2024-02-25 12:00:00,31.9305,0.0,930.0,899.6991,23250.0
2024-02-25 13:00:00,32.7805,0.0,947.0,904.44324,23675.0
2024-02-25 14:00:00,33.2305,0.0,885.0,891.0141,22125.0
2024-02-25 15:00:00,33.580498,0.0,748.0,850.9256,18700.0
2024-02-25 16:00:00,33.2805,0.0,550.0,775.1445,13750.0
2024-02-25 17:00:00,32.4805,0.0,313.0,627.7668,7825.0
2024-02-25 18:00:00,30.280499,23.0,83.0,285.38412,2075.0
2024-02-25 19:00:00,27.4305,15.0,0.0,0.0,0.0
2024-02-25 20:00:00,26.2305,8.0,0.0,0.0,0.0
2024-02-25 21:00:00,24.9305,2.0,0.0,0.0,0.0
2024-02-25 22:00:00,23.6805,12.0,0.0,0.0,0.0
2024-02-25 23:00:00,23.2305,24.0,0.0,0.0,0.0
2024-02-26 00:00:00,23.030499,23.0,0.0,0.0,0.0
2024-02-26 01:00:00,22.280499,19.0,0.0,0.0,0.0
2024-02-26 02:00:00,21.5805,6.0,0.0,0.0,0.0
2024-02-26 03:00:00,21.380499,19.0,0.0,0.0,0.0
2024-02-26 04:00:00,20.6805,5.0,0.0,0.0,0.0
2024-02-26 05:00:00,21.2305,0.0,0.0,0.0,0.0
2024-02-26 06:00:00,21.7305,4.0,0.0,0.0,0.0
2024-02-26 07:00:00,22.5805,0.0,24.0,88.56497,600.0
2024-02-26 08:00:00,25.3305,36.0,202.0,484.95795,5050.0
2024-02-26 09:00:00,27.8305,58.0,439.0,686.8294,10975.0
2024-02-26 10:00:00,30.280499,74.0,655.0,789.9653,16375.0
2024-02-26 11:00:00,32.0305,25.0,820.0,848.478,20500.0
2024-02-26 12:00:00,33.2805,0.0,918.0,880.06903,22950.0
2024-02-26 13:00:00,34.1305,4.0,935.0,885.25757,23375.0
2024-02-26 14:00:00,34.580498,27.0,869.0,861.61285,21725.0
2024-02-26 15:00:00,34.7305,9.0,733.0,818.89246,18325.0
2024-02-26 16:00:00,34.330498,24.0,472.0,605.0041,11800.0
2024-02-26 17:00:00,33.4305,24.0,266.0,468.88187,6650.0
2024-02-26 18:00:00,30.780499,7.0,77.0,235.81418,1925.0
2024-02-26 19:00:00,28.4805,0.0,0.0,0.0,0.0
2024-02-26 20:00:00,28.3305,26.0,0.0,0.0,0.0
2024-02-26 21:00:00,28.0805,38.0,0.0,0.0,0.0
2024-02-26 22:00:00,26.4805,27.0,0.0,0.0,0.0
2024-02-26 23:00:00,24.130499,3.0,0.0,0.0,0.0
2024-02-27 00:00:00,23.7305,3.0,0.0,0.0,0.0
2024-02-27 01:00:00,24.630499,10.0,0.0,0.0,0.0
2024-02-27 02:00:00,23.880499,0.0,0.0,0.0,0.0
2024-02-27 03:00:00,23.280499,64.0,0.0,0.0,0.0
2024-02-27 04:00:00,22.8305,74.0,0.0,0.0,0.0
2024-02-27 05:00:00,22.3305,88.0,0.0,0.0,0.0
2024-02-27 06:00:00,23.030499,0.0,0.0,0.0,0.0
2024-02-27 07:00:00,23.280499,0.0,25.0,96.309616,625.0
2024-02-27 08:00:00,25.4805,0.0,206.0,494.76163,5150.0
2024-02-27 09:00:00,27.6805,52.0,444.0,692.9819,11100.0
2024-02-27 10:00:00,29.9305,66.0,661.0,796.8773,16525.0
2024-02-27 11:00:00,31.8305,58.0,826.0,854.05035,20650.0
2024-02-27 12:00:00,33.1805,12.0,922.0,882.9172,23050.0
2024-02-27 13:00:00,34.0305,0.0,940.0,888.21295,23500.0
2024-02-27 14:00:00,34.3805,32.0,878.0,873.2101,21950.0
2024-02-27 15:00:00,34.5305,55.0,742.0,832.6735,18550.0
2024-02-27 16:00:00,34.1805,48.0,536.0,730.64886,13400.0
2024-02-27 17:00:00,33.3805,40.0,299.0,566.3172,7475.0
2024-02-27 18:00:00,31.3305,14.0,82.0,270.99213,2050.0
2024-02-27 19:00:00,29.3305,85.0,0.0,0.0,0.0
2024-02-27 20:00:00,29.780499,78.0,0.0,0.0,0.0
2024-02-27 21:00:00,27.130499,76.0,0.0,0.0,0.0
2024-02-27 22:00:00,25.7305,15.0,0.0,0.0,0.0
2024-02-27 23:00:00,24.7305,9.0,0.0,0.0,0.0
2024-02-28 00:00:00,23.9305,1.0,0.0,0.0,0.0
2024-02-28 01:00:00,23.030499,57.0,0.0,0.0,0.0
2024-02-28 02:00:00,22.9305,76.0,0.0,0.0,0.0
2024-02-28 03:00:00,23.030499,89.0,0.0,0.0,0.0
2024-02-28 04:00:00,22.880499,82.0,0.0,0.0,0.0
2024-02-28 05:00:00,23.130499,95.0,0.0,0.0,0.0
2024-02-28 06:00:00,22.4805,88.0,0.0,0.0,0.0
2024-02-28 07:00:00,23.130499,52.0,26.0,95.197845,650.0
2024-02-28 08:00:00,25.6805,32.0,207.0,489.87158,5175.0
2024-02-28 09:00:00,28.1805,62.0,446.0,688.9942,11150.0
2024-02-28 10:00:00,30.380499,90.0,661.0,789.09064,16525.0
2024-02-28 11:00:00,31.9805,95.0,825.0,843.72546,20625.0
2024-02-28 12:00:00,33.1805,98.0,919.0,867.92883,22975.0
2024-02-28 13:00:00,33.9805,8.0,937.0,876.9048,23425.0
2024-02-28 14:00:00,34.4805,8.0,874.0,862.68616,21850.0
2024-02-28 15:00:00,34.7805,27.0,737.0,821.0156,18425.0
2024-02-28 16:00:00,34.830498,6.0,543.0,750.78094,13575.0
2024-02-28 17:00:00,33.9305,48.0,294.0,556.1087,7350.0
2024-02-28 18:00:00,32.3805,3.0,60.0,161.96011,1500.0
2024-02-28 19:00:00,30.2305,13.0,0.0,0.0,0.0
2024-02-28 20:00:00,29.4305,17.0,0.0,0.0,0.0
2024-02-28 21:00:00,28.880499,19.0,0.0,0.0,0.0
2024-02-28 22:00:00,27.9305,42.0,0.0,0.0,0.0
2024-02-28 23:00:00,27.130499,71.0,0.0,0.0,0.0
2024-02-29 00:00:00,26.280499,96.0,0.0,0.0,0.0
2024-02-29 01:00:00,24.9805,100.0,0.0,0.0,0.0
2024-02-29 02:00:00,25.1805,100.0,0.0,0.0,0.0
2024-02-29 03:00:00,24.780499,100.0,0.0,0.0,0.0
2024-02-29 04:00:00,24.280499,97.0,0.0,0.0,0.0
2024-02-29 05:00:00,22.9305,95.0,0.0,0.0,0.0
2024-02-29 06:00:00,22.030499,37.0,0.0,0.0,0.0
2024-02-29 07:00:00,22.630499,1.0,27.0,102.64411,675.0
2024-02-29 08:00:00,25.4305,34.0,213.0,506.39343,5325.0
2024-02-29 09:00:00,27.9805,100.0,452.0,696.9559,11300.0
2024-02-29 10:00:00,30.2305,99.0,652.0,727.5133,16300.0
2024-02-29 11:00:00,32.1805,97.0,821.0,809.17084,20525.0
2024-02-29 12:00:00,33.6305,96.0,914.0,826.3867,22850.0
2024-02-29 13:00:00,34.6305,89.0,930.0,833.94604,23250.0
2024-02-29 14:00:00,35.080498,89.0,879.0,853.4131,21975.0
2024-02-29 15:00:00,34.7305,47.0,747.0,832.13696,18675.0
2024-02-29 16:00:00,34.9805,15.0,546.0,745.1542,13650.0
2024-02-29 17:00:00,35.080498,84.0,310.0,596.6488,7750.0
2024-02-29 18:00:00,32.2805,67.0,54.0,125.493965,1350.0
2024-02-29 19:00:00,30.6805,22.0,0.0,0.0,0.0
2024-02-29 20:00:00,29.380499,13.0,0.0,0.0,0.0
2024-02-29 21:00:00,29.030499,40.0,0.0,0.0,0.0
2024-02-29 22:00:00,28.030499,55.0,0.0,0.0,0.0
2024-02-29 23:00:00,25.6805,65.0,0.0,0.0,0.0
2024-03-01 00:00:00,23.7305,4.0,0.0,0.0,0.0
2024-03-01 01:00:00,22.630499,13.0,0.0,0.0,0.0
2024-03-01 02:00:00,21.9805,77.0,0.0,0.0,0.0
2024-03-01 03:00:00,21.9305,100.0,0.0,0.0,0.0
2024-03-01 04:00:00,21.4805,95.0,0.0,0.0,0.0
2024-03-01 05:00:00,20.130499,31.0,0.0,0.0,0.0
2024-03-01 06:00:00,20.780499,0.0,0.0,0.0,0.0
2024-03-01 07:00:00,22.6805,11.0,29.0,109.89695,725.0
2024-03-01 08:00:00,26.030499,39.0,216.0,511.92093,5400.0
2024-03-01 09:00:00,28.630499,60.0,457.0,700.82745,11425.0
2024-03-01 10:00:00,30.7305,75.0,675.0,802.6362,16875.0
2024-03-01 11:00:00,32.5305,74.0,840.0,858.4002,21000.0
2024-03-01 12:00:00,33.9305,71.0,934.0,879.2377,23350.0
2024-03-01 13:00:00,34.830498,49.0,952.0,889.4764,23800.0
2024-03-01 14:00:00,35.4805,67.0,886.0,873.13696,22150.0
2024-03-01 15:00:00,35.1305,77.0,642.0,587.8775,16050.0
2024-03-01 16:00:00,34.6305,69.0,489.0,577.3437,12225.0
2024-03-01 17:00:00,34.1305,11.0,250.0,437.90796,6250.0
2024-03-01 18:00:00,31.380499,1.0,87.0,285.8004,2175.0
2024-03-01 19:00:00,29.4305,26.0,0.0,0.0,0.0
2024-03-01 20:00:00,28.130499,82.0,0.0,0.0,0.0
2024-03-01 21:00:00,25.6805,82.0,0.0,0.0,0.0
2024-03-01 22:00:00,23.8305,7.0,0.0,0.0,0.0
2024-03-01 23:00:00,22.9305,47.0,0.0,0.0,0.0
2024-03-02 00:00:00,22.3305,1.0,0.0,0.0,0.0
2024-03-02 01:00:00,21.7305,0.0,0.0,0.0,0.0
2024-03-02 02:00:00,20.9805,0.0,0.0,0.0,0.0
2024-03-02 03:00:00,21.7305,0.0,0.0,0.0,0.0
2024-03-02 04:00:00,19.9805,0.0,0.0,0.0,0.0
2024-03-02 05:00:00,19.9805,0.0,0.0,0.0,0.0
2024-03-02 06:00:00,20.380499,0.0,0.0,0.0,0.0
2024-03-02 07:00:00,21.530499,37.0,29.0,108.60666,725.0
2024-03-02 08:00:00,24.280499,91.0,216.0,503.29398,5400.0
2024-03-02 09:00:00,27.630499,88.0,457.0,696.75146,11425.0
2024-03-02 10:00:00,29.9805,85.0,674.0,797.7659,16850.0
2024-03-02 11:00:00,31.630499,94.0,842.0,856.61993,21050.0
2024-03-02 12:00:00,32.9305,93.0,923.0,857.8193,23075.0
2024-03-02 13:00:00,33.580498,97.0,872.0,772.7637,21800.0
2024-03-02 14:00:00,34.2805,100.0,844.0,787.82947,21100.0
2024-03-02 15:00:00,34.3805,94.0,711.0,768.11273,17775.0
2024-03-02 16:00:00,33.0305,85.0,504.0,660.91583,12600.0
2024-03-02 17:00:00,31.3305,94.0,268.0,483.98212,6700.0
2024-03-02 18:00:00,29.280499,97.0,83.0,255.12994,2075.0
2024-03-02 19:00:00,27.6805,99.0,0.0,0.0,0.0
2024-03-02 20:00:00,26.130499,100.0,0.0,0.0,0.0
2024-03-02 21:00:00,24.9305,60.0,0.0,0.0,0.0
2024-03-02 22:00:00,23.9305,0.0,0.0,0.0,0.0
2024-03-02 23:00:00,22.880499,0.0,0.0,0.0,0.0
2024-03-03 00:00:00,22.0805,0.0,0.0,0.0,0.0
2024-03-03 01:00:00,21.4305,1.0,0.0,0.0,0.0
2024-03-03 02:00:00,20.4305,0.0,0.0,0.0,0.0
2024-03-03 03:00:00,19.9805,3.0,0.0,0.0,0.0
2024-03-03 04:00:00,19.8305,49.0,0.0,0.0,0.0
2024-03-03 05:00:00,19.030499,38.0,0.0,0.0,0.0
2024-03-03 06:00:00,19.880499,0.0,0.0,0.0,0.0
2024-03-03 07:00:00,20.8305,0.0,30.0,107.32957,750.0
2024-03-03 08:00:00,24.0805,0.0,218.0,498.24686,5450.0
2024-03-03 09:00:00,26.630499,0.0,457.0,688.78613,11425.0
2024-03-03 10:00:00,28.9305,0.0,672.0,788.6247,16800.0
2024-03-03 11:00:00,30.8305,2.0,836.0,844.0431,20900.0
2024-03-03 12:00:00,32.2805,1.0,930.0,868.4722,23250.0
2024-03-03 13:00:00,33.5305,7.0,942.0,862.9507,23550.0
2024-03-03 14:00:00,33.9805,36.0,863.0,818.05066,21575.0
2024-03-03 15:00:00,33.4805,74.0,671.0,664.2932,16775.0
2024-03-03 16:00:00,33.080498,79.0,483.0,614.97046,12075.0
2024-03-03 17:00:00,32.4805,76.0,299.0,561.4192,7475.0
2024-03-03 18:00:00,30.0805,86.0,84.0,266.09058,2100.0
2024-03-03 19:00:00,28.280499,88.0,0.0,0.0,0.0
2024-03-03 20:00:00,25.1805,83.0,0.0,0.0,0.0
2024-03-03 21:00:00,24.380499,89.0,0.0,0.0,0.0
2024-03-03 22:00:00,23.630499,91.0,0.0,0.0,0.0
2024-03-03 23:00:00,23.0805,97.0,0.0,0.0,0.0
2024-03-04 00:00:00,22.4805,96.0,0.0,0.0,0.0
2024-03-04 01:00:00,22.030499,84.0,0.0,0.0,0.0
2024-03-04 02:00:00,21.7305,89.0,0.0,0.0,0.0
2024-03-04 03:00:00,21.4305,95.0,0.0,0.0,0.0
2024-03-04 04:00:00,20.780499,94.0,0.0,0.0,0.0
2024-03-04 05:00:00,20.4305,90.0,0.0,0.0,0.0
2024-03-04 06:00:00,20.8305,90.0,0.0,0.0,0.0
2024-03-04 07:00:00,21.4805,85.0,31.0,106.06814,775.0
2024-03-04 08:00:00,24.1805,74.0,219.0,493.25726,5475.0
2024-03-04 09:00:00,27.0805,33.0,458.0,682.84357,11450.0
2024-03-04 10:00:00,29.3305,18.0,670.0,772.4119,16750.0
2024-03-04 11:00:00,31.1805,1.0,836.0,836.36084,20900.0
2024-03-04 12:00:00,32.4805,35.0,931.0,865.91785,23275.0
2024-03-04 13:00:00,33.6805,92.0,947.0,872.5781,23675.0
2024-03-04 14:00:00,34.4805,87.0,874.0,841.2734,21850.0
2024-03-04 15:00:00,33.9305,51.0,651.0,633.6288,16275.0
2024-03-04 16:00:00,33.0305,73.0,497.0,632.00507,12425.0
2024-03-04 17:00:00,33.1805,91.0,279.0,472.88705,6975.0
2024-03-04 18:00:00,30.2305,91.0,86.0,277.00613,2150.0
2024-03-04 19:00:00,27.4805,83.0,0.0,0.0,0.0
2024-03-04 20:00:00,25.9305,45.0,0.0,0.0,0.0
2024-03-04 21:00:00,24.880499,86.0,0.0,0.0,0.0
2024-03-04 22:00:00,24.280499,91.0,0.0,0.0,0.0
2024-03-04 23:00:00,23.6805,99.0,0.0,0.0,0.0
2024-03-05 00:00:00,23.0805,92.0,0.0,0.0,0.0
2024-03-05 01:00:00,22.530499,69.0,0.0,0.0,0.0
2024-03-05 02:00:00,21.780499,86.0,0.0,0.0,0.0
2024-03-05 03:00:00,21.530499,86.0,0.0,0.0,0.0
2024-03-05 04:00:00,21.530499,96.0,0.0,0.0,0.0
2024-03-05 05:00:00,21.380499,82.0,0.0,0.0,0.0
2024-03-05 06:00:00,21.530499,32.0,0.0,0.0,0.0
2024-03-05 07:00:00,22.1805,1.0,33.0,120.95173,825.0
2024-03-05 08:00:00,24.4805,13.0,224.0,508.6818,5600.0
2024-03-05 09:00:00,27.8305,31.0,467.0,702.1065,11675.0
2024-03-05 10:00:00,30.7305,1.0,685.0,801.9244,17125.0
2024-03-05 11:00:00,32.5305,6.0,850.0,856.21704,21250.0
2024-03-05 12:00:00,33.7305,0.0,944.0,880.9163,23600.0
2024-03-05 13:00:00,34.7305,0.0,961.0,888.67,24025.0
2024-03-05 14:00:00,35.3805,0.0,899.0,877.0181,22475.0
2024-03-05 15:00:00,35.5305,0.0,757.0,832.29266,18925.0
2024-03-05 16:00:00,34.8805,1.0,557.0,757.16315,13925.0
2024-03-05 17:00:00,33.8805,0.0,321.0,615.4249,8025.0
2024-03-05 18:00:00,31.280499,4.0,90.0,299.6262,2250.0
2024-03-05 19:00:00,28.4305,1.0,0.0,0.0,0.0
2024-03-05 20:00:00,26.4805,0.0,0.0,0.0,0.0
2024-03-05 21:00:00,25.2305,0.0,0.0,0.0,0.0
2024-03-05 22:00:00,24.3305,21.0,0.0,0.0,0.0
2024-03-05 23:00:00,23.9305,56.0,0.0,0.0,0.0
2024-03-06 00:00:00,23.7305,59.0,0.0,0.0,0.0
2024-03-06 01:00:00,23.4305,60.0,0.0,0.0,0.0
2024-03-06 02:00:00,23.1805,77.0,0.0,0.0,0.0
2024-03-06 03:00:00,22.530499,100.0,0.0,0.0,0.0
2024-03-06 04:00:00,21.5805,87.0,0.0,0.0,0.0
2024-03-06 05:00:00,20.4805,86.0,0.0,0.0,0.0
2024-03-06 06:00:00,20.5805,87.0,0.0,0.0,0.0
2024-03-06 07:00:00,21.5805,83.0,34.0,119.540054,850.0
2024-03-06 08:00:00,24.780499,74.0,226.0,506.98944,5650.0
2024-03-06 09:00:00,27.630499,98.0,467.0,696.1473,11675.0
2024-03-06 10:00:00,30.130499,94.0,684.0,792.90656,17100.0
2024-03-06 11:00:00,31.880499,87.0,848.0,846.2098,21200.0
2024-03-06 12:00:00,33.1805,87.0,941.0,872.94635,23525.0
2024-03-06 13:00:00,33.9805,99.0,956.0,875.638,23900.0
2024-03-06 14:00:00,34.4805,34.0,894.0,863.5205,22350.0
2024-03-06 15:00:00,34.5305,6.0,757.0,829.0517,18925.0
2024-03-06 16:00:00,34.830498,87.0,555.0,748.5599,13875.0
2024-03-06 17:00:00,33.6305,74.0,261.0,352.4583,6525.0
2024-03-06 18:00:00,31.4805,88.0,75.0,193.28056,1875.0
2024-03-06 19:00:00,28.6805,58.0,0.0,0.0,0.0
2024-03-06 20:00:00,26.030499,76.0,0.0,0.0,0.0
2024-03-06 21:00:00,24.630499,53.0,0.0,0.0,0.0
2024-03-06 22:00:00,23.530499,7.0,0.0,0.0,0.0
2024-03-06 23:00:00,22.630499,0.0,0.0,0.0,0.0
2024-03-07 00:00:00,22.280499,0.0,0.0,0.0,0.0
2024-03-07 01:00:00,22.1805,0.0,0.0,0.0,0.0
2024-03-07 02:00:00,22.0805,0.0,0.0,0.0,0.0
2024-03-07 03:00:00,21.780499,1.0,0.0,0.0,0.0
2024-03-07 04:00:00,20.9805,0.0,0.0,0.0,0.0
2024-03-07 05:00:00,20.780499,0.0,0.0,0.0,0.0
2024-03-07 06:00:00,21.0805,0.0,0.0,0.0,0.0
2024-03-07 07:00:00,22.280499,1.0,35.0,118.15334,875.0
2024-03-07 08:00:00,25.4305,16.0,230.0,508.64172,5750.0
2024-03-07 09:00:00,28.4805,35.0,476.0,709.38354,11900.0
2024-03-07 10:00:00,30.6805,47.0,696.0,809.40875,17400.0
2024-03-07 11:00:00,32.5305,41.0,862.0,862.3948,21550.0
2024-03-07 12:00:00,33.6805,22.0,956.0,886.8185,23900.0
2024-03-07 13:00:00,34.4805,0.0,971.0,891.71954,24275.0
2024-03-07 14:00:00,34.8805,0.0,905.0,877.4805,22625.0
2024-03-07 15:00:00,34.7805,0.0,765.0,838.98285,19125.0
2024-03-07 16:00:00,34.330498,0.0,564.0,763.5968,14100.0
2024-03-07 17:00:00,33.080498,0.0,325.0,619.52515,8125.0
2024-03-07 18:00:00,30.6805,0.0,94.0,309.49637,2350.0
2024-03-07 19:00:00,29.130499,0.0,0.0,0.0,0.0
2024-03-07 20:00:00,26.780499,0.0,0.0,0.0,0.0
2024-03-07 21:00:00,25.530499,0.0,0.0,0.0,0.0
2024-03-07 22:00:00,24.9305,0.0,0.0,0.0,0.0
2024-03-07 23:00:00,24.6805,0.0,0.0,0.0,0.0
2024-03-08 00:00:00,23.880499,0.0,0.0,0.0,0.0
2024-03-08 01:00:00,22.9805,5.0,0.0,0.0,0.0
2024-03-08 02:00:00,22.280499,3.0,0.0,0.0,0.0
2024-03-08 03:00:00,22.780499,0.0,0.0,0.0,0.0
2024-03-08 04:00:00,22.7305,0.0,0.0,0.0,0.0
2024-03-08 05:00:00,22.3305,0.0,0.0,0.0,0.0
2024-03-08 06:00:00,22.0805,44.0,0.0,0.0,0.0
2024-03-08 07:00:00,23.2305,17.0,37.0,132.36794,925.0
2024-03-08 08:00:00,26.4805,8.0,237.0,530.00903,5925.0
2024-03-08 09:00:00,29.4305,62.0,481.0,716.77997,12025.0
2024-03-08 10:00:00,31.880499,100.0,699.0,808.9191,17475.0
2024-03-08 11:00:00,33.8805,72.0,863.0,859.58795,21575.0
2024-03-08 12:00:00,34.9305,1.0,957.0,886.5455,23925.0
2024-03-08 13:00:00,35.5305,0.0,973.0,893.8318,24325.0
2024-03-08 14:00:00,36.1305,0.0,907.0,877.77893,22675.0
2024-03-08 15:00:00,36.0305,0.0,766.0,838.4547,19150.0
2024-03-08 16:00:00,35.9805,0.0,565.0,761.8334,14125.0
2024-03-08 17:00:00,35.1305,3.0,325.0,617.74084,8125.0
2024-03-08 18:00:00,31.630499,32.0,92.0,291.13385,2300.0
2024-03-08 19:00:00,28.5805,8.0,0.0,0.0,0.0
2024-03-08 20:00:00,26.4305,2.0,0.0,0.0,0.0
2024-03-08 21:00:00,25.780499,1.0,0.0,0.0,0.0
2024-03-08 22:00:00,25.2305,0.0,0.0,0.0,0.0
2024-03-08 23:00:00,24.880499,0.0,0.0,0.0,0.0
2024-03-09 00:00:00,24.280499,0.0,0.0,0.0,0.0
2024-03-09 01:00:00,23.9305,0.0,0.0,0.0,0.0
2024-03-09 02:00:00,23.3305,0.0,0.0,0.0,0.0
2024-03-09 03:00:00,22.630499,0.0,0.0,0.0,0.0
2024-03-09 04:00:00,22.3305,0.0,0.0,0.0,0.0
2024-03-09 05:00:00,22.1805,0.0,0.0,0.0,0.0
2024-03-09 06:00:00,22.5805,0.0,0.0,0.0,0.0
2024-03-09 07:00:00,23.8305,0.0,38.0,138.55865,950.0
2024-03-09 08:00:00,27.380499,0.0,237.0,524.88464,5925.0
2024-03-09 09:00:00,30.030499,0.0,480.0,708.988,12000.0
2024-03-09 10:00:00,32.4805,0.0,698.0,805.66113,17450.0
2024-03-09 11:00:00,34.5305,0.0,860.0,855.65704,21500.0
2024-03-09 12:00:00,35.5305,0.0,952.0,877.6573,23800.0
2024-03-09 13:00:00,36.1305,5.0,966.0,881.00977,24150.0
2024-03-09 14:00:00,36.4805,7.0,900.0,863.3743,22500.0
2024-03-09 15:00:00,36.2305,31.0,754.0,810.56665,18850.0
2024-03-09 16:00:00,36.830498,97.0,503.0,582.65265,12575.0
2024-03-09 17:00:00,35.6805,68.0,240.0,308.00824,6000.0
2024-03-09 18:00:00,32.830498,94.0,66.0,145.15831,1650.0
2024-03-09 19:00:00,28.630499,19.0,0.0,0.0,0.0
2024-03-09 20:00:00,27.2305,3.0,0.0,0.0,0.0
2024-03-09 21:00:00,25.630499,46.0,0.0,0.0,0.0
2024-03-09 22:00:00,25.1805,8.0,0.0,0.0,0.0
2024-03-09 23:00:00,24.630499,9.0,0.0,0.0,0.0
2024-03-10 00:00:00,24.280499,6.0,0.0,0.0,0.0
2024-03-10 01:00:00,24.1805,22.0,0.0,0.0,0.0
2024-03-10 02:00:00,24.4805,82.0,0.0,0.0,0.0
2024-03-10 03:00:00,24.6805,12.0,0.0,0.0,0.0
2024-03-10 04:00:00,23.880499,12.0,0.0,0.0,0.0
2024-03-10 05:00:00,23.7305,0.0,0.0,0.0,0.0
2024-03-10 06:00:00,22.630499,0.0,0.0,0.0,0.0
2024-03-10 07:00:00,24.3305,0.0,38.0,129.38763,950.0
2024-03-10 08:00:00,27.2305,0.0,234.0,503.72812,5850.0
2024-03-10 09:00:00,29.780499,0.0,476.0,691.908,11900.0
2024-03-10 10:00:00,31.9305,0.0,693.0,789.9026,17325.0
2024-03-10 11:00:00,33.6305,0.0,855.0,843.56635,21375.0
2024-03-10 12:00:00,34.830498,0.0,947.0,867.78,23675.0
2024-03-10 13:00:00,35.7805,44.0,950.0,852.2927,23750.0
2024-03-10 14:00:00,36.1305,49.0,810.0,682.659,20250.0
2024-03-10 15:00:00,36.3805,100.0,628.0,554.8931,15700.0
2024-03-10 16:00:00,34.8805,100.0,306.0,183.77174,7650.0
2024-03-10 17:00:00,33.5305,95.0,140.0,69.6946,3500.0
2024-03-10 18:00:00,28.9305,6.0,55.0,98.4377,1375.0
2024-03-10 19:00:00,27.9805,2.0,0.0,0.0,0.0
2024-03-10 20:00:00,26.5805,2.0,0.0,0.0,0.0
2024-03-10 21:00:00,25.6805,8.0,0.0,0.0,0.0
2024-03-10 22:00:00,25.5805,21.0,0.0,0.0,0.0
2024-03-10 23:00:00,25.630499,2.0,0.0,0.0,0.0
2024-03-11 00:00:00,24.780499,2.0,0.0,0.0,0.0
2024-03-11 01:00:00,24.3305,2.0,0.0,0.0,0.0
2024-03-11 02:00:00,23.780499,8.0,0.0,0.0,0.0
2024-03-11 03:00:00,23.280499,15.0,0.0,0.0,0.0
2024-03-11 04:00:00,22.9805,11.0,0.0,0.0,0.0
2024-03-11 05:00:00,22.380499,1.0,0.0,0.0,0.0
2024-03-11 06:00:00,24.630499,0.0,0.0,0.0,0.0
2024-03-11 07:00:00,24.6805,0.0,40.0,135.47827,1000.0
2024-03-11 08:00:00,27.7305,0.0,239.0,514.97736,5975.0
2024-03-11 09:00:00,29.8305,0.0,479.0,691.87683,11975.0
2024-03-11 10:00:00,31.8305,0.0,695.0,788.20825,17375.0
2024-03-11 11:00:00,33.830498,0.0,857.0,840.9633,21425.0
2024-03-11 12:00:00,35.2805,0.0,949.0,865.5348,23725.0
2024-03-11 13:00:00,36.2305,0.0,965.0,874.838,24125.0
2024-03-11 14:00:00,36.4805,1.0,885.0,833.7591,22125.0
2024-03-11 15:00:00,36.330498,2.0,728.0,750.0749,18200.0
2024-03-11 16:00:00,36.2305,20.0,492.0,575.16077,12300.0
2024-03-11 17:00:00,35.830498,29.0,250.0,352.70273,6250.0
2024-03-11 18:00:00,34.0305,69.0,57.0,75.07564,1425.0
2024-03-11 19:00:00,28.630499,87.0,0.0,0.0,0.0
2024-03-11 20:00:00,27.1805,86.0,0.0,0.0,0.0
2024-03-11 21:00:00,26.780499,87.0,0.0,0.0,0.0
2024-03-11 22:00:00,26.030499,64.0,0.0,0.0,0.0
2024-03-11 23:00:00,25.380499,69.0,0.0,0.0,0.0
2024-03-12 00:00:00,24.780499,92.0,0.0,0.0,0.0
2024-03-12 01:00:00,24.3305,72.0,0.0,0.0,0.0
2024-03-12 02:00:00,24.0805,15.0,0.0,0.0,0.0
2024-03-12 03:00:00,24.530499,5.0,0.0,0.0,0.0
2024-03-12 04:00:00,23.2305,35.0,0.0,0.0,0.0
2024-03-12 05:00:00,22.3305,33.0,0.0,0.0,0.0
2024-03-12 06:00:00,23.2305,1.0,0.0,0.0,0.0
2024-03-12 07:00:00,25.280499,1.0,40.0,126.55131,1000.0
2024-03-12 08:00:00,27.5805,0.0,236.0,491.1896,5900.0
2024-03-12 09:00:00,29.780499,0.0,476.0,678.86475,11900.0
2024-03-12 10:00:00,31.780499,0.0,689.0,774.1063,17225.0
2024-03-12 11:00:00,33.4305,0.0,848.0,824.4086,21200.0
2024-03-12 12:00:00,35.080498,34.0,939.0,849.388,23475.0
2024-03-12 13:00:00,35.7805,26.0,863.0,727.42114,21575.0
2024-03-12 14:00:00,35.8805,29.0,783.0,657.31885,19575.0
2024-03-12 15:00:00,35.5305,31.0,673.0,651.3096,16825.0
2024-03-12 16:00:00,35.5305,26.0,499.0,597.27625,12475.0
2024-03-12 17:00:00,34.9805,69.0,261.0,403.15402,6525.0
2024-03-12 18:00:00,32.830498,22.0,87.0,264.96085,2175.0
2024-03-12 19:00:00,28.1805,4.0,0.0,0.0,0.0
2024-03-12 20:00:00,27.280499,2.0,0.0,0.0,0.0
2024-03-12 21:00:00,25.9305,1.0,0.0,0.0,0.0
2024-03-12 22:00:00,24.9305,1.0,0.0,0.0,0.0
2024-03-12 23:00:00,24.4305,1.0,0.0,0.0,0.0
2024-03-13 00:00:00,24.630499,0.0,0.0,0.0,0.0
2024-03-13 01:00:00,24.4805,5.0,0.0,0.0,0.0
2024-03-13 02:00:00,23.9305,3.0,0.0,0.0,0.0
2024-03-13 03:00:00,22.880499,2.0,0.0,0.0,0.0
2024-03-13 04:00:00,22.030499,11.0,0.0,0.0,0.0
2024-03-13 05:00:00,21.630499,26.0,0.0,0.0,0.0
2024-03-13 06:00:00,23.1805,99.0,0.0,0.0,0.0
2024-03-13 07:00:00,24.0805,98.0,28.0,22.092474,700.0
2024-03-13 08:00:00,25.9305,89.0,134.0,43.961166,3350.0
2024-03-13 09:00:00,28.6805,77.0,339.0,257.16254,8475.0
2024-03-13 10:00:00,31.5805,63.0,622.0,604.2618,15550.0
2024-03-13 11:00:00,33.5305,74.0,793.0,682.2582,19825.0
2024-03-13 12:00:00,34.9305,86.0,892.0,740.17645,22300.0
2024-03-13 13:00:00,36.2305,100.0,891.0,702.54486,22275.0
2024-03-13 14:00:00,35.7805,98.0,573.0,274.56558,14325.0
2024-03-13 15:00:00,34.3805,100.0,466.0,287.48663,11650.0
2024-03-13 16:00:00,35.2305,70.0,346.0,225.81789,8650.0
2024-03-13 17:00:00,29.880499,7.0,189.0,166.49466,4725.0
2024-03-13 18:00:00,28.780499,13.0,77.0,206.83556,1925.0
2024-03-13 19:00:00,27.5805,8.0,0.0,0.0,0.0
2024-03-13 20:00:00,25.880499,2.0,0.0,0.0,0.0
2024-03-13 21:00:00,24.380499,0.0,0.0,0.0,0.0
2024-03-13 22:00:00,23.9305,0.0,0.0,0.0,0.0
2024-03-13 23:00:00,23.280499,0.0,0.0,0.0,0.0
2024-03-14 00:00:00,22.5805,0.0,0.0,0.0,0.0
2024-03-14 01:00:00,22.130499,0.0,0.0,0.0,0.0
2024-03-14 02:00:00,21.9305,0.0,0.0,0.0,0.0
2024-03-14 03:00:00,22.0805,0.0,0.0,0.0,0.0
2024-03-14 04:00:00,21.9805,0.0,0.0,0.0,0.0
2024-03-14 05:00:00,21.4305,0.0,0.0,0.0,0.0
2024-03-14 06:00:00,21.8305,0.0,0.0,0.0,0.0
2024-03-14 07:00:00,23.2305,0.0,44.0,145.7053,1100.0
2024-03-14 08:00:00,26.4805,0.0,247.0,519.63446,6175.0
2024-03-14 09:00:00,29.5805,0.0,490.0,695.66077,12250.0
2024-03-14 10:00:00,32.2305,1.0,706.0,793.05005,17650.0
2024-03-14 11:00:00,33.9305,4.0,868.0,841.6214,21700.0
2024-03-14 12:00:00,34.9805,0.0,960.0,866.6081,24000.0
2024-03-14 13:00:00,35.6305,0.0,975.0,875.54034,24375.0
2024-03-14 14:00:00,35.9805,0.0,908.0,860.31537,22700.0
2024-03-14 15:00:00,35.9805,0.0,766.0,822.1131,19150.0
2024-03-14 16:00:00,35.330498,1.0,566.0,750.7447,14150.0
2024-03-14 17:00:00,35.080498,11.0,316.0,572.4025,7900.0
2024-03-14 18:00:00,30.130499,3.0,77.0,189.1427,1925.0
2024-03-14 19:00:00,27.9305,0.0,1.0,0.0,25.0
2024-03-14 20:00:00,26.030499,0.0,0.0,0.0,0.0
2024-03-14 21:00:00,24.880499,0.0,0.0,0.0,0.0
2024-03-14 22:00:00,24.030499,0.0,0.0,0.0,0.0
2024-03-14 23:00:00,23.4805,0.0,0.0,0.0,0.0
2024-03-15 00:00:00,23.030499,0.0,0.0,0.0,0.0
2024-03-15 01:00:00,22.880499,0.0,0.0,0.0,0.0
2024-03-15 02:00:00,22.7305,0.0,0.0,0.0,0.0
2024-03-15 03:00:00,22.630499,0.0,0.0,0.0,0.0
2024-03-15 04:00:00,22.7305,0.0,0.0,0.0,0.0
2024-03-15 05:00:00,22.630499,0.0,0.0,0.0,0.0
2024-03-15 06:00:00,22.4305,0.0,0.0,0.0,0.0
2024-03-15 07:00:00,23.530499,0.0,46.0,158.55275,1150.0
2024-03-15 08:00:00,26.5805,0.0,251.0,521.0731,6275.0
2024-03-15 09:00:00,29.9305,0.0,496.0,704.81604,12400.0
2024-03-15 10:00:00,32.4305,0.0,714.0,801.04865,17850.0
2024-03-15 11:00:00,34.080498,0.0,877.0,851.9105,21925.0
2024-03-15 12:00:00,35.1305,0.0,967.0,874.1282,24175.0
2024-03-15 13:00:00,35.6805,0.0,978.0,876.9028,24450.0
2024-03-15 14:00:00,36.2305,0.0,912.0,863.2094,22800.0
2024-03-15 15:00:00,36.330498,1.0,767.0,819.3833,19175.0
2024-03-15 16:00:00,35.9805,1.0,565.0,744.42096,14125.0
2024-03-15 17:00:00,34.9305,1.0,325.0,596.6081,8125.0
2024-03-15 18:00:00,29.8305,0.0,91.0,274.48978,2275.0
2024-03-15 19:00:00,27.9305,0.0,1.0,0.0,25.0
2024-03-15 20:00:00,26.7305,0.0,0.0,0.0,0.0
2024-03-15 21:00:00,25.630499,0.0,0.0,0.0,0.0
2024-03-15 22:00:00,25.2305,0.0,0.0,0.0,0.0
2024-03-15 23:00:00,25.280499,0.0,0.0,0.0,0.0
2024-03-16 00:00:00,25.030499,0.0,0.0,0.0,0.0
2024-03-16 01:00:00,24.630499,0.0,0.0,0.0,0.0
2024-03-16 02:00:00,24.030499,0.0,0.0,0.0,0.0
2024-03-16 03:00:00,23.780499,0.0,0.0,0.0,0.0
2024-03-16 04:00:00,23.380499,0.0,0.0,0.0,0.0
2024-03-16 05:00:00,21.8305,0.0,0.0,0.0,0.0
2024-03-16 06:00:00,22.530499,0.0,0.0,0.0,0.0
2024-03-16 07:00:00,23.880499,12.0,47.0,156.84567,1175.0
2024-03-16 08:00:00,26.780499,0.0,244.0,473.55487,6100.0
2024-03-16 09:00:00,29.880499,4.0,493.0,692.00433,12325.0
2024-03-16 10:00:00,32.1805,9.0,706.0,778.9767,17650.0
2024-03-16 11:00:00,33.6305,0.0,863.0,817.1444,21575.0
2024-03-16 12:00:00,34.6805,2.0,958.0,857.1796,23950.0
2024-03-16 13:00:00,35.4805,4.0,975.0,871.9775,24375.0
2024-03-16 14:00:00,36.080498,26.0,883.0,810.1859,22075.0
2024-03-16 15:00:00,35.5305,13.0,694.0,645.3856,17350.0
2024-03-16 16:00:00,34.830498,2.0,513.0,607.718,12825.0
2024-03-16 17:00:00,33.6305,0.0,280.0,442.68243,7000.0
2024-03-16 18:00:00,31.8305,1.0,82.0,228.24797,2050.0
2024-03-16 19:00:00,28.2305,0.0,1.0,0.0,25.0
2024-03-16 20:00:00,26.630499,0.0,0.0,0.0,0.0
2024-03-16 21:00:00,25.8305,0.0,0.0,0.0,0.0
2024-03-16 22:00:00,25.030499,0.0,0.0,0.0,0.0
2024-03-16 23:00:00,24.5805,0.0,0.0,0.0,0.0
2024-03-17 00:00:00,24.280499,0.0,0.0,0.0,0.0
2024-03-17 01:00:00,23.9305,0.0,0.0,0.0,0.0
2024-03-17 02:00:00,23.6805,0.0,0.0,0.0,0.0
2024-03-17 03:00:00,23.0805,0.0,0.0,0.0,0.0
2024-03-17 04:00:00,22.4805,0.0,0.0,0.0,0.0
2024-03-17 05:00:00,21.8305,0.0,0.0,0.0,0.0
2024-03-17 06:00:00,22.130499,0.0,0.0,0.0,0.0
2024-03-17 07:00:00,23.4305,0.0,48.0,162.21024,1200.0
2024-03-17 08:00:00,26.780499,5.0,254.0,514.6593,6350.0
2024-03-17 09:00:00,30.1805,9.0,496.0,693.8088,12400.0
2024-03-17 10:00:00,32.2805,10.0,711.0,785.6168,17775.0
2024-03-17 11:00:00,33.9805,26.0,872.0,836.68756,21800.0
2024-03-17 12:00:00,35.080498,21.0,964.0,863.68243,24100.0
2024-03-17 13:00:00,35.9805,16.0,978.0,870.26324,24450.0
2024-03-17 14:00:00,36.580498,0.0,909.0,854.5797,22725.0
2024-03-17 15:00:00,36.9305,68.0,768.0,817.9666,19200.0
2024-03-17 16:00:00,36.6805,98.0,556.0,695.74475,13900.0
2024-03-17 17:00:00,35.1305,94.0,213.0,205.65833,5325.0
2024-03-17 18:00:00,32.7805,6.0,83.0,210.69722,2075.0
2024-03-17 19:00:00,28.4805,0.0,1.0,0.0,25.0
2024-03-17 20:00:00,27.3305,6.0,0.0,0.0,0.0
2024-03-17 21:00:00,26.4305,4.0,0.0,0.0,0.0
2024-03-17 22:00:00,25.5805,0.0,0.0,0.0,0.0
2024-03-17 23:00:00,25.130499,0.0,0.0,0.0,0.0
2024-03-18 00:00:00,25.030499,0.0,0.0,0.0,0.0
2024-03-18 01:00:00,24.6805,0.0,0.0,0.0,0.0
2024-03-18 02:00:00,24.030499,0.0,0.0,0.0,0.0
2024-03-18 03:00:00,23.2305,3.0,0.0,0.0,0.0
2024-03-18 04:00:00,23.030499,15.0,0.0,0.0,0.0
2024-03-18 05:00:00,22.880499,28.0,0.0,0.0,0.0
2024-03-18 06:00:00,21.9305,56.0,0.0,0.0,0.0
2024-03-18 07:00:00,23.530499,6.0,44.0,104.65374,1100.0
2024-03-18 08:00:00,27.030499,1.0,242.0,431.9947,6050.0
2024-03-18 09:00:00,29.7305,0.0,496.0,682.9761,12400.0
2024-03-18 10:00:00,31.880499,17.0,711.0,781.3873,17775.0
2024-03-18 11:00:00,33.4305,39.0,873.0,835.4864,21825.0
2024-03-18 12:00:00,34.580498,49.0,962.0,855.3672,24050.0
2024-03-18 13:00:00,35.7305,76.0,972.0,856.00714,24300.0
2024-03-18 14:00:00,36.4305,63.0,801.0,644.59753,20025.0
2024-03-18 15:00:00,37.0305,92.0,680.0,595.8292,17000.0
2024-03-18 16:00:00,36.4305,99.0,447.0,421.40048,11175.0
2024-03-18 17:00:00,34.6305,44.0,207.0,197.65984,5175.0
2024-03-18 18:00:00,31.3305,2.0,94.0,278.48993,2350.0
2024-03-18 19:00:00,29.0805,1.0,1.0,0.0,25.0
2024-03-18 20:00:00,27.6805,0.0,0.0,0.0,0.0
2024-03-18 21:00:00,26.630499,1.0,0.0,0.0,0.0
2024-03-18 22:00:00,25.880499,11.0,0.0,0.0,0.0
2024-03-18 23:00:00,25.1805,2.0,0.0,0.0,0.0
2024-03-19 00:00:00,24.880499,0.0,0.0,0.0,0.0
2024-03-19 01:00:00,24.880499,0.0,0.0,0.0,0.0
2024-03-19 02:00:00,24.630499,0.0,0.0,0.0,0.0
2024-03-19 03:00:00,24.3305,0.0,0.0,0.0,0.0
2024-03-19 04:00:00,23.780499,0.0,0.0,0.0,0.0
2024-03-19 05:00:00,23.030499,0.0,0.0,0.0,0.0
2024-03-19 06:00:00,23.380499,0.0,0.0,0.0,0.0
2024-03-19 07:00:00,24.280499,0.0,52.0,172.55756,1300.0
2024-03-19 08:00:00,27.130499,0.0,259.0,520.259,6475.0
2024-03-19 09:00:00,29.8305,0.0,502.0,693.77124,12550.0
2024-03-19 10:00:00,31.9305,1.0,718.0,790.6986,17950.0
2024-03-19 11:00:00,33.4805,6.0,876.0,835.4632,21900.0
2024-03-19 12:00:00,34.6305,0.0,963.0,850.2927,24075.0
2024-03-19 13:00:00,35.4305,0.0,976.0,862.7866,24400.0
2024-03-19 14:00:00,35.7305,2.0,911.0,857.3259,22775.0
2024-03-19 15:00:00,35.8805,1.0,764.0,806.5063,19100.0
2024-03-19 16:00:00,35.6305,23.0,537.0,677.1773,13425.0
2024-03-19 17:00:00,34.7805,33.0,245.0,326.301,6125.0
2024-03-19 18:00:00,32.5305,0.0,94.0,283.65002,2350.0
2024-03-19 19:00:00,29.9805,0.0,1.0,0.0,25.0
2024-03-19 20:00:00,28.280499,0.0,0.0,0.0,0.0
2024-03-19 21:00:00,27.280499,0.0,0.0,0.0,0.0
2024-03-19 22:00:00,26.630499,0.0,0.0,0.0,0.0
2024-03-19 23:00:00,26.280499,0.0,0.0,0.0,0.0
2024-03-20 00:00:00,25.630499,0.0,0.0,0.0,0.0
2024-03-20 01:00:00,24.780499,0.0,0.0,0.0,0.0
2024-03-20 02:00:00,24.5805,0.0,0.0,0.0,0.0
2024-03-20 03:00:00,24.1805,0.0,0.0,0.0,0.0
2024-03-20 04:00:00,24.030499,0.0,0.0,0.0,0.0
2024-03-20 05:00:00,23.9305,0.0,0.0,0.0,0.0
2024-03-20 06:00:00,23.780499,0.0,0.0,0.0,0.0
2024-03-20 07:00:00,24.9305,0.0,55.0,184.38335,1375.0
2024-03-20 08:00:00,27.7305,0.0,268.0,542.116,6700.0
2024-03-20 09:00:00,30.3305,0.0,513.0,713.3817,12825.0
2024-03-20 10:00:00,32.5305,0.0,729.0,803.99866,18225.0
2024-03-20 11:00:00,34.2305,0.0,887.0,849.16724,22175.0
2024-03-20 12:00:00,35.2805,0.0,975.0,869.5181,24375.0
2024-03-20 13:00:00,35.830498,0.0,985.0,871.67365,24625.0
2024-03-20 14:00:00,36.1805,0.0,915.0,855.98267,22875.0
2024-03-20 15:00:00,36.1805,0.0,772.0,816.87994,19300.0
2024-03-20 16:00:00,35.830498,0.0,569.0,740.2245,14225.0
2024-03-20 17:00:00,34.7805,0.0,329.0,595.9163,8225.0
2024-03-20 18:00:00,32.2805,0.0,97.0,300.14212,2425.0
2024-03-20 19:00:00,29.780499,0.0,1.0,0.0,25.0
2024-03-20 20:00:00,28.9305,0.0,0.0,0.0,0.0
2024-03-20 21:00:00,29.030499,0.0,0.0,0.0,0.0
2024-03-20 22:00:00,26.8305,0.0,0.0,0.0,0.0
2024-03-20 23:00:00,24.8305,0.0,0.0,0.0,0.0
2024-03-21 00:00:00,23.9805,2.0,0.0,0.0,0.0
2024-03-21 01:00:00,24.530499,12.0,0.0,0.0,0.0
2024-03-21 02:00:00,24.030499,9.0,0.0,0.0,0.0
2024-03-21 03:00:00,23.630499,0.0,0.0,0.0,0.0
2024-03-21 04:00:00,23.4305,2.0,0.0,0.0,0.0
2024-03-21 05:00:00,23.280499,9.0,0.0,0.0,0.0
2024-03-21 06:00:00,23.280499,1.0,0.0,0.0,0.0
2024-03-21 07:00:00,24.280499,0.0,55.0,168.92645,1375.0
2024-03-21 08:00:00,26.5805,0.0,263.0,516.8628,6575.0
2024-03-21 09:00:00,29.0805,0.0,505.0,690.22314,12625.0
2024-03-21 10:00:00,31.380499,0.0,718.0,782.39795,17950.0
2024-03-21 11:00:00,33.080498,30.0,874.0,825.2673,21850.0
2024-03-21 12:00:00,34.2305,45.0,960.0,844.52826,24000.0
2024-03-21 13:00:00,35.2305,87.0,977.0,855.5322,24425.0
2024-03-21 14:00:00,35.9805,20.0,903.0,832.49054,22575.0
2024-03-21 15:00:00,35.7805,41.0,748.0,763.3424,18700.0
2024-03-21 16:00:00,35.7805,43.0,514.0,599.901,12850.0
2024-03-21 17:00:00,34.580498,64.0,237.0,360.48767,5925.0
2024-03-21 18:00:00,32.7805,55.0,54.0,67.84299,1350.0
2024-03-21 19:00:00,30.9305,59.0,0.0,0.0,0.0
2024-03-21 20:00:00,27.0805,15.0,0.0,0.0,0.0
2024-03-21 21:00:00,26.030499,39.0,0.0,0.0,0.0
2024-03-21 22:00:00,25.1805,10.0,0.0,0.0,0.0
2024-03-21 23:00:00,24.2305,2.0,0.0,0.0,0.0
2024-03-22 00:00:00,23.3305,3.0,0.0,0.0,0.0
2024-03-22 01:00:00,22.7305,8.0,0.0,0.0,0.0
2024-03-22 02:00:00,22.4805,7.0,0.0,0.0,0.0
2024-03-22 03:00:00,22.2305,5.0,0.0,0.0,0.0
2024-03-22 04:00:00,21.9305,8.0,0.0,0.0,0.0
2024-03-22 05:00:00,21.6805,25.0,0.0,0.0,0.0
2024-03-22 06:00:00,22.5805,100.0,0.0,0.0,0.0
2024-03-22 07:00:00,23.2305,54.0,45.0,80.23841,1125.0
2024-03-22 08:00:00,25.8305,1.0,239.0,364.70355,5975.0
2024-03-22 09:00:00,28.880499,21.0,497.0,663.7902,12425.0
2024-03-22 10:00:00,30.4805,21.0,626.0,603.4432,15650.0
2024-03-22 11:00:00,32.080498,23.0,771.0,659.61615,19275.0
2024-03-22 12:00:00,33.7305,32.0,885.0,713.6813,22125.0
2024-03-22 13:00:00,34.7305,17.0,876.0,700.9642,21900.0
2024-03-22 14:00:00,35.2305,49.0,828.0,721.5517,20700.0
2024-03-22 15:00:00,34.830498,58.0,667.0,600.1734,16675.0
2024-03-22 16:00:00,34.6805,54.0,454.0,466.53418,11350.0
2024-03-22 17:00:00,33.4805,39.0,251.0,352.36902,6275.0
2024-03-22 18:00:00,32.580498,43.0,74.0,191.91383,1850.0
2024-03-22 19:00:00,31.1805,39.0,1.0,0.0,25.0
2024-03-22 20:00:00,27.2305,27.0,0.0,0.0,0.0
2024-03-22 21:00:00,26.3305,7.0,0.0,0.0,0.0
2024-03-22 22:00:00,25.780499,36.0,0.0,0.0,0.0
2024-03-22 23:00:00,25.380499,49.0,0.0,0.0,0.0
2024-03-23 00:00:00,25.0805,7.0,0.0,0.0,0.0
2024-03-23 01:00:00,24.380499,27.0,0.0,0.0,0.0
2024-03-23 02:00:00,24.130499,11.0,0.0,0.0,0.0
2024-03-23 03:00:00,23.880499,6.0,0.0,0.0,0.0
2024-03-23 04:00:00,23.530499,1.0,0.0,0.0,0.0
2024-03-23 05:00:00,22.880499,0.0,0.0,0.0,0.0
2024-03-23 06:00:00,23.9305,92.0,0.0,0.0,0.0
2024-03-23 07:00:00,25.9305,91.0,49.0,86.02842,1225.0
2024-03-23 08:00:00,28.6805,18.0,183.0,146.33688,4575.0
2024-03-23 09:00:00,31.4805,22.0,458.0,519.9552,11450.0
2024-03-23 10:00:00,32.2805,17.0,590.0,556.13745,14750.0
2024-03-23 11:00:00,33.8805,9.0,819.0,712.27594,20475.0
2024-03-23 12:00:00,35.0305,17.0,883.0,731.0902,22075.0
2024-03-23 13:00:00,35.580498,23.0,847.0,680.0497,21175.0
2024-03-23 14:00:00,36.2305,45.0,793.0,670.7367,19825.0
2024-03-23 15:00:00,35.580498,35.0,599.0,526.73,14975.0
2024-03-23 16:00:00,35.4305,47.0,480.0,547.71027,12000.0
2024-03-23 17:00:00,34.2805,33.0,226.0,316.6551,5650.0
2024-03-23 18:00:00,33.0305,24.0,80.0,219.79861,2000.0
2024-03-23 19:00:00,31.4305,49.0,1.0,0.0,25.0
2024-03-23 20:00:00,27.780499,31.0,0.0,0.0,0.0
2024-03-23 21:00:00,27.0805,19.0,0.0,0.0,0.0
2024-03-23 22:00:00,26.4805,10.0,0.0,0.0,0.0
2024-03-23 23:00:00,26.280499,2.0,0.0,0.0,0.0
2024-03-24 00:00:00,25.9805,1.0,0.0,0.0,0.0
2024-03-24 01:00:00,26.0805,9.0,0.0,0.0,0.0
2024-03-24 02:00:00,25.880499,17.0,0.0,0.0,0.0
2024-03-24 03:00:00,25.7305,21.0,0.0,0.0,0.0
2024-03-24 04:00:00,25.1805,21.0,0.0,0.0,0.0
2024-03-24 05:00:00,25.1805,26.0,0.0,0.0,0.0
2024-03-24 06:00:00,25.1805,34.0,0.0,0.0,0.0
2024-03-24 07:00:00,26.4805,65.0,51.0,137.55403,1275.0
2024-03-24 08:00:00,28.280499,40.0,210.0,264.5657,5250.0
2024-03-24 09:00:00,30.630499,1.0,430.0,457.97208,10750.0
2024-03-24 10:00:00,33.1805,0.0,717.0,766.4227,17925.0
2024-03-24 11:00:00,34.9305,0.0,879.0,824.5703,21975.0
2024-03-24 12:00:00,37.3805,100.0,966.0,846.7301,24150.0
2024-03-24 13:00:00,38.1305,76.0,860.0,599.02484,21500.0
2024-03-24 14:00:00,36.9805,41.0,640.0,343.76117,16000.0
2024-03-24 15:00:00,36.9805,51.0,677.0,579.60645,16925.0
2024-03-24 16:00:00,36.4305,2.0,364.0,277.61832,9100.0
2024-03-24 17:00:00,36.5305,4.0,315.0,534.5271,7875.0
2024-03-24 18:00:00,33.0305,44.0,75.0,185.70859,1875.0
2024-03-24 19:00:00,28.780499,21.0,1.0,0.0,25.0
2024-03-24 20:00:00,28.0805,6.0,0.0,0.0,0.0
2024-03-24 21:00:00,27.0805,4.0,0.0,0.0,0.0
2024-03-24 22:00:00,26.8305,16.0,0.0,0.0,0.0
2024-03-24 23:00:00,26.880499,3.0,0.0,0.0,0.0
2024-03-25 00:00:00,26.6805,5.0,0.0,0.0,0.0
2024-03-25 01:00:00,26.530499,26.0,0.0,0.0,0.0
2024-03-25 02:00:00,26.530499,35.0,0.0,0.0,0.0
2024-03-25 03:00:00,26.4805,18.0,0.0,0.0,0.0
2024-03-25 04:00:00,26.0805,19.0,0.0,0.0,0.0
2024-03-25 05:00:00,25.6805,51.0,0.0,0.0,0.0
2024-03-25 06:00:00,24.4305,2.0,0.0,0.0,0.0
2024-03-25 07:00:00,26.6805,16.0,58.0,162.11264,1450.0
2024-03-25 08:00:00,29.5805,0.0,265.0,482.36075,6625.0
2024-03-25 09:00:00,31.9805,0.0,509.0,676.68353,12725.0
2024-03-25 10:00:00,33.7805,0.0,720.0,769.17786,18000.0
2024-03-25 11:00:00,35.1305,0.0,877.0,819.16766,21925.0
2024-03-25 12:00:00,36.5305,12.0,963.0,841.98236,24075.0
2024-03-25 13:00:00,37.2805,13.0,875.0,689.32043,21875.0
2024-03-25 14:00:00,37.6305,46.0,830.0,723.06726,20750.0
2024-03-25 15:00:00,37.1305,23.0,633.0,540.77673,15825.0
2024-03-25 16:00:00,36.830498,35.0,448.0,487.7391,11200.0
2024-03-25 17:00:00,36.1805,45.0,275.0,423.5225,6875.0
2024-03-25 18:00:00,34.8805,34.0,71.0,162.96465,1775.0
2024-03-25 19:00:00,30.7305,34.0,1.0,0.0,25.0
2024-03-25 20:00:00,29.1805,3.0,0.0,0.0,0.0
2024-03-25 21:00:00,27.880499,3.0,0.0,0.0,0.0
2024-03-25 22:00:00,27.380499,24.0,0.0,0.0,0.0
2024-03-25 23:00:00,27.3305,39.0,0.0,0.0,0.0
2024-03-26 00:00:00,27.4305,47.0,0.0,0.0,0.0
2024-03-26 01:00:00,26.5805,26.0,0.0,0.0,0.0
2024-03-26 02:00:00,25.6805,18.0,0.0,0.0,0.0
2024-03-26 03:00:00,24.7305,6.0,0.0,0.0,0.0
2024-03-26 04:00:00,25.4305,1.0,0.0,0.0,0.0
2024-03-26 05:00:00,24.2305,20.0,0.0,0.0,0.0
2024-03-26 06:00:00,26.030499,0.0,0.0,0.0,0.0
2024-03-26 07:00:00,26.630499,0.0,63.0,192.61554,1575.0
2024-03-26 08:00:00,29.2305,0.0,274.0,514.733,6850.0
2024-03-26 09:00:00,31.2305,0.0,512.0,676.9383,12800.0
2024-03-26 10:00:00,33.4805,27.0,720.0,761.4228,18000.0
2024-03-26 11:00:00,34.830498,28.0,794.0,693.5606,19850.0
2024-03-26 12:00:00,35.5305,22.0,808.0,636.3053,20200.0
2024-03-26 13:00:00,36.2805,12.0,868.0,695.54224,21700.0
2024-03-26 14:00:00,36.7805,22.0,834.0,728.7915,20850.0
2024-03-26 15:00:00,36.9805,15.0,667.0,641.87555,16675.0
2024-03-26 16:00:00,36.2805,40.0,492.0,584.9921,12300.0
2024-03-26 17:00:00,35.2805,25.0,246.0,360.3905,6150.0
2024-03-26 18:00:00,32.5305,27.0,80.0,202.0195,2000.0
2024-03-26 19:00:00,29.3305,6.0,1.0,0.0,25.0
2024-03-26 20:00:00,27.9805,5.0,0.0,0.0,0.0
2024-03-26 21:00:00,26.880499,1.0,0.0,0.0,0.0
2024-03-26 22:00:00,26.130499,3.0,0.0,0.0,0.0
2024-03-26 23:00:00,25.5805,2.0,0.0,0.0,0.0
2024-03-27 00:00:00,25.280499,18.0,0.0,0.0,0.0
2024-03-27 01:00:00,24.4305,97.0,0.0,0.0,0.0
2024-03-27 02:00:00,24.380499,0.0,0.0,0.0,0.0
2024-03-27 03:00:00,22.8305,1.0,0.0,0.0,0.0
2024-03-27 04:00:00,22.9805,0.0,0.0,0.0,0.0
2024-03-27 05:00:00,23.4305,0.0,0.0,0.0,0.0
2024-03-27 06:00:00,22.4305,0.0,0.0,0.0,0.0
2024-03-27 07:00:00,24.9305,0.0,64.0,197.10863,1600.0
2024-03-27 08:00:00,28.4805,0.0,277.0,518.8751,6925.0
2024-03-27 09:00:00,31.530499,0.0,517.0,684.1321,12925.0
2024-03-27 10:00:00,34.2305,9.0,727.0,772.1501,18175.0
2024-03-27 11:00:00,35.6305,5.0,856.0,776.05884,21400.0
2024-03-27 12:00:00,36.7805,12.0,944.0,802.5326,23600.0
2024-03-27 13:00:00,37.7805,9.0,946.0,781.36725,23650.0
2024-03-27 14:00:00,38.080498,30.0,814.0,686.08405,20350.0
2024-03-27 15:00:00,38.0305,57.0,589.0,502.81366,14725.0
2024-03-27 16:00:00,37.3805,36.0,405.0,416.73083,10125.0
2024-03-27 17:00:00,36.4805,23.0,198.0,237.45134,4950.0
2024-03-27 18:00:00,34.1805,30.0,81.0,201.74486,2025.0
2024-03-27 19:00:00,32.4805,86.0,1.0,0.0,25.0
2024-03-27 20:00:00,28.9305,13.0,0.0,0.0,0.0
2024-03-27 21:00:00,27.630499,0.0,0.0,0.0,0.0
2024-03-27 22:00:00,27.130499,15.0,0.0,0.0,0.0
2024-03-27 23:00:00,26.880499,9.0,0.0,0.0,0.0
2024-03-28 00:00:00,25.780499,2.0,0.0,0.0,0.0
2024-03-28 01:00:00,25.030499,0.0,0.0,0.0,0.0
2024-03-28 02:00:00,24.780499,0.0,0.0,0.0,0.0
2024-03-28 03:00:00,23.6805,0.0,0.0,0.0,0.0
2024-03-28 04:00:00,22.4305,0.0,0.0,0.0,0.0
2024-03-28 05:00:00,21.780499,0.0,0.0,0.0,0.0
2024-03-28 06:00:00,22.280499,24.0,0.0,0.0,0.0
2024-03-28 07:00:00,23.530499,30.0,59.0,132.25755,1475.0
2024-03-28 08:00:00,26.630499,15.0,269.0,448.68173,6725.0
2024-03-28 09:00:00,29.9805,32.0,508.0,639.85187,12700.0
2024-03-28 10:00:00,33.0305,52.0,720.0,746.2081,18000.0
2024-03-28 11:00:00,35.2805,82.0,877.0,811.23236,21925.0
2024-03-28 12:00:00,35.9305,98.0,859.0,672.4621,21475.0
2024-03-28 13:00:00,36.7305,93.0,832.0,624.44226,20800.0
2024-03-28 14:00:00,37.330498,95.0,761.0,617.10956,19025.0
2024-03-28 15:00:00,37.5305,65.0,655.0,641.8524,16375.0
2024-03-28 16:00:00,37.2305,74.0,463.0,478.12527,11575.0
2024-03-28 17:00:00,36.3805,30.0,276.0,434.3658,6900.0
2024-03-28 18:00:00,34.830498,26.0,78.0,201.47482,1950.0
2024-03-28 19:00:00,31.880499,9.0,1.0,0.0,25.0
2024-03-28 20:00:00,30.4305,12.0,0.0,0.0,0.0
2024-03-28 21:00:00,28.280499,11.0,0.0,0.0,0.0
2024-03-28 22:00:00,27.4305,0.0,0.0,0.0,0.0
2024-03-28 23:00:00,26.130499,26.0,0.0,0.0,0.0
2024-03-29 00:00:00,24.6805,26.0,0.0,0.0,0.0
2024-03-29 01:00:00,23.5805,14.0,0.0,0.0,0.0
2024-03-29 02:00:00,22.8305,65.0,0.0,0.0,0.0
2024-03-29 03:00:00,22.530499,100.0,0.0,0.0,0.0
2024-03-29 04:00:00,22.1805,100.0,0.0,0.0,0.0
2024-03-29 05:00:00,22.4305,99.0,0.0,0.0,0.0
2024-03-29 06:00:00,23.280499,62.0,0.0,0.0,0.0
2024-03-29 07:00:00,24.130499,67.0,62.0,143.50871,1550.0
2024-03-29 08:00:00,26.380499,16.0,255.0,365.98514,6375.0
2024-03-29 09:00:00,29.4805,8.0,504.0,614.80975,12600.0
2024-03-29 10:00:00,32.5305,0.0,722.0,751.8033,18050.0
2024-03-29 11:00:00,34.7305,21.0,869.0,797.1766,21725.0
2024-03-29 12:00:00,35.330498,23.0,825.0,648.54724,20625.0
2024-03-29 13:00:00,36.1305,30.0,868.0,690.6205,21700.0
2024-03-29 14:00:00,36.4305,60.0,794.0,672.4854,19850.0
2024-03-29 15:00:00,36.080498,36.0,566.0,437.2164,14150.0
2024-03-29 16:00:00,34.9805,55.0,465.0,523.17334,11625.0
2024-03-29 17:00:00,31.030499,24.0,243.0,311.66238,6075.0
2024-03-29 18:00:00,30.4305,16.0,79.0,201.2079,1975.0
2024-03-29 19:00:00,29.0805,2.0,1.0,0.0,25.0
2024-03-29 20:00:00,27.380499,1.0,0.0,0.0,0.0
2024-03-29 21:00:00,26.280499,1.0,0.0,0.0,0.0
2024-03-29 22:00:00,25.3305,0.0,0.0,0.0,0.0
2024-03-29 23:00:00,24.3305,1.0,0.0,0.0,0.0
2024-03-30 00:00:00,23.6805,2.0,0.0,0.0,0.0
2024-03-30 01:00:00,22.9805,32.0,0.0,0.0,0.0
2024-03-30 02:00:00,22.4805,100.0,0.0,0.0,0.0
2024-03-30 03:00:00,22.7305,99.0,0.0,0.0,0.0
2024-03-30 04:00:00,22.4805,90.0,0.0,0.0,0.0
2024-03-30 05:00:00,22.530499,62.0,0.0,0.0,0.0
2024-03-30 06:00:00,22.9805,35.0,0.0,0.0,0.0
2024-03-30 07:00:00,23.6805,2.0,64.0,154.57167,1600.0
2024-03-30 08:00:00,26.3305,0.0,279.0,496.02048,6975.0
2024-03-30 09:00:00,29.5805,16.0,519.0,673.36487,12975.0
2024-03-30 10:00:00,32.6805,5.0,728.0,762.62915,18200.0
2024-03-30 11:00:00,35.1805,24.0,883.0,814.4305,22075.0
2024-03-30 12:00:00,36.1305,35.0,869.0,693.01666,21725.0
2024-03-30 13:00:00,36.7805,22.0,835.0,658.8652,20875.0
2024-03-30 14:00:00,37.2805,9.0,799.0,667.4034,19975.0
2024-03-30 15:00:00,38.1805,32.0,724.0,717.91284,18100.0
2024-03-30 16:00:00,37.3805,52.0,493.0,581.1437,12325.0
2024-03-30 17:00:00,36.9805,25.0,270.0,376.03516,6750.0
2024-03-30 18:00:00,35.080498,3.0,91.0,251.17897,2275.0
2024-03-30 19:00:00,28.9805,5.0,1.0,0.0,25.0
2024-03-30 20:00:00,27.9305,1.0,0.0,0.0,0.0
2024-03-30 21:00:00,26.9805,0.0,0.0,0.0,0.0
2024-03-30 22:00:00,26.130499,1.0,0.0,0.0,0.0
2024-03-30 23:00:00,25.8305,2.0,0.0,0.0,0.0
2024-03-31 00:00:00,25.280499,0.0,0.0,0.0,0.0
2024-03-31 01:00:00,24.2305,0.0,0.0,0.0,0.0
2024-03-31 02:00:00,23.380499,0.0,0.0,0.0,0.0
2024-03-31 03:00:00,22.6805,0.0,0.0,0.0,0.0
2024-03-31 04:00:00,22.280499,0.0,0.0,0.0,0.0
2024-03-31 05:00:00,22.030499,4.0,0.0,0.0,0.0
2024-03-31 06:00:00,22.6805,84.0,0.0,0.0,0.0
2024-03-31 07:00:00,23.5805,100.0,60.0,116.43614,1500.0
2024-03-31 08:00:00,27.0805,2.0,275.0,435.8527,6875.0
2024-03-31 09:00:00,30.4305,2.0,526.0,685.76953,13150.0
2024-03-31 10:00:00,33.4805,32.0,730.0,763.0723,18250.0
2024-03-31 11:00:00,35.6805,29.0,850.0,763.84564,21250.0
2024-03-31 12:00:00,36.6305,47.0,853.0,671.2916,21325.0
2024-03-31 13:00:00,37.080498,33.0,791.0,575.8115,19775.0
2024-03-31 14:00:00,37.6305,53.0,808.0,662.3627,20200.0
2024-03-31 15:00:00,37.8805,59.0,663.0,583.2008,16575.0
2024-03-31 16:00:00,38.330498,90.0,523.0,600.1032,13075.0
2024-03-31 17:00:00,37.6805,68.0,308.0,497.4683,7700.0
2024-03-31 18:00:00,34.9805,15.0,92.0,239.69861,2300.0
2024-03-31 19:00:00,32.580498,12.0,1.0,0.0,25.0
2024-03-31 20:00:00,27.6805,3.0,0.0,0.0,0.0
2024-03-31 21:00:00,27.030499,2.0,0.0,0.0,0.0
2024-03-31 22:00:00,25.9305,26.0,0.0,0.0,0.0
2024-03-31 23:00:00,25.1805,2.0,0.0,0.0,0.0
2024-04-01 00:00:00,24.380499,1.0,0.0,0.0,0.0
2024-04-01 01:00:00,23.7305,1.0,0.0,0.0,0.0
2024-04-01 02:00:00,22.9805,87.0,0.0,0.0,0.0
2024-04-01 03:00:00,22.780499,72.0,0.0,0.0,0.0
2024-04-01 04:00:00,22.5805,85.0,0.0,0.0,0.0
2024-04-01 05:00:00,22.4305,99.0,0.0,0.0,0.0
2024-04-01 06:00:00,23.0805,100.0,0.0,0.0,0.0
2024-04-01 07:00:00,23.4805,58.0,45.0,60.75452,1125.0
2024-04-01 08:00:00,27.030499,13.0,272.0,416.6924,6800.0
2024-04-01 09:00:00,30.780499,3.0,532.0,689.7132,13300.0
2024-04-01 10:00:00,33.9305,0.0,742.0,780.4023,18550.0
2024-04-01 11:00:00,35.7805,0.0,888.0,816.7173,22200.0
2024-04-01 12:00:00,36.9305,0.0,962.0,821.88806,24050.0
2024-04-01 13:00:00,37.6805,31.0,979.0,841.1539,24475.0
2024-04-01 14:00:00,37.9305,63.0,889.0,798.69385,22225.0
2024-04-01 15:00:00,38.1805,88.0,754.0,774.85815,18850.0
2024-04-01 16:00:00,37.830498,90.0,555.0,685.48724,13875.0
2024-04-01 17:00:00,37.2305,72.0,325.0,566.44244,8125.0
2024-04-01 18:00:00,34.6805,24.0,86.0,200.41031,2150.0
2024-04-01 19:00:00,31.8305,11.0,1.0,0.0,25.0
2024-04-01 20:00:00,27.4305,1.0,0.0,0.0,0.0
2024-04-01 21:00:00,26.7305,9.0,0.0,0.0,0.0
2024-04-01 22:00:00,26.2305,70.0,0.0,0.0,0.0
2024-04-01 23:00:00,25.3305,83.0,0.0,0.0,0.0
2024-04-02 00:00:00,25.130499,95.0,0.0,0.0,0.0
2024-04-02 01:00:00,24.880499,89.0,0.0,0.0,0.0
2024-04-02 02:00:00,23.9805,48.0,0.0,0.0,0.0
2024-04-02 03:00:00,23.1805,46.0,0.0,0.0,0.0
2024-04-02 04:00:00,22.6805,6.0,0.0,0.0,0.0
2024-04-02 05:00:00,22.130499,12.0,0.0,0.0,0.0
2024-04-02 06:00:00,22.530499,79.0,0.0,0.0,0.0
2024-04-02 07:00:00,23.1805,100.0,57.0,96.39495,1425.0
2024-04-02 08:00:00,25.9305,15.0,229.0,217.50296,5725.0
2024-04-02 09:00:00,30.280499,32.0,520.0,631.55383,13000.0
2024-04-02 10:00:00,33.7305,98.0,743.0,775.76337,18575.0
2024-04-02 11:00:00,36.0305,86.0,894.0,817.3875,22350.0
2024-04-02 12:00:00,37.4305,94.0,980.0,842.348,24500.0
2024-04-02 13:00:00,37.9805,83.0,907.0,761.2332,22675.0
2024-04-02 14:00:00,38.580498,67.0,867.0,766.2388,21675.0
2024-04-02 15:00:00,39.0305,88.0,728.0,716.15155,18200.0
2024-04-02 16:00:00,37.9305,97.0,427.0,450.142,10675.0
2024-04-02 17:00:00,37.8805,86.0,230.0,230.77754,5750.0
2024-04-02 18:00:00,35.2305,14.0,92.0,255.73683,2300.0
2024-04-02 19:00:00,27.630499,3.0,1.0,0.0,25.0
2024-04-02 20:00:00,27.1805,11.0,0.0,0.0,0.0
2024-04-02 21:00:00,26.2305,1.0,0.0,0.0,0.0
2024-04-02 22:00:00,25.530499,0.0,0.0,0.0,0.0
2024-04-02 23:00:00,25.0805,1.0,0.0,0.0,0.0
2024-04-03 00:00:00,24.9305,1.0,0.0,0.0,0.0
2024-04-03 01:00:00,24.1805,0.0,0.0,0.0,0.0
2024-04-03 02:00:00,23.3305,10.0,0.0,0.0,0.0
2024-04-03 03:00:00,22.630499,34.0,0.0,0.0,0.0
2024-04-03 04:00:00,21.880499,12.0,0.0,0.0,0.0
2024-04-03 05:00:00,21.4805,22.0,0.0,0.0,0.0
2024-04-03 06:00:00,22.030499,13.0,0.0,0.0,0.0
2024-04-03 07:00:00,23.4805,11.0,75.0,197.18251,1875.0
2024-04-03 08:00:00,26.530499,68.0,289.0,487.34546,7225.0
2024-04-03 09:00:00,30.0805,69.0,532.0,675.94904,13300.0
2024-04-03 10:00:00,33.0305,41.0,739.0,767.3275,18475.0
2024-04-03 11:00:00,35.330498,95.0,890.0,807.0403,22250.0
2024-04-03 12:00:00,36.6305,83.0,949.0,806.23114,23725.0
2024-04-03 13:00:00,37.9305,81.0,950.0,791.178,23750.0
2024-04-03 14:00:00,37.6305,98.0,759.0,581.8507,18975.0
2024-04-03 15:00:00,37.580498,93.0,580.0,411.45312,14500.0
2024-04-03 16:00:00,37.080498,95.0,433.0,465.97733,10825.0
2024-04-03 17:00:00,36.8805,98.0,282.0,431.2939,7050.0
2024-04-03 18:00:00,33.1305,100.0,75.0,172.12227,1875.0
2024-04-03 19:00:00,29.6805,95.0,1.0,0.0,25.0
2024-04-03 20:00:00,28.030499,83.0,0.0,0.0,0.0
2024-04-03 21:00:00,27.030499,100.0,0.0,0.0,0.0
2024-04-03 22:00:00,26.530499,100.0,0.0,0.0,0.0
2024-04-03 23:00:00,25.9305,10.0,0.0,0.0,0.0
2024-04-04 00:00:00,25.8305,0.0,0.0,0.0,0.0
2024-04-04 01:00:00,25.5805,0.0,0.0,0.0,0.0
2024-04-04 02:00:00,25.3305,1.0,0.0,0.0,0.0
2024-04-04 03:00:00,23.9305,11.0,0.0,0.0,0.0
2024-04-04 04:00:00,24.030499,15.0,0.0,0.0,0.0
2024-04-04 05:00:00,24.4305,4.0,0.0,0.0,0.0
2024-04-04 06:00:00,23.5805,9.0,0.0,0.0,0.0
2024-04-04 07:00:00,25.7305,0.0,78.0,219.28471,1950.0
2024-04-04 08:00:00,29.1805,0.0,295.0,518.0555,7375.0
2024-04-04 09:00:00,32.7305,0.0,533.0,680.02423,13325.0
2024-04-04 10:00:00,35.5305,0.0,743.0,770.52203,18575.0
2024-04-04 11:00:00,37.1305,0.0,897.0,818.83527,22425.0
2024-04-04 12:00:00,38.2305,0.0,979.0,841.1095,24475.0
2024-04-04 13:00:00,39.330498,50.0,983.0,842.5972,24575.0
2024-04-04 14:00:00,39.1305,87.0,810.0,646.95825,20250.0
2024-04-04 15:00:00,39.3805,78.0,679.0,607.9283,16975.0
2024-04-04 16:00:00,39.1805,94.0,480.0,546.4865,12000.0
2024-04-04 17:00:00,38.080498,98.0,250.0,361.50635,6250.0
2024-04-04 18:00:00,31.280499,50.0,65.0,116.45453,1625.0
2024-04-04 19:00:00,30.0805,83.0,1.0,0.0,25.0
2024-04-04 20:00:00,27.9805,100.0,0.0,0.0,0.0
2024-04-04 21:00:00,28.3305,49.0,0.0,0.0,0.0
2024-04-04 22:00:00,27.9805,54.0,0.0,0.0,0.0
2024-04-04 23:00:00,27.780499,99.0,0.0,0.0,0.0
2024-04-05 00:00:00,28.0805,50.0,0.0,0.0,0.0
2024-04-05 01:00:00,26.4805,41.0,0.0,0.0,0.0
2024-04-05 02:00:00,26.1805,74.0,0.0,0.0,0.0
2024-04-05 03:00:00,26.0805,92.0,0.0,0.0,0.0
2024-04-05 04:00:00,25.8305,93.0,0.0,0.0,0.0
2024-04-05 05:00:00,25.4805,95.0,0.0,0.0,0.0
2024-04-05 06:00:00,23.8305,93.0,0.0,0.0,0.0
2024-04-05 07:00:00,26.3305,59.0,78.0,194.00581,1950.0
2024-04-05 08:00:00,30.780499,23.0,295.0,509.38812,7375.0
2024-04-05 09:00:00,33.580498,54.0,540.0,690.7382,13500.0
2024-04-05 10:00:00,35.6805,39.0,747.0,769.89075,18675.0
2024-04-05 11:00:00,37.4805,4.0,901.0,821.8113,22525.0
2024-04-05 12:00:00,38.830498,12.0,985.0,847.216,24625.0
2024-04-05 13:00:00,39.330498,25.0,917.0,734.3929,22925.0
2024-04-05 14:00:00,39.5305,43.0,848.0,697.79987,21200.0
2024-04-05 15:00:00,39.2305,31.0,693.0,660.48126,17325.0
2024-04-05 16:00:00,39.580498,55.0,445.0,471.80045,11125.0
2024-04-05 17:00:00,35.6805,75.0,266.0,418.0358,6650.0
2024-04-05 18:00:00,32.7805,30.0,93.0,249.24908,2325.0
2024-04-05 19:00:00,29.780499,25.0,1.0,0.0,25.0
2024-04-05 20:00:00,27.9805,36.0,0.0,0.0,0.0
2024-04-05 21:00:00,27.380499,25.0,0.0,0.0,0.0
2024-04-05 22:00:00,26.880499,15.0,0.0,0.0,0.0
2024-04-05 23:00:00,26.8305,3.0,0.0,0.0,0.0
2024-04-06 00:00:00,26.2305,31.0,0.0,0.0,0.0
2024-04-06 01:00:00,25.030499,60.0,0.0,0.0,0.0
2024-04-06 02:00:00,24.030499,84.0,0.0,0.0,0.0
2024-04-06 03:00:00,23.780499,62.0,0.0,0.0,0.0
2024-04-06 04:00:00,23.280499,12.0,0.0,0.0,0.0
2024-04-06 05:00:00,22.4805,16.0,0.0,0.0,0.0
2024-04-06 06:00:00,23.380499,93.0,0.0,0.0,0.0
2024-04-06 07:00:00,27.630499,92.0,84.0,233.28995,2100.0
2024-04-06 08:00:00,30.9305,96.0,300.0,516.35016,7500.0
2024-04-06 09:00:00,33.4805,97.0,537.0,663.3565,13425.0
2024-04-06 10:00:00,36.080498,99.0,745.0,753.9635,18625.0
2024-04-06 11:00:00,37.7305,96.0,899.0,808.3191,22475.0
2024-04-06 12:00:00,38.8805,96.0,979.0,825.6869,24475.0
2024-04-06 13:00:00,39.8805,100.0,958.0,771.53424,23950.0
2024-04-06 14:00:00,39.4805,97.0,758.0,520.5281,18950.0
2024-04-06 15:00:00,38.6805,92.0,418.0,219.19109,10450.0
2024-04-06 16:00:00,38.6305,92.0,326.0,238.98494,8150.0
2024-04-06 17:00:00,38.3805,97.0,249.0,323.72998,6225.0
2024-04-06 18:00:00,35.9805,65.0,79.0,160.44308,1975.0
2024-04-06 19:00:00,31.3305,3.0,1.0,0.0,25.0
2024-04-06 20:00:00,29.4305,1.0,0.0,0.0,0.0
2024-04-06 21:00:00,28.4305,1.0,0.0,0.0,0.0
2024-04-06 22:00:00,27.8305,57.0,0.0,0.0,0.0
2024-04-06 23:00:00,27.4305,97.0,0.0,0.0,0.0
2024-04-07 00:00:00,26.880499,76.0,0.0,0.0,0.0
2024-04-07 01:00:00,25.0805,50.0,0.0,0.0,0.0
2024-04-07 02:00:00,23.8305,0.0,0.0,0.0,0.0
2024-04-07 03:00:00,22.4805,1.0,0.0,0.0,0.0
2024-04-07 04:00:00,22.030499,3.0,0.0,0.0,0.0
2024-04-07 05:00:00,21.780499,1.0,0.0,0.0,0.0
2024-04-07 06:00:00,22.4805,74.0,0.0,0.0,0.0
2024-04-07 07:00:00,23.8305,28.0,71.0,127.30493,1775.0
2024-04-07 08:00:00,26.7305,19.0,287.0,443.7379,7175.0
2024-04-07 09:00:00,29.9305,20.0,524.0,623.02545,13100.0
2024-04-07 10:00:00,32.9805,34.0,740.0,749.62427,18500.0
2024-04-07 11:00:00,35.1305,49.0,892.0,805.8903,22300.0
2024-04-07 12:00:00,35.9305,22.0,711.0,460.44766,17775.0
2024-04-07 13:00:00,37.330498,51.0,897.0,710.628,22425.0
2024-04-07 14:00:00,38.2305,99.0,829.0,668.5012,20725.0
2024-04-07 15:00:00,37.830498,99.0,578.0,458.28854,14450.0
2024-04-07 16:00:00,37.080498,78.0,386.0,334.06564,9650.0
2024-04-07 17:00:00,33.7305,53.0,209.0,244.42825,5225.0
2024-04-07 18:00:00,31.530499,5.0,86.0,215.52951,2150.0
2024-04-07 19:00:00,29.1805,1.0,1.0,0.0,25.0
2024-04-07 20:00:00,27.2305,0.0,0.0,0.0,0.0
2024-04-07 21:00:00,25.880499,0.0,0.0,0.0,0.0
2024-04-07 22:00:00,24.9805,0.0,0.0,0.0,0.0
2024-04-07 23:00:00,24.280499,0.0,0.0,0.0,0.0
2024-04-08 00:00:00,24.130499,1.0,0.0,0.0,0.0
2024-04-08 01:00:00,23.780499,0.0,0.0,0.0,0.0
2024-04-08 02:00:00,23.1805,0.0,0.0,0.0,0.0
2024-04-08 03:00:00,23.280499,0.0,0.0,0.0,0.0
2024-04-08 04:00:00,23.1805,1.0,0.0,0.0,0.0
2024-04-08 05:00:00,21.9305,9.0,0.0,0.0,0.0
2024-04-08 06:00:00,22.3305,33.0,0.0,0.0,0.0
2024-04-08 07:00:00,24.0805,6.0,81.0,183.74344,2025.0
2024-04-08 08:00:00,28.130499,6.0,298.0,489.32373,7450.0
2024-04-08 09:00:00,31.4805,18.0,534.0,642.1447,13350.0
2024-04-08 10:00:00,34.2805,87.0,709.0,656.3104,17725.0
2024-04-08 11:00:00,36.1805,31.0,834.0,648.947,20850.0
2024-04-08 12:00:00,37.4305,100.0,928.0,709.3102,23200.0
2024-04-08 13:00:00,37.5305,66.0,755.0,396.85144,18875.0
2024-04-08 14:00:00,38.0305,3.0,732.0,457.74808,18300.0
2024-04-08 15:00:00,38.330498,10.0,758.0,756.3017,18950.0
2024-04-08 16:00:00,37.7805,10.0,546.0,659.714,13650.0
2024-04-08 17:00:00,36.8805,13.0,310.0,503.23248,7750.0
2024-04-08 18:00:00,34.3805,17.0,91.0,237.37846,2275.0
2024-04-08 19:00:00,32.1805,3.0,1.0,0.0,25.0
2024-04-08 20:00:00,29.1805,0.0,0.0,0.0,0.0
2024-04-08 21:00:00,27.2305,0.0,0.0,0.0,0.0
2024-04-08 22:00:00,26.5805,0.0,0.0,0.0,0.0
2024-04-08 23:00:00,26.130499,0.0,0.0,0.0,0.0
2024-04-09 00:00:00,25.7305,0.0,0.0,0.0,0.0
2024-04-09 01:00:00,25.7305,0.0,0.0,0.0,0.0
2024-04-09 02:00:00,25.9805,23.0,0.0,0.0,0.0
2024-04-09 03:00:00,23.5805,68.0,0.0,0.0,0.0
2024-04-09 04:00:00,22.3305,77.0,0.0,0.0,0.0
2024-04-09 05:00:00,23.4305,100.0,0.0,0.0,0.0
2024-04-09 06:00:00,22.780499,85.0,1.0,0.0,25.0
2024-04-09 07:00:00,24.7305,88.0,89.0,233.63872,2225.0
2024-04-09 08:00:00,28.3305,85.0,307.0,521.7091,7675.0
2024-04-09 09:00:00,31.3305,66.0,545.0,680.8088,13625.0
2024-04-09 10:00:00,33.6305,10.0,751.0,766.5082,18775.0
2024-04-09 11:00:00,35.4305,23.0,903.0,816.5025,22575.0
2024-04-09 12:00:00,36.7305,67.0,985.0,840.24786,24625.0
2024-04-09 13:00:00,37.580498,0.0,983.0,836.92633,24575.0
2024-04-09 14:00:00,38.080498,6.0,910.0,818.0354,22750.0
2024-04-09 15:00:00,38.4805,8.0,747.0,747.151,18675.0
2024-04-09 16:00:00,37.7305,48.0,507.0,586.84314,12675.0
2024-04-09 17:00:00,37.0305,24.0,247.0,352.46088,6175.0
2024-04-09 18:00:00,34.6805,69.0,75.0,198.52625,1875.0
2024-04-09 19:00:00,28.530499,18.0,1.0,0.0,25.0
2024-04-09 20:00:00,28.130499,5.0,0.0,0.0,0.0
2024-04-09 21:00:00,27.030499,8.0,0.0,0.0,0.0
2024-04-09 22:00:00,26.7305,44.0,0.0,0.0,0.0
2024-04-09 23:00:00,26.4305,72.0,0.0,0.0,0.0
2024-04-10 00:00:00,26.6805,17.0,0.0,0.0,0.0
2024-04-10 01:00:00,25.9305,32.0,0.0,0.0,0.0
2024-04-10 02:00:00,25.3305,85.0,0.0,0.0,0.0
2024-04-10 03:00:00,24.380499,93.0,0.0,0.0,0.0
2024-04-10 04:00:00,24.280499,77.0,0.0,0.0,0.0
2024-04-10 05:00:00,24.4305,30.0,0.0,0.0,0.0
2024-04-10 06:00:00,25.880499,0.0,1.0,0.0,25.0
2024-04-10 07:00:00,27.4805,0.0,89.0,237.55862,2225.0
2024-04-10 08:00:00,29.530499,0.0,306.0,515.98334,7650.0
2024-04-10 09:00:00,31.9805,13.0,540.0,668.69147,13500.0
2024-04-10 10:00:00,34.2805,63.0,742.0,752.16766,18550.0
2024-04-10 11:00:00,35.5305,45.0,844.0,735.5114,21100.0
2024-04-10 12:00:00,36.6805,17.0,927.0,772.0692,23175.0
2024-04-10 13:00:00,37.4805,37.0,909.0,746.6792,22725.0
2024-04-10 14:00:00,37.4305,52.0,776.0,618.3781,19400.0
2024-04-10 15:00:00,37.9305,66.0,711.0,681.45874,17775.0
2024-04-10 16:00:00,36.830498,60.0,452.0,476.99698,11300.0
2024-04-10 17:00:00,36.4305,59.0,281.0,418.67123,7025.0
2024-04-10 18:00:00,31.030499,83.0,49.0,66.10683,1225.0
2024-04-10 19:00:00,31.280499,87.0,1.0,0.0,25.0
2024-04-10 20:00:00,30.0805,100.0,0.0,0.0,0.0
2024-04-10 21:00:00,28.6805,98.0,0.0,0.0,0.0
2024-04-10 22:00:00,27.9305,99.0,0.0,0.0,0.0
2024-04-10 23:00:00,27.530499,90.0,0.0,0.0,0.0
2024-04-11 00:00:00,27.0805,66.0,0.0,0.0,0.0
2024-04-11 01:00:00,26.030499,52.0,0.0,0.0,0.0
2024-04-11 02:00:00,25.2305,96.0,0.0,0.0,0.0
2024-04-11 03:00:00,24.780499,57.0,0.0,0.0,0.0
2024-04-11 04:00:00,24.4305,23.0,0.0,0.0,0.0
2024-04-11 05:00:00,24.4805,15.0,0.0,0.0,0.0
2024-04-11 06:00:00,23.8305,2.0,1.0,0.0,25.0
2024-04-11 07:00:00,25.380499,5.0,90.0,235.8292,2250.0
2024-04-11 08:00:00,28.4305,5.0,303.0,505.3737,7575.0
2024-04-11 09:00:00,31.0805,6.0,533.0,651.82935,13325.0
2024-04-11 10:00:00,33.080498,2.0,732.0,730.3538,18300.0
2024-04-11 11:00:00,34.7805,31.0,883.0,784.66345,22075.0
2024-04-11 12:00:00,35.9305,78.0,961.0,806.9758,24025.0
2024-04-11 13:00:00,36.9805,70.0,918.0,757.3717,22950.0
2024-04-11 14:00:00,37.080498,93.0,740.0,583.2602,18500.0
2024-04-11 15:00:00,35.8805,36.0,618.0,542.94855,15450.0
2024-04-11 16:00:00,35.580498,91.0,446.0,436.5262,11150.0
2024-04-11 17:00:00,30.630499,96.0,177.0,189.4847,4425.0
2024-04-11 18:00:00,31.2305,81.0,70.0,148.58794,1750.0
2024-04-11 19:00:00,30.7305,69.0,1.0,0.0,25.0
2024-04-11 20:00:00,29.2305,7.0,0.0,0.0,0.0
2024-04-11 21:00:00,28.0805,6.0,0.0,0.0,0.0
2024-04-11 22:00:00,27.4305,28.0,0.0,0.0,0.0
2024-04-11 23:00:00,26.6805,7.0,0.0,0.0,0.0
2024-04-12 00:00:00,26.1805,9.0,0.0,0.0,0.0
2024-04-12 01:00:00,26.030499,13.0,0.0,0.0,0.0
2024-04-12 02:00:00,25.7305,18.0,0.0,0.0,0.0
2024-04-12 03:00:00,25.530499,16.0,0.0,0.0,0.0
2024-04-12 04:00:00,25.380499,33.0,0.0,0.0,0.0
2024-04-12 05:00:00,25.030499,91.0,0.0,0.0,0.0
2024-04-12 06:00:00,25.6805,95.0,1.0,0.0,25.0
2024-04-12 07:00:00,27.530499,17.0,91.0,228.57518,2275.0
2024-04-12 08:00:00,29.5805,21.0,308.0,509.86655,7700.0
2024-04-12 09:00:00,31.1805,34.0,540.0,662.6724,13500.0
2024-04-12 10:00:00,33.1805,24.0,741.0,742.72546,18525.0
2024-04-12 11:00:00,34.6805,9.0,839.0,716.02106,20975.0
2024-04-12 12:00:00,36.0305,7.0,904.0,731.9163,22600.0
2024-04-12 13:00:00,36.9305,30.0,932.0,765.0323,23300.0
2024-04-12 14:00:00,37.1805,38.0,754.0,597.1443,18850.0
2024-04-12 15:00:00,37.4305,49.0,680.0,639.5031,17000.0
2024-04-12 16:00:00,36.1805,73.0,430.0,446.01605,10750.0
2024-04-12 17:00:00,35.4805,58.0,255.0,376.22058,6375.0
2024-04-12 18:00:00,31.130499,22.0,77.0,164.92937,1925.0
2024-04-12 19:00:00,30.130499,21.0,1.0,0.0,25.0
2024-04-12 20:00:00,29.4305,7.0,0.0,0.0,0.0
2024-04-12 21:00:00,28.530499,33.0,0.0,0.0,0.0
2024-04-12 22:00:00,27.7305,58.0,0.0,0.0,0.0
2024-04-12 23:00:00,27.1805,45.0,0.0,0.0,0.0
2024-04-13 00:00:00,26.7305,67.0,0.0,0.0,0.0
2024-04-13 01:00:00,26.3305,82.0,0.0,0.0,0.0
2024-04-13 02:00:00,26.1805,67.0,0.0,0.0,0.0
2024-04-13 03:00:00,24.780499,26.0,0.0,0.0,0.0
2024-04-13 04:00:00,23.530499,38.0,0.0,0.0,0.0
2024-04-13 05:00:00,23.9805,44.0,0.0,0.0,0.0
2024-04-13 06:00:00,25.130499,22.0,1.0,0.0,25.0
2024-04-13 07:00:00,27.030499,17.0,86.0,193.769,2150.0
2024-04-13 08:00:00,29.530499,4.0,290.0,437.70465,7250.0
2024-04-13 09:00:00,31.4305,38.0,527.0,621.8177,13175.0
2024-04-13 10:00:00,32.7305,21.0,654.0,583.9417,16350.0
2024-04-13 11:00:00,34.2805,99.0,825.0,675.90204,20625.0
2024-04-13 12:00:00,35.3805,100.0,845.0,578.7144,21125.0
2024-04-13 13:00:00,30.280499,84.0,275.0,25.418344,6875.0
2024-04-13 14:00:00,24.3305,100.0,363.0,129.38388,9075.0
2024-04-13 15:00:00,30.630499,32.0,378.0,180.86378,9450.0
2024-04-13 16:00:00,29.9305,98.0,508.0,569.7897,12700.0
2024-04-13 17:00:00,28.6805,100.0,124.0,105.65558,3100.0
2024-04-13 18:00:00,28.130499,87.0,80.0,175.74529,2000.0
2024-04-13 19:00:00,23.0805,100.0,1.0,0.0,25.0
2024-04-13 20:00:00,23.6805,100.0,0.0,0.0,0.0
2024-04-13 21:00:00,23.4805,100.0,0.0,0.0,0.0
2024-04-13 22:00:00,23.530499,100.0,0.0,0.0,0.0
2024-04-13 23:00:00,23.6805,100.0,0.0,0.0,0.0
2024-04-14 00:00:00,23.880499,100.0,0.0,0.0,0.0
2024-04-14 01:00:00,24.630499,100.0,0.0,0.0,0.0
2024-04-14 02:00:00,24.9305,99.0,0.0,0.0,0.0
2024-04-14 03:00:00,25.4805,68.0,0.0,0.0,0.0
2024-04-14 04:00:00,25.3305,100.0,0.0,0.0,0.0
2024-04-14 05:00:00,25.5805,48.0,0.0,0.0,0.0
2024-04-14 06:00:00,23.9805,43.0,1.0,0.0,25.0
2024-04-14 07:00:00,25.630499,84.0,89.0,214.451,2225.0
2024-04-14 08:00:00,27.9805,37.0,302.0,477.07135,7550.0
2024-04-14 09:00:00,30.380499,3.0,520.0,595.7623,13000.0
2024-04-14 10:00:00,32.4805,5.0,729.0,717.2293,18225.0
2024-04-14 11:00:00,34.330498,19.0,854.0,743.543,21350.0
2024-04-14 12:00:00,35.330498,19.0,902.0,725.5911,22550.0
2024-04-14 13:00:00,35.6805,24.0,851.0,660.5185,21275.0
2024-04-14 14:00:00,36.0305,28.0,775.0,604.29706,19375.0
2024-04-14 15:00:00,35.830498,37.0,666.0,592.66425,16650.0
2024-04-14 16:00:00,35.1805,33.0,472.0,489.14236,11800.0
2024-04-14 17:00:00,34.9805,57.0,252.0,321.6406,6300.0
2024-04-14 18:00:00,32.9305,33.0,64.0,93.269165,1600.0
2024-04-14 19:00:00,30.1805,30.0,1.0,0.0,25.0
2024-04-14 20:00:00,28.630499,11.0,0.0,0.0,0.0
2024-04-14 21:00:00,27.530499,4.0,0.0,0.0,0.0
2024-04-14 22:00:00,27.4305,17.0,0.0,0.0,0.0
2024-04-14 23:00:00,27.280499,67.0,0.0,0.0,0.0
2024-04-15 00:00:00,27.130499,44.0,0.0,0.0,0.0
2024-04-15 01:00:00,26.5805,96.0,0.0,0.0,0.0
2024-04-15 02:00:00,26.030499,93.0,0.0,0.0,0.0
2024-04-15 03:00:00,25.780499,23.0,0.0,0.0,0.0
2024-04-15 04:00:00,25.530499,19.0,0.0,0.0,0.0
2024-04-15 05:00:00,25.280499,92.0,0.0,0.0,0.0
2024-04-15 06:00:00,25.380499,85.0,1.0,0.0,25.0
2024-04-15 07:00:00,27.5805,37.0,98.0,251.2755,2450.0
2024-04-15 08:00:00,30.780499,29.0,317.0,523.40594,7925.0
2024-04-15 09:00:00,32.830498,59.0,550.0,671.05835,13750.0
2024-04-15 10:00:00,34.580498,72.0,750.0,751.0208,18750.0
2024-04-15 11:00:00,35.9805,84.0,895.0,792.60583,22375.0
2024-04-15 12:00:00,37.1305,67.0,970.0,810.32745,24250.0
2024-04-15 13:00:00,38.1305,96.0,972.0,815.5868,24300.0
2024-04-15 14:00:00,38.6805,96.0,880.0,769.24884,22000.0
2024-04-15 15:00:00,38.580498,95.0,716.0,692.9391,17900.0
2024-04-15 16:00:00,37.9805,96.0,494.0,580.6659,12350.0
2024-04-15 17:00:00,37.1805,97.0,301.0,495.59528,7525.0
2024-04-15 18:00:00,35.1805,45.0,86.0,219.22856,2150.0
2024-04-15 19:00:00,32.5305,11.0,1.0,0.0,25.0
2024-04-15 20:00:00,31.4805,6.0,0.0,0.0,0.0
2024-04-15 21:00:00,29.2305,3.0,0.0,0.0,0.0
2024-04-15 22:00:00,27.8305,2.0,0.0,0.0,0.0
2024-04-15 23:00:00,26.8305,1.0,0.0,0.0,0.0
2024-04-16 00:00:00,25.7305,1.0,0.0,0.0,0.0
2024-04-16 01:00:00,24.7305,30.0,0.0,0.0,0.0
2024-04-16 02:00:00,24.030499,37.0,0.0,0.0,0.0
2024-04-16 03:00:00,23.530499,41.0,0.0,0.0,0.0
2024-04-16 04:00:00,23.1805,14.0,0.0,0.0,0.0
2024-04-16 05:00:00,22.8305,83.0,0.0,0.0,0.0
2024-04-16 06:00:00,22.4305,98.0,2.0,0.0,50.0
2024-04-16 07:00:00,23.780499,60.0,74.0,97.69616,1850.0
2024-04-16 08:00:00,27.030499,38.0,301.0,433.07385,7525.0
2024-04-16 09:00:00,30.630499,83.0,547.0,657.93567,13675.0
2024-04-16 10:00:00,33.6805,76.0,750.0,747.19904,18750.0
2024-04-16 11:00:00,35.8805,100.0,895.0,791.71405,22375.0
2024-04-16 12:00:00,36.7305,98.0,848.0,655.50507,21200.0
2024-04-16 13:00:00,37.4805,97.0,854.0,632.47577,21350.0
2024-04-16 14:00:00,38.580498,97.0,883.0,760.3337,22075.0
2024-04-16 15:00:00,38.4805,100.0,732.0,710.35046,18300.0
2024-04-16 16:00:00,37.7305,90.0,515.0,598.1711,12875.0
2024-04-16 17:00:00,37.580498,91.0,285.0,453.54623,7125.0
2024-04-16 18:00:00,35.7805,85.0,86.0,213.52208,2150.0
2024-04-16 19:00:00,33.3805,9.0,1.0,0.0,25.0
2024-04-16 20:00:00,30.5805,25.0,0.0,0.0,0.0
2024-04-16 21:00:00,28.030499,5.0,0.0,0.0,0.0
2024-04-16 22:00:00,26.9805,4.0,0.0,0.0,0.0
2024-04-16 23:00:00,26.5805,20.0,0.0,0.0,0.0
2024-04-17 00:00:00,26.030499,14.0,0.0,0.0,0.0
2024-04-17 01:00:00,25.4305,2.0,0.0,0.0,0.0
2024-04-17 02:00:00,24.4805,10.0,0.0,0.0,0.0
2024-04-17 03:00:00,23.530499,96.0,0.0,0.0,0.0
2024-04-17 04:00:00,22.630499,100.0,0.0,0.0,0.0
2024-04-17 05:00:00,22.630499,100.0,0.0,0.0,0.0
2024-04-17 06:00:00,23.030499,99.0,2.0,0.0,50.0
2024-04-17 07:00:00,24.380499,100.0,89.0,188.78719,2225.0
2024-04-17 08:00:00,26.9305,99.0,304.0,435.71887,7600.0
2024-04-17 09:00:00,29.9305,100.0,543.0,640.1621,13575.0
2024-04-17 10:00:00,32.5305,100.0,742.0,719.70654,18550.0
2024-04-17 11:00:00,34.7305,100.0,886.0,760.5378,22150.0
2024-04-17 12:00:00,35.9805,100.0,916.0,712.8638,22900.0
2024-04-17 13:00:00,36.1805,100.0,784.0,548.99945,19600.0
2024-04-17 14:00:00,36.8805,100.0,840.0,646.11426,21000.0
2024-04-17 15:00:00,37.0305,99.0,675.0,612.3303,16875.0
2024-04-17 16:00:00,36.2305,99.0,487.0,516.0071,12175.0
2024-04-17 17:00:00,33.330498,100.0,236.0,237.62468,5900.0
2024-04-17 18:00:00,30.6805,100.0,82.0,153.13168,2050.0
2024-04-17 19:00:00,29.4305,18.0,1.0,0.0,25.0
2024-04-17 20:00:00,28.530499,8.0,0.0,0.0,0.0
2024-04-17 21:00:00,27.6805,2.0,0.0,0.0,0.0
2024-04-17 22:00:00,26.9805,39.0,0.0,0.0,0.0
2024-04-17 23:00:00,26.6805,77.0,0.0,0.0,0.0
2024-04-18 00:00:00,26.4805,83.0,0.0,0.0,0.0
2024-04-18 01:00:00,26.1805,95.0,0.0,0.0,0.0
2024-04-18 02:00:00,26.0805,21.0,0.0,0.0,0.0
2024-04-18 03:00:00,26.030499,12.0,0.0,0.0,0.0
2024-04-18 04:00:00,26.030499,1.0,0.0,0.0,0.0
2024-04-18 05:00:00,26.030499,0.0,0.0,0.0,0.0
2024-04-18 06:00:00,26.4805,10.0,2.0,0.0,50.0
2024-04-18 07:00:00,27.7305,5.0,98.0,235.91049,2450.0
2024-04-18 08:00:00,30.3305,11.0,314.0,498.62518,7850.0
2024-04-18 09:00:00,33.080498,24.0,543.0,646.4335,13575.0
2024-04-18 10:00:00,35.6805,25.0,743.0,736.02185,18575.0
2024-04-18 11:00:00,37.2305,23.0,850.0,729.4721,21250.0
2024-04-18 12:00:00,38.1805,27.0,873.0,674.9239,21825.0
2024-04-18 13:00:00,38.7805,47.0,885.0,692.83734,22125.0
2024-04-18 14:00:00,38.7305,96.0,792.0,628.5937,19800.0
2024-04-18 15:00:00,36.4805,100.0,446.0,166.85364,11150.0
2024-04-18 16:00:00,32.330498,91.0,140.0,24.105278,3500.0
2024-04-18 17:00:00,32.7805,57.0,218.0,230.09633,5450.0
2024-04-18 18:00:00,32.1805,39.0,85.0,202.12732,2125.0
2024-04-18 19:00:00,31.1805,88.0,2.0,0.0,50.0
2024-04-18 20:00:00,30.2305,94.0,0.0,0.0,0.0
2024-04-18 21:00:00,29.1805,6.0,0.0,0.0,0.0
2024-04-18 22:00:00,27.4305,29.0,0.0,0.0,0.0
2024-04-18 23:00:00,26.1805,23.0,0.0,0.0,0.0
2024-04-19 00:00:00,25.4305,15.0,0.0,0.0,0.0
2024-04-19 01:00:00,25.030499,19.0,0.0,0.0,0.0
2024-04-19 02:00:00,24.630499,84.0,0.0,0.0,0.0
2024-04-19 03:00:00,24.6805,65.0,0.0,0.0,0.0
2024-04-19 04:00:00,24.9805,46.0,0.0,0.0,0.0
2024-04-19 05:00:00,24.630499,42.0,0.0,0.0,0.0
2024-04-19 06:00:00,24.630499,100.0,1.0,0.0,25.0
2024-04-19 07:00:00,25.530499,36.0,56.0,63.967407,1400.0
2024-04-19 08:00:00,27.780499,22.0,255.0,278.10703,6375.0
2024-04-19 09:00:00,30.530499,46.0,532.0,608.2718,13300.0
2024-04-19 10:00:00,32.9305,80.0,733.0,711.23944,18325.0
2024-04-19 11:00:00,34.0305,78.0,843.0,698.5117,21075.0
2024-04-19 12:00:00,34.3805,59.0,648.0,386.89624,16200.0
2024-04-19 13:00:00,35.9805,90.0,856.0,617.5614,21400.0
2024-04-19 14:00:00,36.2305,96.0,640.0,404.86594,16000.0
2024-04-19 15:00:00,31.0805,86.0,326.0,122.92358,8150.0
2024-04-19 16:00:00,32.2305,96.0,394.0,353.43924,9850.0
2024-04-19 17:00:00,31.630499,97.0,232.0,234.8041,5800.0
2024-04-19 18:00:00,31.8305,93.0,86.0,169.15443,2150.0
2024-04-19 19:00:00,30.280499,88.0,1.0,0.0,25.0
2024-04-19 20:00:00,26.8305,81.0,0.0,0.0,0.0
2024-04-19 21:00:00,26.030499,3.0,0.0,0.0,0.0
2024-04-19 22:00:00,25.6805,6.0,0.0,0.0,0.0
2024-04-19 23:00:00,25.4805,7.0,0.0,0.0,0.0
2024-04-20 00:00:00,24.880499,82.0,0.0,0.0,0.0
2024-04-20 01:00:00,23.880499,98.0,0.0,0.0,0.0
2024-04-20 02:00:00,23.5805,100.0,0.0,0.0,0.0
2024-04-20 03:00:00,23.0805,96.0,0.0,0.0,0.0
2024-04-20 04:00:00,23.280499,45.0,0.0,0.0,0.0
2024-04-20 05:00:00,23.2305,37.0,0.0,0.0,0.0
2024-04-20 06:00:00,23.4305,94.0,2.0,0.0,50.0
2024-04-20 07:00:00,25.0805,80.0,99.0,212.03778,2475.0
2024-04-20 08:00:00,26.880499,62.0,301.0,431.98154,7525.0
2024-04-20 09:00:00,28.380499,94.0,454.0,410.34592,11350.0
2024-04-20 10:00:00,30.780499,100.0,682.0,567.18097,17050.0
2024-04-20 11:00:00,31.3305,98.0,777.0,530.4474,19425.0
2024-04-20 12:00:00,32.7805,99.0,874.0,611.42,21850.0
2024-04-20 13:00:00,32.0305,100.0,803.0,467.3388,20075.0
2024-04-20 14:00:00,33.0305,100.0,690.0,341.84933,17250.0
2024-04-20 15:00:00,32.4805,100.0,557.0,319.80118,13925.0
2024-04-20 16:00:00,27.130499,100.0,356.0,167.0305,8900.0
2024-04-20 17:00:00,27.9805,99.0,100.0,36.657764,2500.0
2024-04-20 18:00:00,28.9305,100.0,65.0,27.250353,1625.0
2024-04-20 19:00:00,27.5805,100.0,2.0,0.0,50.0
2024-04-20 20:00:00,27.0805,100.0,0.0,0.0,0.0
2024-04-20 21:00:00,26.380499,100.0,0.0,0.0,0.0
2024-04-20 22:00:00,26.780499,92.0,0.0,0.0,0.0
2024-04-20 23:00:00,25.7305,50.0,0.0,0.0,0.0
2024-04-21 00:00:00,24.9805,34.0,0.0,0.0,0.0
2024-04-21 01:00:00,24.4305,95.0,0.0,0.0,0.0
2024-04-21 02:00:00,23.9805,41.0,0.0,0.0,0.0
2024-04-21 03:00:00,23.530499,83.0,0.0,0.0,0.0
2024-04-21 04:00:00,23.530499,100.0,0.0,0.0,0.0
2024-04-21 05:00:00,23.530499,100.0,0.0,0.0,0.0
2024-04-21 06:00:00,24.0805,21.0,3.0,0.0,75.0
2024-04-21 07:00:00,26.530499,99.0,105.0,263.63263,2625.0
2024-04-21 08:00:00,29.2305,92.0,320.0,506.15378,8000.0
2024-04-21 09:00:00,30.9305,100.0,525.0,556.4114,13125.0
2024-04-21 10:00:00,32.5305,100.0,691.0,545.29913,17275.0
2024-04-21 11:00:00,33.9305,60.0,832.0,609.89636,20800.0
2024-04-21 12:00:00,35.1305,98.0,930.0,737.6025,23250.0
2024-04-21 13:00:00,35.580498,98.0,895.0,691.1914,22375.0
2024-04-21 14:00:00,35.2805,82.0,761.0,550.1281,19025.0
2024-04-21 15:00:00,34.3805,100.0,515.0,347.33984,12875.0
2024-04-21 16:00:00,31.4805,99.0,320.0,260.10242,8000.0
2024-04-21 17:00:00,31.5805,24.0,201.0,180.68915,5025.0
2024-04-21 18:00:00,30.880499,96.0,75.0,119.75164,1875.0
2024-04-21 19:00:00,29.5805,84.0,2.0,0.0,50.0
2024-04-21 20:00:00,27.7305,12.0,0.0,0.0,0.0
2024-04-21 21:00:00,26.780499,1.0,0.0,0.0,0.0
2024-04-21 22:00:00,26.280499,1.0,0.0,0.0,0.0
2024-04-21 23:00:00,25.880499,1.0,0.0,0.0,0.0
2024-04-22 00:00:00,25.6805,0.0,0.0,0.0,0.0
2024-04-22 01:00:00,25.280499,0.0,0.0,0.0,0.0
2024-04-22 02:00:00,24.630499,14.0,0.0,0.0,0.0
2024-04-22 03:00:00,24.280499,7.0,0.0,0.0,0.0
2024-04-22 04:00:00,23.880499,0.0,0.0,0.0,0.0
2024-04-22 05:00:00,22.9305,0.0,0.0,0.0,0.0
2024-04-22 06:00:00,23.9805,48.0,3.0,0.0,75.0
2024-04-22 07:00:00,25.0805,65.0,86.0,141.63457,2150.0
2024-04-22 08:00:00,27.130499,24.0,254.0,298.17926,6350.0
2024-04-22 09:00:00,29.7305,17.0,473.0,479.49243,11825.0
2024-04-22 10:00:00,32.0305,7.0,703.0,650.05695,17575.0
2024-04-22 11:00:00,33.580498,40.0,850.0,728.0904,21250.0
2024-04-22 12:00:00,34.5305,27.0,837.0,617.94257,20925.0
2024-04-22 13:00:00,35.3805,33.0,883.0,679.88245,22075.0
2024-04-22 14:00:00,35.4305,74.0,756.0,616.233,18900.0
2024-04-22 15:00:00,35.2305,86.0,623.0,542.8765,15575.0
2024-04-22 16:00:00,30.880499,97.0,396.0,383.61087,9900.0
2024-04-22 17:00:00,27.780499,87.0,180.0,207.36226,4500.0
2024-04-22 18:00:00,30.3305,64.0,86.0,201.1395,2150.0
2024-04-22 19:00:00,29.4305,54.0,2.0,0.0,50.0
2024-04-22 20:00:00,28.030499,73.0,0.0,0.0,0.0
2024-04-22 21:00:00,27.030499,47.0,0.0,0.0,0.0
2024-04-22 22:00:00,26.280499,23.0,0.0,0.0,0.0
2024-04-22 23:00:00,25.4805,5.0,0.0,0.0,0.0
2024-04-23 00:00:00,24.7305,0.0,0.0,0.0,0.0
2024-04-23 01:00:00,24.130499,3.0,0.0,0.0,0.0
2024-04-23 02:00:00,24.130499,19.0,0.0,0.0,0.0
2024-04-23 03:00:00,24.3305,25.0,0.0,0.0,0.0
2024-04-23 04:00:00,24.0805,9.0,0.0,0.0,0.0
2024-04-23 05:00:00,23.880499,9.0,0.0,0.0,0.0
2024-04-23 06:00:00,24.630499,76.0,3.0,0.0,75.0
2024-04-23 07:00:00,26.280499,49.0,109.0,271.43213,2725.0
2024-04-23 08:00:00,28.7305,37.0,327.0,520.91534,8175.0
2024-04-23 09:00:00,31.1805,6.0,552.0,659.5035,13800.0
2024-04-23 10:00:00,33.2805,2.0,751.0,743.44684,18775.0
2024-04-23 11:00:00,34.7805,81.0,881.0,767.4626,22025.0
2024-04-23 12:00:00,35.4805,17.0,835.0,627.8098,20875.0
2024-04-23 13:00:00,36.2805,15.0,888.0,692.9129,22200.0
2024-04-23 14:00:00,37.1305,15.0,817.0,691.0145,20425.0
2024-04-23 15:00:00,37.2305,38.0,705.0,679.4504,17625.0
2024-04-23 16:00:00,36.830498,55.0,480.0,526.29926,12000.0
2024-04-23 17:00:00,36.0305,35.0,262.0,350.97635,6550.0
2024-04-23 18:00:00,35.6805,30.0,84.0,190.01564,2100.0
2024-04-23 19:00:00,31.780499,43.0,1.0,0.0,25.0
2024-04-23 20:00:00,29.380499,10.0,0.0,0.0,0.0
2024-04-23 21:00:00,28.030499,14.0,0.0,0.0,0.0
2024-04-23 22:00:00,27.280499,26.0,0.0,0.0,0.0
2024-04-23 23:00:00,26.880499,12.0,0.0,0.0,0.0
2024-04-24 00:00:00,26.880499,0.0,0.0,0.0,0.0
2024-04-24 01:00:00,26.530499,0.0,0.0,0.0,0.0
2024-04-24 02:00:00,25.130499,3.0,0.0,0.0,0.0
2024-04-24 03:00:00,23.8305,0.0,0.0,0.0,0.0
2024-04-24 04:00:00,23.1805,0.0,0.0,0.0,0.0
2024-04-24 05:00:00,22.6805,1.0,0.0,0.0,0.0
2024-04-24 06:00:00,23.4805,100.0,3.0,0.0,75.0
2024-04-24 07:00:00,24.8305,19.0,82.0,109.09092,2050.0
2024-04-24 08:00:00,27.6805,7.0,314.0,460.2037,7850.0
2024-04-24 09:00:00,30.6805,0.0,554.0,653.4676,13850.0
2024-04-24 10:00:00,32.5305,16.0,752.0,743.8349,18800.0
2024-04-24 11:00:00,33.6305,62.0,828.0,692.6343,20700.0
2024-04-24 12:00:00,34.6805,40.0,939.0,755.9347,23475.0
2024-04-24 13:00:00,35.080498,35.0,879.0,691.78,21975.0
2024-04-24 14:00:00,35.1805,74.0,780.0,635.63403,19500.0
2024-04-24 15:00:00,35.7805,100.0,694.0,649.29333,17350.0
2024-04-24 16:00:00,25.280499,98.0,172.0,27.269491,4300.0
2024-04-24 17:00:00,28.7305,25.0,249.0,267.86078,6225.0
2024-04-24 18:00:00,29.130499,33.0,96.0,238.55624,2400.0
2024-04-24 19:00:00,28.3305,41.0,2.0,0.0,50.0
2024-04-24 20:00:00,27.6805,12.0,0.0,0.0,0.0
2024-04-24 21:00:00,26.8305,4.0,0.0,0.0,0.0
2024-04-24 22:00:00,26.030499,13.0,0.0,0.0,0.0
2024-04-24 23:00:00,25.130499,17.0,0.0,0.0,0.0
2024-04-25 00:00:00,24.4805,0.0,0.0,0.0,0.0
2024-04-25 01:00:00,23.7305,0.0,0.0,0.0,0.0
2024-04-25 02:00:00,23.1805,8.0,0.0,0.0,0.0
2024-04-25 03:00:00,22.8305,89.0,0.0,0.0,0.0
2024-04-25 04:00:00,22.9305,76.0,0.0,0.0,0.0
2024-04-25 05:00:00,22.6805,89.0,0.0,0.0,0.0
2024-04-25 06:00:00,23.3305,100.0,3.0,0.0,75.0
2024-04-25 07:00:00,24.7305,13.0,89.0,113.752144,2225.0
2024-04-25 08:00:00,28.530499,32.0,328.0,509.94302,8200.0
2024-04-25 09:00:00,31.280499,100.0,553.0,645.935,13825.0
2024-04-25 10:00:00,32.9805,90.0,694.0,555.10706,17350.0
2024-04-25 11:00:00,34.4805,75.0,849.0,708.3612,21225.0
2024-04-25 12:00:00,35.7805,18.0,918.0,739.5309,22950.0
2024-04-25 13:00:00,36.6805,10.0,881.0,692.6943,22025.0
2024-04-25 14:00:00,37.4305,26.0,812.0,668.1324,20300.0
2024-04-25 15:00:00,37.3805,46.0,655.0,577.7929,16375.0
2024-04-25 16:00:00,37.1805,21.0,490.0,537.21106,12250.0
2024-04-25 17:00:00,36.080498,19.0,281.0,433.04532,7025.0
2024-04-25 18:00:00,33.9805,34.0,87.0,194.91699,2175.0
2024-04-25 19:00:00,31.780499,16.0,2.0,0.0,50.0
2024-04-25 20:00:00,28.2305,2.0,0.0,0.0,0.0
2024-04-25 21:00:00,27.2305,0.0,0.0,0.0,0.0
2024-04-25 22:00:00,26.5805,0.0,0.0,0.0,0.0
2024-04-25 23:00:00,25.9805,1.0,0.0,0.0,0.0
2024-04-26 00:00:00,25.280499,0.0,0.0,0.0,0.0
2024-04-26 01:00:00,24.280499,0.0,0.0,0.0,0.0
2024-04-26 02:00:00,23.4805,1.0,0.0,0.0,0.0
2024-04-26 03:00:00,22.9805,0.0,0.0,0.0,0.0
2024-04-26 04:00:00,22.7305,25.0,0.0,0.0,0.0
2024-04-26 05:00:00,22.5805,100.0,0.0,0.0,0.0
2024-04-26 06:00:00,23.4805,63.0,3.0,0.0,75.0
2024-04-26 07:00:00,24.780499,19.0,93.0,144.12036,2325.0
2024-04-26 08:00:00,28.1805,0.0,332.0,510.42694,8300.0
2024-04-26 09:00:00,31.7305,0.0,568.0,682.296,14200.0
2024-04-26 10:00:00,34.2305,23.0,765.0,760.79004,19125.0
2024-04-26 11:00:00,35.6805,28.0,817.0,681.06506,20425.0
2024-04-26 12:00:00,36.580498,12.0,861.0,682.76404,21525.0
2024-04-26 13:00:00,37.7805,18.0,899.0,717.93115,22475.0
2024-04-26 14:00:00,38.330498,15.0,798.0,662.68195,19950.0
2024-04-26 15:00:00,38.330498,46.0,677.0,641.66406,16925.0
2024-04-26 16:00:00,37.6305,93.0,462.0,493.77084,11550.0
2024-04-26 17:00:00,37.080498,92.0,278.0,410.76367,6950.0
2024-04-26 18:00:00,31.2305,45.0,93.0,227.08789,2325.0
2024-04-26 19:00:00,28.9305,52.0,2.0,0.0,50.0
2024-04-26 20:00:00,27.9805,54.0,0.0,0.0,0.0
2024-04-26 21:00:00,27.1805,48.0,0.0,0.0,0.0
2024-04-26 22:00:00,26.9305,36.0,0.0,0.0,0.0
2024-04-26 23:00:00,26.630499,47.0,0.0,0.0,0.0
2024-04-27 00:00:00,26.280499,95.0,0.0,0.0,0.0
2024-04-27 01:00:00,25.2305,95.0,0.0,0.0,0.0
2024-04-27 02:00:00,23.9305,82.0,0.0,0.0,0.0
2024-04-27 03:00:00,23.530499,1.0,0.0,0.0,0.0
2024-04-27 04:00:00,22.9305,0.0,0.0,0.0,0.0
2024-04-27 05:00:00,22.630499,10.0,0.0,0.0,0.0
2024-04-27 06:00:00,23.8305,84.0,4.0,0.0,100.0
2024-04-27 07:00:00,27.030499,51.0,118.0,301.07724,2950.0
2024-04-27 08:00:00,30.1805,6.0,340.0,548.12427,8500.0
2024-04-27 09:00:00,32.7305,0.0,572.0,688.89667,14300.0
2024-04-27 10:00:00,35.1305,0.0,769.0,767.45575,19225.0
2024-04-27 11:00:00,36.9305,1.0,911.0,809.75885,22775.0
2024-04-27 12:00:00,38.1805,1.0,970.0,812.85767,24250.0
2024-04-27 13:00:00,38.9805,2.0,973.0,817.0974,24325.0
2024-04-27 14:00:00,39.6805,3.0,895.0,796.071,22375.0
2024-04-27 15:00:00,39.7805,6.0,749.0,750.6499,18725.0
2024-04-27 16:00:00,39.0305,12.0,531.0,639.4755,13275.0
2024-04-27 17:00:00,38.1805,36.0,311.0,497.79013,7775.0
2024-04-27 18:00:00,35.3805,11.0,99.0,248.36562,2475.0
2024-04-27 19:00:00,31.630499,5.0,2.0,0.0,50.0
2024-04-27 20:00:00,28.780499,31.0,0.0,0.0,0.0
2024-04-27 21:00:00,27.7305,84.0,0.0,0.0,0.0
2024-04-27 22:00:00,26.9305,76.0,0.0,0.0,0.0
2024-04-27 23:00:00,25.6805,88.0,0.0,0.0,0.0
2024-04-28 00:00:00,25.130499,86.0,0.0,0.0,0.0
2024-04-28 01:00:00,24.280499,77.0,0.0,0.0,0.0
2024-04-28 02:00:00,23.380499,87.0,0.0,0.0,0.0
2024-04-28 03:00:00,23.1805,97.0,0.0,0.0,0.0
2024-04-28 04:00:00,23.130499,93.0,0.0,0.0,0.0
2024-04-28 05:00:00,22.880499,93.0,0.0,0.0,0.0
2024-04-28 06:00:00,23.3305,100.0,4.0,0.0,100.0
2024-04-28 07:00:00,24.630499,99.0,96.0,131.45357,2400.0
2024-04-28 08:00:00,27.9805,100.0,330.0,495.35205,8250.0
2024-04-28 09:00:00,31.280499,98.0,568.0,672.1346,14200.0
2024-04-28 10:00:00,33.7805,98.0,765.0,756.8951,19125.0
2024-04-28 11:00:00,35.7305,99.0,885.0,772.83215,22125.0
2024-04-28 12:00:00,36.580498,97.0,771.0,601.69336,19275.0
2024-04-28 13:00:00,37.830498,96.0,932.0,756.3048,23300.0
2024-04-28 14:00:00,38.2805,100.0,838.0,716.8987,20950.0
2024-04-28 15:00:00,38.7805,100.0,750.0,755.6244,18750.0
2024-04-28 16:00:00,38.6305,95.0,545.0,660.1243,13625.0
2024-04-28 17:00:00,38.0305,91.0,294.0,468.1993,7350.0
2024-04-28 18:00:00,34.8805,54.0,83.0,204.87822,2075.0
2024-04-28 19:00:00,32.9805,27.0,2.0,0.0,50.0
2024-04-28 20:00:00,28.4305,20.0,0.0,0.0,0.0
2024-04-28 21:00:00,27.630499,4.0,0.0,0.0,0.0
2024-04-28 22:00:00,26.880499,18.0,0.0,0.0,0.0
2024-04-28 23:00:00,26.380499,34.0,0.0,0.0,0.0
2024-04-29 00:00:00,25.9805,24.0,0.0,0.0,0.0
2024-04-29 01:00:00,25.280499,36.0,0.0,0.0,0.0
2024-04-29 02:00:00,24.6805,0.0,0.0,0.0,0.0
2024-04-29 03:00:00,23.9805,60.0,0.0,0.0,0.0
2024-04-29 04:00:00,23.880499,33.0,0.0,0.0,0.0
2024-04-29 05:00:00,23.630499,27.0,0.0,0.0,0.0
2024-04-29 06:00:00,24.7305,21.0,4.0,0.0,100.0
2024-04-29 07:00:00,26.0805,0.0,113.0,255.55554,2825.0
2024-04-29 08:00:00,28.780499,34.0,341.0,544.5027,8525.0
2024-04-29 09:00:00,31.8305,14.0,564.0,664.8219,14100.0
2024-04-29 10:00:00,34.4305,17.0,761.0,752.55536,19025.0
2024-04-29 11:00:00,36.1805,15.0,884.0,775.7266,22100.0
2024-04-29 12:00:00,37.2305,30.0,893.0,712.6222,22325.0
2024-04-29 13:00:00,37.9305,13.0,880.0,688.45087,22000.0
2024-04-29 14:00:00,38.2805,39.0,833.0,719.08325,20825.0
2024-04-29 15:00:00,38.4805,99.0,719.0,691.68945,17975.0
2024-04-29 16:00:00,38.1805,36.0,508.0,555.8225,12700.0
2024-04-29 17:00:00,37.1305,62.0,297.0,465.3174,7425.0
2024-04-29 18:00:00,34.6305,74.0,93.0,231.49849,2325.0
2024-04-29 19:00:00,31.530499,94.0,2.0,0.0,50.0
2024-04-29 20:00:00,29.280499,75.0,0.0,0.0,0.0
2024-04-29 21:00:00,28.380499,83.0,0.0,0.0,0.0
2024-04-29 22:00:00,27.4805,13.0,0.0,0.0,0.0
2024-04-29 23:00:00,26.880499,0.0,0.0,0.0,0.0
2024-04-30 00:00:00,26.6805,0.0,0.0,0.0,0.0
2024-04-30 01:00:00,26.280499,0.0,0.0,0.0,0.0
2024-04-30 02:00:00,25.5805,0.0,0.0,0.0,0.0
2024-04-30 03:00:00,24.8305,0.0,0.0,0.0,0.0
2024-04-30 04:00:00,24.5805,0.0,0.0,0.0,0.0
2024-04-30 05:00:00,24.3305,0.0,0.0,0.0,0.0
2024-04-30 06:00:00,24.3305,79.0,5.0,0.0,125.0
2024-04-30 07:00:00,26.380499,3.0,107.0,183.81332,2675.0
2024-04-30 08:00:00,30.630499,20.0,346.0,554.3058,8650.0
2024-04-30 09:00:00,34.4305,43.0,574.0,688.67615,14350.0
2024-04-30 10:00:00,36.7805,30.0,768.0,763.03424,19200.0
2024-04-30 11:00:00,38.1305,25.0,906.0,802.28125,22650.0
2024-04-30 12:00:00,39.080498,3.0,967.0,809.41205,24175.0
2024-04-30 13:00:00,39.9305,23.0,954.0,792.7295,23850.0
2024-04-30 14:00:00,39.6305,14.0,778.0,639.9334,19450.0
2024-04-30 15:00:00,39.6305,27.0,695.0,655.33215,17375.0
2024-04-30 16:00:00,39.6805,23.0,489.0,533.2475,12225.0
2024-04-30 17:00:00,35.7805,62.0,253.0,312.32443,6325.0
2024-04-30 18:00:00,31.6805,59.0,87.0,204.2773,2175.0
2024-04-30 19:00:00,30.2305,35.0,2.0,0.0,50.0
2024-04-30 20:00:00,27.6805,75.0,0.0,0.0,0.0
2024-04-30 21:00:00,27.280499,100.0,0.0,0.0,0.0
2024-04-30 22:00:00,26.6805,99.0,0.0,0.0,0.0
2024-04-30 23:00:00,26.030499,27.0,0.0,0.0,0.0
2024-05-01 00:00:00,25.3305,11.0,0.0,0.0,0.0
2024-05-01 01:00:00,24.530499,13.0,0.0,0.0,0.0
2024-05-01 02:00:00,24.030499,96.0,0.0,0.0,0.0
2024-05-01 03:00:00,24.030499,21.0,0.0,0.0,0.0
2024-05-01 04:00:00,23.4305,38.0,0.0,0.0,0.0
2024-05-01 05:00:00,22.9305,79.0,0.0,0.0,0.0
2024-05-01 06:00:00,24.7305,99.0,4.0,0.0,100.0
2024-05-01 07:00:00,25.780499,73.0,116.0,266.05447,2900.0
2024-05-01 08:00:00,27.6805,99.0,323.0,458.63156,8075.0
2024-05-01 09:00:00,29.7305,90.0,552.0,633.34503,13800.0
2024-05-01 10:00:00,31.9305,83.0,756.0,740.33673,18900.0
2024-05-01 11:00:00,33.9305,97.0,896.0,786.9798,22400.0
2024-05-01 12:00:00,35.7805,87.0,967.0,803.2739,24175.0
2024-05-01 13:00:00,36.9805,100.0,956.0,799.8349,23900.0
2024-05-01 14:00:00,37.3805,100.0,812.0,685.5268,20300.0
2024-05-01 15:00:00,37.4805,100.0,712.0,686.64417,17800.0
2024-05-01 16:00:00,36.8805,100.0,498.0,499.47833,12450.0
2024-05-01 17:00:00,34.830498,87.0,234.0,253.9604,5850.0
2024-05-01 18:00:00,32.080498,100.0,88.0,187.86684,2200.0
2024-05-01 19:00:00,29.380499,100.0,2.0,0.0,50.0
2024-05-01 20:00:00,27.6805,6.0,0.0,0.0,0.0
2024-05-01 21:00:00,26.530499,5.0,0.0,0.0,0.0
2024-05-01 22:00:00,25.5805,1.0,0.0,0.0,0.0
2024-05-01 23:00:00,24.9305,0.0,0.0,0.0,0.0
2024-05-02 00:00:00,24.280499,0.0,0.0,0.0,0.0
2024-05-02 01:00:00,23.8305,0.0,0.0,0.0,0.0
2024-05-02 02:00:00,23.4805,0.0,0.0,0.0,0.0
2024-05-02 03:00:00,23.1805,0.0,0.0,0.0,0.0
2024-05-02 04:00:00,23.130499,0.0,0.0,0.0,0.0
2024-05-02 05:00:00,23.030499,0.0,0.0,0.0,0.0
2024-05-02 06:00:00,23.1805,0.0,6.0,12.7866335,150.0
2024-05-02 07:00:00,25.5805,0.0,127.0,327.49127,3175.0
2024-05-02 08:00:00,29.030499,0.0,351.0,562.5063,8775.0
2024-05-02 09:00:00,32.0305,0.0,579.0,694.4851,14475.0
2024-05-02 10:00:00,34.580498,0.0,772.0,766.8724,19300.0
2024-05-02 11:00:00,36.580498,0.0,911.0,808.2151,22775.0
2024-05-02 12:00:00,37.8805,0.0,981.0,825.4166,24525.0
2024-05-02 13:00:00,38.5305,0.0,977.0,824.1722,24425.0
2024-05-02 14:00:00,38.7805,0.0,898.0,804.9013,22450.0
2024-05-02 15:00:00,38.7305,0.0,752.0,761.8147,18800.0
2024-05-02 16:00:00,38.3805,1.0,554.0,683.3861,13850.0
2024-05-02 17:00:00,36.9305,17.0,324.0,538.80756,8100.0
2024-05-02 18:00:00,33.8805,64.0,106.0,284.04855,2650.0
2024-05-02 19:00:00,30.9305,84.0,3.0,0.0,75.0
2024-05-02 20:00:00,28.530499,98.0,0.0,0.0,0.0
2024-05-02 21:00:00,26.880499,99.0,0.0,0.0,0.0
2024-05-02 22:00:00,25.630499,12.0,0.0,0.0,0.0
2024-05-02 23:00:00,24.780499,1.0,0.0,0.0,0.0
2024-05-03 00:00:00,24.1805,0.0,0.0,0.0,0.0
2024-05-03 01:00:00,24.130499,1.0,0.0,0.0,0.0
2024-05-03 02:00:00,24.4805,23.0,0.0,0.0,0.0
2024-05-03 03:00:00,24.4805,47.0,0.0,0.0,0.0
2024-05-03 04:00:00,23.9805,52.0,0.0,0.0,0.0
2024-05-03 05:00:00,23.7305,69.0,0.0,0.0,0.0
2024-05-03 06:00:00,24.380499,91.0,6.0,12.644613,150.0
2024-05-03 07:00:00,26.9305,97.0,129.0,325.0065,3225.0
2024-05-03 08:00:00,29.7305,97.0,353.0,565.53687,8825.0
2024-05-03 09:00:00,31.6805,70.0,581.0,696.6874,14525.0
2024-05-03 10:00:00,34.0305,12.0,775.0,768.85376,19375.0
2024-05-03 11:00:00,35.9805,46.0,915.0,812.3044,22875.0
2024-05-03 12:00:00,37.2305,67.0,986.0,831.4387,24650.0
2024-05-03 13:00:00,38.1805,88.0,982.0,830.30457,24550.0
2024-05-03 14:00:00,38.830498,91.0,905.0,812.5647,22625.0
2024-05-03 15:00:00,38.580498,90.0,759.0,770.5801,18975.0
2024-05-03 16:00:00,37.4805,85.0,559.0,691.18756,13975.0
2024-05-03 17:00:00,35.3805,45.0,328.0,547.89594,8200.0
2024-05-03 18:00:00,31.7305,100.0,106.0,262.2014,2650.0
2024-05-03 19:00:00,29.1805,100.0,3.0,0.0,75.0
2024-05-03 20:00:00,27.130499,99.0,0.0,0.0,0.0
2024-05-03 21:00:00,25.780499,100.0,0.0,0.0,0.0
2024-05-03 22:00:00,24.780499,10.0,0.0,0.0,0.0
2024-05-03 23:00:00,23.9305,19.0,0.0,0.0,0.0
2024-05-04 00:00:00,23.1805,1.0,0.0,0.0,0.0
2024-05-04 01:00:00,22.380499,36.0,0.0,0.0,0.0
2024-05-04 02:00:00,21.780499,62.0,0.0,0.0,0.0
2024-05-04 03:00:00,21.4805,100.0,0.0,0.0,0.0
2024-05-04 04:00:00,21.3305,60.0,0.0,0.0,0.0
2024-05-04 05:00:00,20.9805,18.0,0.0,0.0,0.0
2024-05-04 06:00:00,21.8305,23.0,6.0,12.510974,150.0
2024-05-04 07:00:00,23.880499,31.0,131.0,332.2803,3275.0
2024-05-04 08:00:00,26.9805,97.0,357.0,570.898,8925.0
2024-05-04 09:00:00,30.1805,81.0,578.0,663.37506,14450.0
2024-05-04 10:00:00,33.2805,0.0,783.0,775.7865,19575.0
2024-05-04 11:00:00,35.830498,0.0,926.0,825.0083,23150.0
2024-05-04 12:00:00,37.5305,0.0,997.0,842.5308,24925.0
2024-05-04 13:00:00,38.830498,0.0,993.0,842.5314,24825.0
2024-05-04 14:00:00,39.4305,0.0,914.0,824.5795,22850.0
2024-05-04 15:00:00,39.330498,0.0,769.0,783.10693,19225.0
2024-05-04 16:00:00,38.1305,0.0,565.0,702.179,14125.0
2024-05-04 17:00:00,34.9805,0.0,329.0,552.13007,8225.0
2024-05-04 18:00:00,30.630499,1.0,106.0,283.15378,2650.0
2024-05-04 19:00:00,28.280499,0.0,3.0,0.0,75.0
2024-05-04 20:00:00,26.3305,0.0,0.0,0.0,0.0
2024-05-04 21:00:00,24.880499,0.0,0.0,0.0,0.0
2024-05-04 22:00:00,23.880499,0.0,0.0,0.0,0.0
2024-05-04 23:00:00,23.2305,0.0,0.0,0.0,0.0
2024-05-05 00:00:00,22.6805,0.0,0.0,0.0,0.0
2024-05-05 01:00:00,22.030499,3.0,0.0,0.0,0.0
2024-05-05 02:00:00,21.4305,20.0,0.0,0.0,0.0
2024-05-05 03:00:00,21.1805,56.0,0.0,0.0,0.0
2024-05-05 04:00:00,21.0805,17.0,0.0,0.0,0.0
2024-05-05 05:00:00,20.530499,44.0,0.0,0.0,0.0
2024-05-05 06:00:00,21.6805,40.0,6.0,12.385441,150.0
2024-05-05 07:00:00,23.3305,0.0,119.0,258.24582,2975.0
2024-05-05 08:00:00,26.380499,1.0,354.0,562.693,8850.0
2024-05-05 09:00:00,29.4805,0.0,582.0,695.067,14550.0
2024-05-05 10:00:00,32.1805,0.0,775.0,771.71405,19375.0
2024-05-05 11:00:00,34.4805,0.0,912.0,810.9251,22800.0
2024-05-05 12:00:00,36.5305,4.0,979.0,825.3945,24475.0
2024-05-05 13:00:00,37.9805,54.0,942.0,788.947,23550.0
2024-05-05 14:00:00,38.830498,71.0,822.0,687.9483,20550.0
2024-05-05 15:00:00,39.1805,58.0,729.0,735.493,18225.0
2024-05-05 16:00:00,34.5305,65.0,434.0,479.70224,10850.0
2024-05-05 17:00:00,34.330498,40.0,255.0,382.9363,6375.0
2024-05-05 18:00:00,31.380499,2.0,98.0,256.02655,2450.0
2024-05-05 19:00:00,27.7305,78.0,3.0,0.0,75.0
2024-05-05 20:00:00,26.4805,42.0,0.0,0.0,0.0
2024-05-05 21:00:00,25.4805,5.0,0.0,0.0,0.0
2024-05-05 22:00:00,24.8305,5.0,0.0,0.0,0.0
2024-05-05 23:00:00,24.2305,24.0,0.0,0.0,0.0
2024-05-06 00:00:00,23.8305,28.0,0.0,0.0,0.0
2024-05-06 01:00:00,23.6805,9.0,0.0,0.0,0.0
2024-05-06 02:00:00,23.030499,1.0,0.0,0.0,0.0
2024-05-06 03:00:00,22.530499,2.0,0.0,0.0,0.0
2024-05-06 04:00:00,22.2305,59.0,0.0,0.0,0.0
2024-05-06 05:00:00,22.2305,83.0,0.0,0.0,0.0
2024-05-06 06:00:00,23.8305,14.0,6.0,12.265205,150.0
2024-05-06 07:00:00,25.1805,4.0,123.0,275.5486,3075.0
2024-05-06 08:00:00,27.4805,0.0,347.0,534.2277,8675.0
2024-05-06 09:00:00,30.280499,0.0,578.0,689.7158,14450.0
2024-05-06 10:00:00,33.0305,0.0,771.0,765.2358,19275.0
2024-05-06 11:00:00,35.580498,0.0,908.0,806.5308,22700.0
2024-05-06 12:00:00,37.6805,13.0,977.0,823.4162,24425.0
2024-05-06 13:00:00,38.8805,4.0,936.0,777.9058,23400.0
2024-05-06 14:00:00,39.6305,1.0,873.0,773.7624,21825.0
2024-05-06 15:00:00,40.0305,45.0,748.0,759.2983,18700.0
2024-05-06 16:00:00,38.2305,55.0,493.0,524.3089,12325.0
2024-05-06 17:00:00,32.5305,7.0,242.0,353.63867,6050.0
2024-05-06 18:00:00,29.9305,9.0,98.0,250.27861,2450.0
2024-05-06 19:00:00,26.9305,5.0,3.0,0.0,75.0
2024-05-06 20:00:00,26.0805,19.0,0.0,0.0,0.0
2024-05-06 21:00:00,24.9805,100.0,0.0,0.0,0.0
2024-05-06 22:00:00,24.6805,54.0,0.0,0.0,0.0
2024-05-06 23:00:00,24.5805,7.0,0.0,0.0,0.0
2024-05-07 00:00:00,23.9805,10.0,0.0,0.0,0.0
2024-05-07 01:00:00,23.530499,4.0,0.0,0.0,0.0
2024-05-07 02:00:00,22.9305,2.0,0.0,0.0,0.0
2024-05-07 03:00:00,22.4805,1.0,0.0,0.0,0.0
2024-05-07 04:00:00,22.030499,1.0,0.0,0.0,0.0
2024-05-07 05:00:00,21.5805,5.0,0.0,0.0,0.0
2024-05-07 06:00:00,22.7305,48.0,7.0,12.15343,175.0
2024-05-07 07:00:00,24.630499,17.0,121.0,240.77806,3025.0
2024-05-07 08:00:00,26.8305,5.0,343.0,512.7376,8575.0
2024-05-07 09:00:00,29.4805,0.0,555.0,636.645,13875.0
2024-05-07 10:00:00,32.2805,0.0,768.0,758.80597,19200.0
2024-05-07 11:00:00,34.6305,0.0,906.0,802.1687,22650.0
2024-05-07 12:00:00,36.580498,0.0,976.0,820.45044,24400.0
2024-05-07 13:00:00,37.830498,0.0,972.0,820.5659,24300.0
2024-05-07 14:00:00,38.3805,0.0,894.0,800.9939,22350.0
2024-05-07 15:00:00,38.330498,6.0,755.0,768.06647,18875.0
2024-05-07 16:00:00,37.080498,9.0,507.0,604.036,12675.0
2024-05-07 17:00:00,35.080498,28.0,292.0,466.17096,7300.0
2024-05-07 18:00:00,32.7305,5.0,104.0,265.80576,2600.0
2024-05-07 19:00:00,29.5805,2.0,3.0,0.0,75.0
2024-05-07 20:00:00,27.380499,3.0,0.0,0.0,0.0
2024-05-07 21:00:00,25.7305,1.0,0.0,0.0,0.0
2024-05-07 22:00:00,24.7305,6.0,0.0,0.0,0.0
2024-05-07 23:00:00,24.030499,15.0,0.0,0.0,0.0
2024-05-08 00:00:00,23.380499,83.0,0.0,0.0,0.0
2024-05-08 01:00:00,23.030499,33.0,0.0,0.0,0.0
2024-05-08 02:00:00,22.630499,4.0,0.0,0.0,0.0
2024-05-08 03:00:00,21.9805,0.0,0.0,0.0,0.0
2024-05-08 04:00:00,21.5805,1.0,0.0,0.0,0.0
2024-05-08 05:00:00,21.4305,0.0,0.0,0.0,0.0
2024-05-08 06:00:00,21.880499,0.0,7.0,12.048209,175.0
2024-05-08 07:00:00,23.5805,0.0,134.0,333.22046,3350.0
2024-05-08 08:00:00,26.030499,0.0,358.0,568.0486,8950.0
2024-05-08 09:00:00,28.630499,0.0,585.0,699.2359,14625.0
2024-05-08 10:00:00,31.280499,0.0,778.0,773.25507,19450.0
2024-05-08 11:00:00,33.6805,57.0,915.0,812.8509,22875.0
2024-05-08 12:00:00,35.4305,64.0,986.0,830.62537,24650.0
2024-05-08 13:00:00,36.4305,0.0,981.0,830.8285,24525.0
2024-05-08 14:00:00,36.9305,0.0,903.0,811.95416,22575.0
2024-05-08 15:00:00,37.2305,0.0,759.0,771.82056,18975.0
2024-05-08 16:00:00,36.830498,8.0,557.0,688.4934,13925.0
2024-05-08 17:00:00,35.830498,14.0,317.0,506.42444,7925.0
2024-05-08 18:00:00,34.9805,3.0,91.0,217.58641,2275.0
2024-05-08 19:00:00,29.780499,0.0,3.0,0.0,75.0
2024-05-08 20:00:00,27.4305,3.0,0.0,0.0,0.0
2024-05-08 21:00:00,26.0805,20.0,0.0,0.0,0.0
2024-05-08 22:00:00,25.1805,57.0,0.0,0.0,0.0
2024-05-08 23:00:00,24.3305,100.0,0.0,0.0,0.0
2024-05-09 00:00:00,23.880499,99.0,0.0,0.0,0.0
2024-05-09 01:00:00,23.530499,98.0,0.0,0.0,0.0
2024-05-09 02:00:00,23.130499,83.0,0.0,0.0,0.0
2024-05-09 03:00:00,22.780499,29.0,0.0,0.0,0.0
2024-05-09 04:00:00,22.3305,3.0,0.0,0.0,0.0
2024-05-09 05:00:00,21.9805,20.0,0.0,0.0,0.0
2024-05-09 06:00:00,22.880499,100.0,7.0,11.948225,175.0
2024-05-09 07:00:00,24.9805,91.0,133.0,317.36282,3325.0
2024-05-09 08:00:00,28.030499,92.0,357.0,562.47296,8925.0
2024-05-09 09:00:00,30.9805,82.0,584.0,697.1451,14600.0
2024-05-09 10:00:00,33.4805,8.0,779.0,774.2616,19475.0
2024-05-09 11:00:00,35.330498,0.0,919.0,818.2003,22975.0
2024-05-09 12:00:00,36.580498,0.0,991.0,838.80304,24775.0
2024-05-09 13:00:00,37.6305,0.0,987.0,838.0651,24675.0
2024-05-09 14:00:00,38.1805,0.0,908.0,818.5778,22700.0
2024-05-09 15:00:00,38.2305,0.0,764.0,779.3281,19100.0
2024-05-09 16:00:00,38.1305,100.0,563.0,697.8284,14075.0
2024-05-09 17:00:00,35.830498,60.0,226.0,254.10529,5650.0
2024-05-09 18:00:00,33.330498,7.0,106.0,280.77768,2650.0
2024-05-09 19:00:00,30.280499,2.0,3.0,0.0,75.0
2024-05-09 20:00:00,27.630499,2.0,0.0,0.0,0.0
2024-05-09 21:00:00,25.9805,2.0,0.0,0.0,0.0
2024-05-09 22:00:00,25.530499,0.0,0.0,0.0,0.0
2024-05-09 23:00:00,24.4305,3.0,0.0,0.0,0.0
2024-05-10 00:00:00,24.0805,3.0,0.0,0.0,0.0
2024-05-10 01:00:00,23.9805,3.0,0.0,0.0,0.0
2024-05-10 02:00:00,24.030499,16.0,0.0,0.0,0.0
2024-05-10 03:00:00,23.780499,0.0,0.0,0.0,0.0
2024-05-10 04:00:00,23.280499,5.0,0.0,0.0,0.0
2024-05-10 05:00:00,23.1805,3.0,0.0,0.0,0.0
2024-05-10 06:00:00,22.8305,99.0,8.0,11.856897,200.0
2024-05-10 07:00:00,24.280499,50.0,106.0,139.28072,2650.0
2024-05-10 08:00:00,27.130499,3.0,308.0,350.36847,7700.0
2024-05-10 09:00:00,30.8305,12.0,576.0,682.8117,14400.0
2024-05-10 10:00:00,33.2805,7.0,766.0,758.1619,19150.0
2024-05-10 11:00:00,35.0305,5.0,898.0,793.55255,22450.0
2024-05-10 12:00:00,36.1805,13.0,934.0,764.2197,23350.0
2024-05-10 13:00:00,37.2805,7.0,896.0,727.74005,22400.0
2024-05-10 14:00:00,37.4305,25.0,824.0,706.8531,20600.0
2024-05-10 15:00:00,36.080498,32.0,638.0,541.259,15950.0
2024-05-10 16:00:00,32.2805,43.0,347.0,312.86688,8675.0
2024-05-10 17:00:00,32.830498,34.0,233.0,277.73306,5825.0
2024-05-10 18:00:00,29.4805,38.0,71.0,148.07037,1775.0
2024-05-10 19:00:00,28.9305,12.0,3.0,0.0,75.0
2024-05-10 20:00:00,28.630499,18.0,0.0,0.0,0.0
2024-05-10 21:00:00,28.030499,13.0,0.0,0.0,0.0
2024-05-10 22:00:00,27.5805,0.0,0.0,0.0,0.0
2024-05-10 23:00:00,26.8305,12.0,0.0,0.0,0.0
2024-05-11 00:00:00,26.4305,20.0,0.0,0.0,0.0
2024-05-11 01:00:00,26.280499,0.0,0.0,0.0,0.0
2024-05-11 02:00:00,26.280499,2.0,0.0,0.0,0.0
2024-05-11 03:00:00,25.9805,12.0,0.0,0.0,0.0
2024-05-11 04:00:00,25.6805,0.0,0.0,0.0,0.0
2024-05-11 05:00:00,25.380499,0.0,0.0,0.0,0.0
2024-05-11 06:00:00,25.9305,14.0,7.0,11.770676,175.0
2024-05-11 07:00:00,28.2305,10.0,115.0,249.48119,2875.0
2024-05-11 08:00:00,30.5805,1.0,320.0,450.7103,8000.0
2024-05-11 09:00:00,32.830498,2.0,565.0,657.7952,14125.0
2024-05-11 10:00:00,34.6805,11.0,745.0,727.4133,18625.0
2024-05-11 11:00:00,35.830498,21.0,847.0,718.526,21175.0
2024-05-11 12:00:00,36.9805,37.0,896.0,705.7841,22400.0
2024-05-11 13:00:00,37.4805,100.0,732.0,482.5504,18300.0
2024-05-11 14:00:00,29.1805,98.0,156.0,0.0,3900.0
2024-05-11 15:00:00,28.880499,57.0,310.0,164.1269,7750.0
2024-05-11 16:00:00,29.3305,99.0,442.0,441.98874,11050.0
2024-05-11 17:00:00,28.4805,86.0,122.0,31.085657,3050.0
2024-05-11 18:00:00,28.3305,100.0,58.0,42.228584,1450.0
2024-05-11 19:00:00,26.4805,100.0,3.0,0.0,75.0
2024-05-11 20:00:00,24.780499,99.0,0.0,0.0,0.0
2024-05-11 21:00:00,24.4305,100.0,0.0,0.0,0.0
2024-05-11 22:00:00,24.530499,100.0,0.0,0.0,0.0
2024-05-11 23:00:00,23.880499,98.0,0.0,0.0,0.0
2024-05-12 00:00:00,23.780499,62.0,0.0,0.0,0.0
2024-05-12 01:00:00,23.7305,57.0,0.0,0.0,0.0
2024-05-12 02:00:00,23.9305,35.0,0.0,0.0,0.0
2024-05-12 03:00:00,23.8305,13.0,0.0,0.0,0.0
2024-05-12 04:00:00,23.780499,57.0,0.0,0.0,0.0
2024-05-12 05:00:00,23.6805,69.0,0.0,0.0,0.0
2024-05-12 06:00:00,24.7305,82.0,6.0,0.0,150.0
2024-05-12 07:00:00,26.0805,11.0,83.0,64.38657,2075.0
2024-05-12 08:00:00,28.8305,58.0,336.0,497.0694,8400.0
2024-05-12 09:00:00,31.3305,11.0,530.0,557.5951,13250.0
2024-05-12 10:00:00,32.580498,30.0,717.0,653.8566,17925.0
2024-05-12 11:00:00,33.330498,33.0,789.0,613.4822,19725.0
2024-05-12 12:00:00,34.1805,35.0,841.0,631.1831,21025.0
2024-05-12 13:00:00,35.080498,60.0,882.0,672.25885,22050.0
2024-05-12 14:00:00,34.6305,100.0,665.0,508.2903,16625.0
2024-05-12 15:00:00,30.3305,100.0,495.0,275.6213,12375.0
2024-05-12 16:00:00,26.780499,98.0,203.0,15.949576,5075.0
2024-05-12 17:00:00,27.7305,100.0,247.0,305.6726,6175.0
2024-05-12 18:00:00,29.8305,94.0,91.0,179.13661,2275.0
2024-05-12 19:00:00,29.8305,86.0,3.0,0.0,75.0
2024-05-12 20:00:00,29.280499,94.0,0.0,0.0,0.0
2024-05-12 21:00:00,28.280499,66.0,0.0,0.0,0.0
2024-05-12 22:00:00,27.530499,61.0,0.0,0.0,0.0
2024-05-12 23:00:00,26.9305,71.0,0.0,0.0,0.0
2024-05-13 00:00:00,26.8305,22.0,0.0,0.0,0.0
2024-05-13 01:00:00,26.530499,44.0,0.0,0.0,0.0
2024-05-13 02:00:00,26.3305,36.0,0.0,0.0,0.0
2024-05-13 03:00:00,25.6805,44.0,0.0,0.0,0.0
2024-05-13 04:00:00,25.630499,27.0,0.0,0.0,0.0
2024-05-13 05:00:00,25.2305,56.0,0.0,0.0,0.0
2024-05-13 06:00:00,24.0805,100.0,7.0,11.616999,175.0
2024-05-13 07:00:00,25.4305,100.0,59.0,0.0,1475.0
2024-05-13 08:00:00,26.6805,100.0,123.0,29.069109,3075.0
2024-05-13 09:00:00,28.9805,100.0,307.0,102.86985,7675.0
2024-05-13 10:00:00,30.530499,100.0,371.0,97.94913,9275.0
2024-05-13 11:00:00,31.530499,100.0,365.0,39.688118,9125.0
2024-05-13 12:00:00,31.4805,100.0,265.0,27.27271,6625.0
2024-05-13 13:00:00,32.4305,85.0,445.0,100.40347,11125.0
2024-05-13 14:00:00,33.6805,46.0,669.0,376.9226,16725.0
2024-05-13 15:00:00,33.7305,74.0,685.0,611.34265,17125.0
2024-05-13 16:00:00,33.4805,62.0,469.0,487.83624,11725.0
2024-05-13 17:00:00,32.9305,64.0,301.0,436.41812,7525.0
2024-05-13 18:00:00,32.4805,34.0,103.0,257.6682,2575.0
2024-05-13 19:00:00,30.4805,70.0,3.0,0.0,75.0
2024-05-13 20:00:00,29.280499,8.0,0.0,0.0,0.0
2024-05-13 21:00:00,27.9305,1.0,0.0,0.0,0.0
2024-05-13 22:00:00,26.8305,16.0,0.0,0.0,0.0
2024-05-13 23:00:00,26.2305,1.0,0.0,0.0,0.0
2024-05-14 00:00:00,25.7305,1.0,0.0,0.0,0.0
2024-05-14 01:00:00,25.1805,0.0,0.0,0.0,0.0
2024-05-14 02:00:00,24.280499,0.0,0.0,0.0,0.0
2024-05-14 03:00:00,24.1805,4.0,0.0,0.0,0.0
2024-05-14 04:00:00,24.2305,2.0,0.0,0.0,0.0
2024-05-14 05:00:00,23.9805,1.0,0.0,0.0,0.0
2024-05-14 06:00:00,25.4805,17.0,8.0,11.548711,200.0
2024-05-14 07:00:00,27.3305,5.0,127.0,282.83035,3175.0
2024-05-14 08:00:00,29.9805,9.0,345.0,524.85376,8625.0
2024-05-14 09:00:00,32.0305,79.0,567.0,655.3545,14175.0
2024-05-14 10:00:00,33.080498,74.0,622.0,506.87692,15550.0
2024-05-14 11:00:00,34.1305,71.0,727.0,505.29733,18175.0
2024-05-14 12:00:00,34.9305,60.0,770.0,533.4527,19250.0
2024-05-14 13:00:00,35.9305,63.0,843.0,636.0259,21075.0
2024-05-14 14:00:00,36.1805,62.0,742.0,545.35767,18550.0
2024-05-14 15:00:00,35.6805,65.0,613.0,506.0736,15325.0
2024-05-14 16:00:00,35.4305,52.0,428.0,377.65134,10700.0
2024-05-14 17:00:00,31.030499,96.0,216.0,230.99588,5400.0
2024-05-14 18:00:00,30.9305,39.0,95.0,220.41652,2375.0
2024-05-14 19:00:00,29.7305,88.0,3.0,0.0,75.0
2024-05-14 20:00:00,28.8305,59.0,0.0,0.0,0.0
2024-05-14 21:00:00,24.5805,99.0,0.0,0.0,0.0
2024-05-14 22:00:00,24.6805,96.0,0.0,0.0,0.0
2024-05-14 23:00:00,24.530499,95.0,0.0,0.0,0.0
2024-05-15 00:00:00,23.9805,85.0,0.0,0.0,0.0
2024-05-15 01:00:00,23.880499,57.0,0.0,0.0,0.0
2024-05-15 02:00:00,23.9305,48.0,0.0,0.0,0.0
2024-05-15 03:00:00,23.530499,23.0,0.0,0.0,0.0
2024-05-15 04:00:00,23.5805,13.0,0.0,0.0,0.0
2024-05-15 05:00:00,24.030499,20.0,0.0,0.0,0.0
2024-05-15 06:00:00,23.530499,33.0,8.0,11.484609,200.0
2024-05-15 07:00:00,25.530499,78.0,132.0,295.446,3300.0
2024-05-15 08:00:00,28.2305,87.0,334.0,450.671,8350.0
2024-05-15 09:00:00,30.380499,56.0,540.0,555.4248,13500.0
2024-05-15 10:00:00,32.0305,68.0,751.0,727.2798,18775.0
2024-05-15 11:00:00,33.330498,8.0,885.0,771.49976,22125.0
2024-05-15 12:00:00,34.4805,10.0,930.0,765.0031,23250.0
2024-05-15 13:00:00,35.3805,33.0,928.0,754.87787,23200.0
2024-05-15 14:00:00,35.6805,55.0,816.0,647.55566,20400.0
2024-05-15 15:00:00,35.580498,89.0,580.0,365.743,14500.0
2024-05-15 16:00:00,34.5305,100.0,249.0,117.85586,6225.0
2024-05-15 17:00:00,31.5805,84.0,175.0,80.84804,4375.0
2024-05-15 18:00:00,32.3805,50.0,97.0,219.96318,2425.0
2024-05-15 19:00:00,30.9805,98.0,3.0,0.0,75.0
2024-05-15 20:00:00,28.780499,93.0,0.0,0.0,0.0
2024-05-15 21:00:00,28.780499,50.0,0.0,0.0,0.0
2024-05-15 22:00:00,27.280499,39.0,0.0,0.0,0.0
2024-05-15 23:00:00,26.130499,84.0,0.0,0.0,0.0
2024-05-16 00:00:00,25.780499,31.0,0.0,0.0,0.0
2024-05-16 01:00:00,25.2305,82.0,0.0,0.0,0.0
2024-05-16 02:00:00,24.6805,91.0,0.0,0.0,0.0
2024-05-16 03:00:00,24.9805,100.0,0.0,0.0,0.0
2024-05-16 04:00:00,24.780499,100.0,0.0,0.0,0.0
2024-05-16 05:00:00,24.4805,100.0,0.0,0.0,0.0
2024-05-16 06:00:00,23.7305,100.0,9.0,11.425462,225.0
2024-05-16 07:00:00,25.4305,100.0,113.0,135.90656,2825.0
2024-05-16 08:00:00,28.6805,100.0,328.0,430.1874,8200.0
2024-05-16 09:00:00,30.8305,100.0,512.0,475.5307,12800.0
2024-05-16 10:00:00,32.0305,76.0,605.0,345.30072,15125.0
2024-05-16 11:00:00,33.7305,50.0,848.0,696.53876,21200.0
2024-05-16 12:00:00,34.8805,80.0,938.0,760.1469,23450.0
2024-05-16 13:00:00,35.4805,100.0,862.0,656.6093,21550.0
2024-05-16 14:00:00,36.1305,100.0,783.0,579.17413,19575.0
2024-05-16 15:00:00,32.2805,89.0,265.0,18.786177,6625.0
2024-05-16 16:00:00,29.8305,91.0,360.0,251.502,9000.0
2024-05-16 17:00:00,30.030499,79.0,237.0,254.04594,5925.0
2024-05-16 18:00:00,25.280499,100.0,52.0,36.563423,1300.0
2024-05-16 19:00:00,25.130499,100.0,1.0,0.0,25.0
2024-05-16 20:00:00,24.7305,100.0,0.0,0.0,0.0
2024-05-16 21:00:00,24.8305,100.0,0.0,0.0,0.0
2024-05-16 22:00:00,24.530499,100.0,0.0,0.0,0.0
2024-05-16 23:00:00,24.030499,68.0,0.0,0.0,0.0
2024-05-17 00:00:00,23.8305,51.0,0.0,0.0,0.0
2024-05-17 01:00:00,23.8305,100.0,0.0,0.0,0.0
2024-05-17 02:00:00,24.030499,79.0,0.0,0.0,0.0
2024-05-17 03:00:00,23.7305,100.0,0.0,0.0,0.0
2024-05-17 04:00:00,23.9305,100.0,0.0,0.0,0.0
2024-05-17 05:00:00,23.9805,100.0,0.0,0.0,0.0
2024-05-17 06:00:00,24.130499,100.0,9.0,11.370696,225.0
2024-05-17 07:00:00,25.530499,78.0,124.0,198.7229,3100.0
2024-05-17 08:00:00,27.630499,53.0,333.0,454.3339,8325.0
2024-05-17 09:00:00,29.630499,15.0,559.0,624.2266,13975.0
2024-05-17 10:00:00,31.4305,8.0,754.0,739.6696,18850.0
2024-05-17 11:00:00,33.1805,12.0,866.0,753.6042,21650.0
2024-05-17 12:00:00,34.6805,20.0,903.0,708.78876,22575.0
2024-05-17 13:00:00,35.6305,76.0,872.0,655.74695,21800.0
2024-05-17 14:00:00,35.2805,99.0,763.0,569.4587,19075.0
2024-05-17 15:00:00,31.4305,90.0,327.0,107.69445,8175.0
2024-05-17 16:00:00,29.530499,99.0,401.0,370.67487,10025.0
2024-05-17 17:00:00,26.880499,99.0,163.0,132.75032,4075.0
2024-05-17 18:00:00,26.880499,99.0,99.0,197.47008,2475.0
2024-05-17 19:00:00,26.130499,100.0,4.0,0.0,100.0
2024-05-17 20:00:00,25.530499,80.0,0.0,0.0,0.0
2024-05-17 21:00:00,24.9305,62.0,0.0,0.0,0.0
2024-05-17 22:00:00,24.530499,100.0,0.0,0.0,0.0
2024-05-17 23:00:00,24.630499,100.0,0.0,0.0,0.0
2024-05-18 00:00:00,24.530499,100.0,0.0,0.0,0.0
2024-05-18 01:00:00,24.1805,99.0,0.0,0.0,0.0
2024-05-18 02:00:00,23.9805,98.0,0.0,0.0,0.0
2024-05-18 03:00:00,23.7305,100.0,0.0,0.0,0.0
2024-05-18 04:00:00,23.4305,100.0,0.0,0.0,0.0
2024-05-18 05:00:00,23.1805,100.0,0.0,0.0,0.0
2024-05-18 06:00:00,24.3305,100.0,7.0,0.0,175.0
2024-05-18 07:00:00,25.7305,100.0,93.0,54.046772,2325.0
2024-05-18 08:00:00,27.7305,100.0,313.0,376.1201,7825.0
2024-05-18 09:00:00,29.780499,100.0,550.0,610.36664,13750.0
2024-05-18 10:00:00,31.4805,91.0,691.0,629.5566,17275.0
2024-05-18 11:00:00,33.330498,47.0,842.0,691.52686,21050.0
2024-05-18 12:00:00,34.6805,96.0,895.0,671.571,22375.0
2024-05-18 13:00:00,34.4805,100.0,569.0,248.7554,14225.0
2024-05-18 14:00:00,34.4305,97.0,482.0,191.28917,12050.0
2024-05-18 15:00:00,34.9305,100.0,655.0,597.248,16375.0
2024-05-18 16:00:00,28.6805,100.0,502.0,537.399,12550.0
2024-05-18 17:00:00,27.7305,100.0,257.0,317.1428,6425.0
2024-05-18 18:00:00,28.530499,97.0,108.0,248.14383,2700.0
2024-05-18 19:00:00,26.9305,100.0,4.0,0.0,100.0
2024-05-18 20:00:00,25.9805,96.0,0.0,0.0,0.0
2024-05-18 21:00:00,25.630499,100.0,0.0,0.0,0.0
2024-05-18 22:00:00,25.3305,99.0,0.0,0.0,0.0
2024-05-18 23:00:00,25.4305,100.0,0.0,0.0,0.0
2024-05-19 00:00:00,25.030499,88.0,0.0,0.0,0.0
2024-05-19 01:00:00,24.780499,100.0,0.0,0.0,0.0
2024-05-19 02:00:00,24.2305,100.0,0.0,0.0,0.0
2024-05-19 03:00:00,24.030499,100.0,0.0,0.0,0.0
2024-05-19 04:00:00,24.1805,100.0,0.0,0.0,0.0
2024-05-19 05:00:00,24.030499,100.0,0.0,0.0,0.0
2024-05-19 06:00:00,23.3305,100.0,2.0,0.0,50.0
2024-05-19 07:00:00,24.3305,100.0,60.0,8.985185,1500.0
2024-05-19 08:00:00,25.9805,100.0,247.0,142.35214,6175.0
2024-05-19 09:00:00,28.5805,100.0,462.0,338.91312,11550.0
2024-05-19 10:00:00,30.880499,100.0,711.0,624.7843,17775.0
2024-05-19 11:00:00,32.4805,97.0,810.0,640.1721,20250.0
2024-05-19 12:00:00,33.7805,94.0,882.0,636.36304,22050.0
2024-05-19 13:00:00,34.7805,100.0,819.0,520.98804,20475.0
2024-05-19 14:00:00,33.1805,100.0,481.0,207.61343,12025.0
2024-05-19 15:00:00,29.4805,100.0,308.0,52.580074,7700.0
2024-05-19 16:00:00,28.5805,100.0,349.0,177.96335,8725.0
2024-05-19 17:00:00,28.380499,100.0,192.0,94.51441,4800.0
2024-05-19 18:00:00,26.5805,100.0,64.0,15.427985,1600.0
2024-05-19 19:00:00,25.780499,100.0,3.0,0.0,75.0
2024-05-19 20:00:00,25.5805,100.0,0.0,0.0,0.0
2024-05-19 21:00:00,25.3305,100.0,0.0,0.0,0.0
2024-05-19 22:00:00,24.8305,100.0,0.0,0.0,0.0
2024-05-19 23:00:00,24.530499,100.0,0.0,0.0,0.0
2024-05-20 00:00:00,24.280499,99.0,0.0,0.0,0.0
2024-05-20 01:00:00,24.1805,96.0,0.0,0.0,0.0
2024-05-20 02:00:00,23.9805,100.0,0.0,0.0,0.0
2024-05-20 03:00:00,23.880499,100.0,0.0,0.0,0.0
2024-05-20 04:00:00,24.030499,56.0,0.0,0.0,0.0
2024-05-20 05:00:00,23.880499,100.0,0.0,0.0,0.0
2024-05-20 06:00:00,24.4805,100.0,6.0,0.0,150.0
2024-05-20 07:00:00,25.380499,100.0,77.0,44.82451,1925.0
2024-05-20 08:00:00,27.2305,100.0,261.0,180.0777,6525.0
2024-05-20 09:00:00,29.030499,100.0,387.0,164.0948,9675.0
2024-05-20 10:00:00,30.7305,100.0,489.0,167.87459,12225.0
2024-05-20 11:00:00,32.080498,100.0,721.0,414.73895,18025.0
2024-05-20 12:00:00,33.1805,100.0,834.0,501.96237,20850.0
2024-05-20 13:00:00,34.1805,100.0,893.0,618.63226,22325.0
2024-05-20 14:00:00,34.4805,100.0,632.0,333.73535,15800.0
2024-05-20 15:00:00,33.7805,100.0,517.0,362.994,12925.0
2024-05-20 16:00:00,24.630499,100.0,269.0,158.79466,6725.0
2024-05-20 17:00:00,26.0805,100.0,182.0,103.79243,4550.0
2024-05-20 18:00:00,26.0805,58.0,104.0,225.08797,2600.0
2024-05-20 19:00:00,25.4805,33.0,4.0,0.0,100.0
2024-05-20 20:00:00,24.880499,14.0,0.0,0.0,0.0
2024-05-20 21:00:00,24.4305,81.0,0.0,0.0,0.0
2024-05-20 22:00:00,24.2305,25.0,0.0,0.0,0.0
2024-05-20 23:00:00,23.9305,77.0,0.0,0.0,0.0
2024-05-21 00:00:00,23.5805,100.0,0.0,0.0,0.0
2024-05-21 01:00:00,23.2305,100.0,0.0,0.0,0.0
2024-05-21 02:00:00,23.2305,100.0,0.0,0.0,0.0
2024-05-21 03:00:00,23.4305,100.0,0.0,0.0,0.0
2024-05-21 04:00:00,23.7305,98.0,0.0,0.0,0.0
2024-05-21 05:00:00,23.7305,100.0,0.0,0.0,0.0
2024-05-21 06:00:00,24.0805,100.0,5.0,0.0,125.0
2024-05-21 07:00:00,24.630499,100.0,80.0,22.367174,2000.0
2024-05-21 08:00:00,26.380499,100.0,253.0,151.11949,6325.0
2024-05-21 09:00:00,28.280499,99.0,437.0,271.47165,10925.0
2024-05-21 10:00:00,30.4805,9.0,733.0,682.7149,18325.0
2024-05-21 11:00:00,32.1305,22.0,862.0,752.37,21550.0
2024-05-21 12:00:00,33.4305,28.0,911.0,742.0495,22775.0
2024-05-21 13:00:00,34.330498,39.0,870.0,652.3124,21750.0
2024-05-21 14:00:00,34.5305,35.0,765.0,596.86383,19125.0
2024-05-21 15:00:00,33.8805,73.0,634.0,554.4077,15850.0
2024-05-21 16:00:00,34.1805,46.0,410.0,353.88013,10250.0
2024-05-21 17:00:00,30.9305,64.0,296.0,407.4022,7400.0
2024-05-21 18:00:00,32.5305,36.0,106.0,249.34482,2650.0
2024-05-21 19:00:00,27.7305,87.0,5.0,13.20491,125.0
2024-05-21 20:00:00,25.5805,100.0,0.0,0.0,0.0
2024-05-21 21:00:00,25.1805,100.0,0.0,0.0,0.0
2024-05-21 22:00:00,24.880499,99.0,0.0,0.0,0.0
2024-05-21 23:00:00,24.5805,100.0,0.0,0.0,0.0
2024-05-22 00:00:00,24.7305,100.0,0.0,0.0,0.0
2024-05-22 01:00:00,24.3305,100.0,0.0,0.0,0.0
2024-05-22 02:00:00,23.9305,100.0,0.0,0.0,0.0
2024-05-22 03:00:00,23.780499,100.0,0.0,0.0,0.0
2024-05-22 04:00:00,23.6805,100.0,0.0,0.0,0.0
2024-05-22 05:00:00,23.630499,100.0,0.0,0.0,0.0
2024-05-22 06:00:00,24.9305,99.0,8.0,11.161641,200.0
2024-05-22 07:00:00,26.130499,100.0,117.0,165.22377,2925.0
2024-05-22 08:00:00,28.380499,100.0,331.0,417.68582,8275.0
2024-05-22 09:00:00,30.380499,100.0,510.0,443.3169,12750.0
2024-05-22 10:00:00,32.2305,100.0,743.0,691.50836,18575.0
2024-05-22 11:00:00,33.830498,8.0,887.0,781.66693,22175.0
2024-05-22 12:00:00,34.830498,8.0,935.0,782.80084,23375.0
2024-05-22 13:00:00,35.580498,100.0,924.0,770.3624,23100.0
2024-05-22 14:00:00,35.4305,100.0,779.0,636.05554,19475.0
2024-05-22 15:00:00,34.9805,99.0,690.0,624.374,17250.0
2024-05-22 16:00:00,35.1805,100.0,444.0,501.12448,11100.0
2024-05-22 17:00:00,34.4805,100.0,294.0,404.35223,7350.0
2024-05-22 18:00:00,32.1805,92.0,107.0,248.02785,2675.0
2024-05-22 19:00:00,29.9305,100.0,4.0,0.0,100.0
2024-05-22 20:00:00,27.6805,100.0,0.0,0.0,0.0
2024-05-22 21:00:00,26.630499,100.0,0.0,0.0,0.0
2024-05-22 22:00:00,26.1805,100.0,0.0,0.0,0.0
2024-05-22 23:00:00,25.9805,100.0,0.0,0.0,0.0
2024-05-23 00:00:00,25.8305,100.0,0.0,0.0,0.0
2024-05-23 01:00:00,25.7305,100.0,0.0,0.0,0.0
2024-05-23 02:00:00,25.630499,100.0,0.0,0.0,0.0
2024-05-23 03:00:00,25.5805,100.0,0.0,0.0,0.0
2024-05-23 04:00:00,24.5805,100.0,0.0,0.0,0.0
2024-05-23 05:00:00,23.880499,100.0,0.0,0.0,0.0
2024-05-23 06:00:00,24.9305,100.0,10.0,22.261852,250.0
2024-05-23 07:00:00,26.8305,99.0,137.0,294.2705,3425.0
2024-05-23 08:00:00,28.9305,89.0,344.0,499.801,8600.0
2024-05-23 09:00:00,29.8305,100.0,337.0,135.01642,8425.0
2024-05-23 10:00:00,30.630499,99.0,385.0,122.649445,9625.0
2024-05-23 11:00:00,31.130499,98.0,395.0,91.42545,9875.0
2024-05-23 12:00:00,31.1805,66.0,555.0,125.61435,13875.0
2024-05-23 13:00:00,30.7305,75.0,528.0,254.13867,13200.0
2024-05-23 14:00:00,31.0805,89.0,554.0,337.0807,13850.0
2024-05-23 15:00:00,30.130499,90.0,628.0,537.9302,15700.0
2024-05-23 16:00:00,30.530499,96.0,442.0,434.21957,11050.0
2024-05-23 17:00:00,29.6805,86.0,282.0,349.6751,7050.0
2024-05-23 18:00:00,27.530499,100.0,97.0,196.36896,2425.0
2024-05-23 19:00:00,26.3305,100.0,5.0,0.0,125.0
2024-05-23 20:00:00,26.030499,100.0,0.0,0.0,0.0
2024-05-23 21:00:00,25.880499,100.0,0.0,0.0,0.0
2024-05-23 22:00:00,25.4805,100.0,0.0,0.0,0.0
2024-05-23 23:00:00,24.9305,100.0,0.0,0.0,0.0
2024-05-24 00:00:00,24.630499,100.0,0.0,0.0,0.0
2024-05-24 01:00:00,24.5805,100.0,0.0,0.0,0.0
2024-05-24 02:00:00,24.7305,100.0,0.0,0.0,0.0
2024-05-24 03:00:00,24.780499,99.0,0.0,0.0,0.0
2024-05-24 04:00:00,24.4805,100.0,0.0,0.0,0.0
2024-05-24 05:00:00,24.130499,100.0,0.0,0.0,0.0
2024-05-24 06:00:00,24.1805,97.0,6.0,0.0,150.0
2024-05-24 07:00:00,25.530499,37.0,127.0,258.26132,3175.0
2024-05-24 08:00:00,27.4805,48.0,320.0,422.01743,8000.0
2024-05-24 09:00:00,29.7305,82.0,555.0,610.79626,13875.0
2024-05-24 10:00:00,31.3305,75.0,695.0,549.6716,17375.0
2024-05-24 11:00:00,32.330498,81.0,860.0,716.6216,21500.0
2024-05-24 12:00:00,31.5805,93.0,915.0,744.8226,22875.0
2024-05-24 13:00:00,30.130499,100.0,621.0,323.3418,15525.0
2024-05-24 14:00:00,29.4305,100.0,322.0,28.273222,8050.0
2024-05-24 15:00:00,26.780499,100.0,189.0,0.0,4725.0
2024-05-24 16:00:00,27.280499,100.0,252.0,36.423393,6300.0
2024-05-24 17:00:00,26.7305,100.0,190.0,67.93873,4750.0
2024-05-24 18:00:00,29.1805,84.0,108.0,210.36281,2700.0
2024-05-24 19:00:00,27.030499,70.0,5.0,12.90134,125.0
2024-05-24 20:00:00,26.0805,26.0,0.0,0.0,0.0
2024-05-24 21:00:00,25.1805,21.0,0.0,0.0,0.0
2024-05-24 22:00:00,24.7305,75.0,0.0,0.0,0.0
2024-05-24 23:00:00,24.530499,100.0,0.0,0.0,0.0
2024-05-25 00:00:00,24.280499,99.0,0.0,0.0,0.0
2024-05-25 01:00:00,24.280499,100.0,0.0,0.0,0.0
2024-05-25 02:00:00,23.780499,100.0,0.0,0.0,0.0
2024-05-25 03:00:00,23.4305,100.0,0.0,0.0,0.0
2024-05-25 04:00:00,22.9305,70.0,0.0,0.0,0.0
2024-05-25 05:00:00,22.630499,85.0,0.0,0.0,0.0
2024-05-25 06:00:00,23.9305,100.0,3.0,0.0,75.0
2024-05-25 07:00:00,24.3305,100.0,47.0,13.343749,1175.0
2024-05-25 08:00:00,25.9805,60.0,170.0,93.288445,4250.0
2024-05-25 09:00:00,28.280499,68.0,528.0,543.43384,13200.0
2024-05-25 10:00:00,29.0805,98.0,547.0,386.63977,13675.0
2024-05-25 11:00:00,28.9305,100.0,389.0,87.19137,9725.0
2024-05-25 12:00:00,30.2305,100.0,535.0,209.83862,13375.0
2024-05-25 13:00:00,31.1805,100.0,779.0,426.13913,19475.0
2024-05-25 14:00:00,30.630499,100.0,625.0,255.56186,15625.0
2024-05-25 15:00:00,29.630499,100.0,500.0,172.56297,12500.0
2024-05-25 16:00:00,28.9805,100.0,386.0,196.22859,9650.0
2024-05-25 17:00:00,27.7305,100.0,163.0,35.078995,4075.0
2024-05-25 18:00:00,25.4305,100.0,40.0,0.0,1000.0
2024-05-25 19:00:00,24.9805,100.0,2.0,0.0,50.0
2024-05-25 20:00:00,24.4805,100.0,0.0,0.0,0.0
2024-05-25 21:00:00,23.9805,100.0,0.0,0.0,0.0
2024-05-25 22:00:00,23.9805,100.0,0.0,0.0,0.0
2024-05-25 23:00:00,23.780499,100.0,0.0,0.0,0.0
2024-05-26 00:00:00,23.4305,100.0,0.0,0.0,0.0
2024-05-26 01:00:00,23.1805,100.0,0.0,0.0,0.0
2024-05-26 02:00:00,23.1805,100.0,0.0,0.0,0.0
2024-05-26 03:00:00,23.3305,100.0,0.0,0.0,0.0
2024-05-26 04:00:00,23.380499,100.0,0.0,0.0,0.0
2024-05-26 05:00:00,23.280499,100.0,0.0,0.0,0.0
2024-05-26 06:00:00,23.8305,100.0,7.0,11.059542,175.0
2024-05-26 07:00:00,24.4805,100.0,79.0,44.43974,1975.0
2024-05-26 08:00:00,25.130499,100.0,108.0,39.98438,2700.0
2024-05-26 09:00:00,26.780499,100.0,301.0,158.17197,7525.0
2024-05-26 10:00:00,27.4805,99.0,376.0,228.39684,9400.0
2024-05-26 11:00:00,29.9305,99.0,765.0,539.5152,19125.0
2024-05-26 12:00:00,30.4305,100.0,805.0,506.01804,20125.0
2024-05-26 13:00:00,31.1805,100.0,786.0,544.24207,19650.0
2024-05-26 14:00:00,31.8305,100.0,778.0,590.5417,19450.0
2024-05-26 15:00:00,31.4805,100.0,615.0,498.815,15375.0
2024-05-26 16:00:00,29.3305,95.0,347.0,216.64268,8675.0
2024-05-26 17:00:00,28.4805,100.0,294.0,448.2196,7350.0
2024-05-26 18:00:00,26.9305,100.0,98.0,148.69727,2450.0
2024-05-26 19:00:00,25.780499,100.0,5.0,0.0,125.0
2024-05-26 20:00:00,24.9805,100.0,0.0,0.0,0.0
2024-05-26 21:00:00,24.6805,100.0,0.0,0.0,0.0
2024-05-26 22:00:00,24.130499,100.0,0.0,0.0,0.0
2024-05-26 23:00:00,23.630499,100.0,0.0,0.0,0.0
2024-05-27 00:00:00,23.280499,100.0,0.0,0.0,0.0
2024-05-27 01:00:00,22.9805,100.0,0.0,0.0,0.0
2024-05-27 02:00:00,22.880499,100.0,0.0,0.0,0.0
2024-05-27 03:00:00,22.7305,100.0,0.0,0.0,0.0
2024-05-27 04:00:00,23.1805,100.0,0.0,0.0,0.0
2024-05-27 05:00:00,23.030499,100.0,0.0,0.0,0.0
2024-05-27 06:00:00,23.880499,100.0,6.0,0.0,150.0
2024-05-27 07:00:00,25.030499,100.0,87.0,35.52789,2175.0
2024-05-27 08:00:00,26.6805,99.0,310.0,393.2471,7750.0
2024-05-27 09:00:00,28.130499,99.0,403.0,231.97255,10075.0
2024-05-27 10:00:00,28.780499,100.0,388.0,121.6193,9700.0
2024-05-27 11:00:00,30.7305,41.0,645.0,310.27,16125.0
2024-05-27 12:00:00,32.2305,80.0,802.0,553.8712,20050.0
2024-05-27 13:00:00,32.4805,77.0,809.0,502.64786,20225.0
2024-05-27 14:00:00,31.780499,99.0,625.0,350.20724,15625.0
2024-05-27 15:00:00,31.630499,41.0,519.0,278.7177,12975.0
2024-05-27 16:00:00,29.3305,57.0,387.0,372.91833,9675.0
2024-05-27 17:00:00,28.4805,100.0,311.0,449.75946,7775.0
2024-05-27 18:00:00,26.630499,100.0,94.0,88.75952,2350.0
2024-05-27 19:00:00,25.380499,100.0,6.0,0.0,150.0
2024-05-27 20:00:00,24.630499,100.0,0.0,0.0,0.0
2024-05-27 21:00:00,24.0805,100.0,0.0,0.0,0.0
2024-05-27 22:00:00,23.6805,100.0,0.0,0.0,0.0
2024-05-27 23:00:00,23.3305,100.0,0.0,0.0,0.0
2024-05-28 00:00:00,23.030499,100.0,0.0,0.0,0.0
2024-05-28 01:00:00,22.9305,100.0,0.0,0.0,0.0
2024-05-28 02:00:00,23.030499,100.0,0.0,0.0,0.0
2024-05-28 03:00:00,23.030499,100.0,0.0,0.0,0.0
2024-05-28 04:00:00,22.630499,100.0,0.0,0.0,0.0
2024-05-28 05:00:00,22.9305,100.0,0.0,0.0,0.0
2024-05-28 06:00:00,23.030499,100.0,10.0,0.0,250.0
2024-05-28 07:00:00,24.5805,100.0,122.0,164.23813,3050.0
2024-05-28 08:00:00,26.3305,100.0,292.0,337.788,7300.0
2024-05-28 09:00:00,27.5805,100.0,331.0,141.39424,8275.0
2024-05-28 10:00:00,28.9305,100.0,471.0,189.27205,11775.0
2024-05-28 11:00:00,29.9805,100.0,615.0,213.40117,15375.0
2024-05-28 12:00:00,31.130499,75.0,669.0,289.20865,16725.0
2024-05-28 13:00:00,32.2305,43.0,835.0,563.82263,20875.0
2024-05-28 14:00:00,32.1805,67.0,846.0,688.47363,21150.0
2024-05-28 15:00:00,31.530499,99.0,711.0,654.75586,17775.0
2024-05-28 16:00:00,30.8305,99.0,533.0,595.27466,13325.0
2024-05-28 17:00:00,29.3305,99.0,317.0,458.27103,7925.0
2024-05-28 18:00:00,27.3305,100.0,115.0,201.14653,2875.0
2024-05-28 19:00:00,25.7305,99.0,6.0,0.0,150.0
2024-05-28 20:00:00,24.4305,100.0,0.0,0.0,0.0
2024-05-28 21:00:00,23.4305,99.0,0.0,0.0,0.0
2024-05-28 22:00:00,22.780499,100.0,0.0,0.0,0.0
2024-05-28 23:00:00,22.380499,100.0,0.0,0.0,0.0
2024-05-29 00:00:00,22.2305,100.0,0.0,0.0,0.0
2024-05-29 01:00:00,22.130499,100.0,0.0,0.0,0.0
2024-05-29 02:00:00,22.4305,100.0,0.0,0.0,0.0
2024-05-29 03:00:00,22.4305,100.0,0.0,0.0,0.0
2024-05-29 04:00:00,22.130499,100.0,0.0,0.0,0.0
2024-05-29 05:00:00,21.9305,100.0,0.0,0.0,0.0
2024-05-29 06:00:00,22.5805,98.0,10.0,11.017116,250.0
2024-05-29 07:00:00,24.280499,96.0,141.0,310.6338,3525.0
2024-05-29 08:00:00,26.130499,95.0,359.0,553.53015,8975.0
2024-05-29 09:00:00,28.0805,99.0,576.0,673.4691,14400.0
2024-05-29 10:00:00,29.780499,83.0,754.0,729.1653,18850.0
2024-05-29 11:00:00,31.0805,98.0,867.0,735.36426,21675.0
2024-05-29 12:00:00,32.080498,98.0,954.0,789.76013,23850.0
2024-05-29 13:00:00,32.6305,100.0,947.0,777.71204,23675.0
2024-05-29 14:00:00,32.9805,82.0,864.0,726.5574,21600.0
2024-05-29 15:00:00,32.3805,44.0,724.0,682.06323,18100.0
2024-05-29 16:00:00,31.530499,20.0,529.0,582.20184,13225.0
2024-05-29 17:00:00,30.280499,15.0,336.0,529.452,8400.0
2024-05-29 18:00:00,28.630499,1.0,127.0,322.1721,3175.0
2024-05-29 19:00:00,26.7305,16.0,6.0,12.428156,150.0
2024-05-29 20:00:00,25.6805,43.0,0.0,0.0,0.0
2024-05-29 21:00:00,24.780499,89.0,0.0,0.0,0.0
2024-05-29 22:00:00,23.9805,4.0,0.0,0.0,0.0
2024-05-29 23:00:00,23.4305,20.0,0.0,0.0,0.0
2024-05-30 00:00:00,22.9805,97.0,0.0,0.0,0.0
2024-05-30 01:00:00,22.6805,99.0,0.0,0.0,0.0
2024-05-30 02:00:00,22.4805,100.0,0.0,0.0,0.0
2024-05-30 03:00:00,22.530499,96.0,0.0,0.0,0.0
2024-05-30 04:00:00,22.4305,100.0,0.0,0.0,0.0
2024-05-30 05:00:00,23.2305,100.0,0.0,0.0,0.0
2024-05-30 06:00:00,22.880499,91.0,11.0,22.017958,275.0
2024-05-30 07:00:00,24.780499,1.0,143.0,328.35406,3575.0
2024-05-30 08:00:00,26.9305,0.0,364.0,578.2121,9100.0
2024-05-30 09:00:00,29.3305,0.0,582.0,699.95325,14550.0
2024-05-30 10:00:00,31.4305,0.0,767.0,770.118,19175.0
2024-05-30 11:00:00,33.080498,11.0,898.0,806.8772,22450.0
2024-05-30 12:00:00,34.2805,64.0,964.0,821.5075,24100.0
2024-05-30 13:00:00,34.8805,68.0,959.0,817.5794,23975.0
2024-05-30 14:00:00,34.9305,90.0,880.0,789.6513,22000.0
2024-05-30 15:00:00,34.1305,13.0,694.0,650.65216,17350.0
2024-05-30 16:00:00,33.0305,38.0,492.0,550.2254,12300.0
2024-05-30 17:00:00,31.130499,52.0,270.0,373.21274,6750.0
2024-05-30 18:00:00,29.8305,27.0,103.0,213.72107,2575.0
2024-05-30 19:00:00,27.530499,7.0,6.0,12.340809,150.0
2024-05-30 20:00:00,26.2305,71.0,0.0,0.0,0.0
2024-05-30 21:00:00,25.2305,42.0,0.0,0.0,0.0
2024-05-30 22:00:00,24.8305,1.0,0.0,0.0,0.0
2024-05-30 23:00:00,24.130499,5.0,0.0,0.0,0.0
2024-05-31 00:00:00,23.6805,14.0,0.0,0.0,0.0
2024-05-31 01:00:00,23.380499,29.0,0.0,0.0,0.0
2024-05-31 02:00:00,23.1805,81.0,0.0,0.0,0.0
2024-05-31 03:00:00,23.4305,100.0,0.0,0.0,0.0
2024-05-31 04:00:00,23.5805,100.0,0.0,0.0,0.0
2024-05-31 05:00:00,23.6805,100.0,0.0,0.0,0.0
2024-05-31 06:00:00,24.4305,28.0,7.0,0.0,175.0
2024-05-31 07:00:00,25.4805,17.0,128.0,261.82043,3200.0
2024-05-31 08:00:00,27.4805,6.0,352.0,536.2074,8800.0
2024-05-31 09:00:00,29.4805,3.0,566.0,657.2227,14150.0
2024-05-31 10:00:00,31.3305,99.0,750.0,737.26996,18750.0
2024-05-31 11:00:00,32.7805,100.0,867.0,732.7637,21675.0
2024-05-31 12:00:00,33.6805,100.0,880.0,608.4641,22000.0
2024-05-31 13:00:00,34.080498,100.0,799.0,488.81055,19975.0
2024-05-31 14:00:00,34.2805,100.0,722.0,400.26443,18050.0
2024-05-31 15:00:00,34.5305,100.0,648.0,564.3183,16200.0
2024-05-31 16:00:00,30.780499,99.0,500.0,518.29553,12500.0
2024-05-31 17:00:00,30.6805,96.0,232.0,185.12491,5800.0
2024-05-31 18:00:00,30.4305,32.0,111.0,246.51993,2775.0
2024-05-31 19:00:00,28.630499,20.0,6.0,12.256182,150.0
2024-05-31 20:00:00,27.3305,9.0,0.0,0.0,0.0
2024-05-31 21:00:00,26.0805,8.0,0.0,0.0,0.0
2024-05-31 22:00:00,25.3305,11.0,0.0,0.0,0.0
2024-05-31 23:00:00,24.8305,24.0,0.0,0.0,0.0
2024-06-01 00:00:00,24.4305,17.0,0.0,0.0,0.0
2024-06-01 01:00:00,24.030499,41.0,0.0,0.0,0.0
2024-06-01 02:00:00,23.6805,18.0,0.0,0.0,0.0
2024-06-01 03:00:00,23.380499,12.0,0.0,0.0,0.0
2024-06-01 04:00:00,23.3305,9.0,0.0,0.0,0.0
2024-06-01 05:00:00,23.1805,7.0,0.0,0.0,0.0
2024-06-01 06:00:00,24.1805,38.0,10.0,22.000834,250.0
2024-06-01 07:00:00,25.880499,81.0,141.0,332.91272,3525.0
2024-06-01 08:00:00,27.7305,96.0,353.0,547.6216,8825.0
2024-06-01 09:00:00,29.7305,84.0,539.0,602.14496,13475.0
2024-06-01 10:00:00,31.5805,97.0,700.0,624.351,17500.0
2024-06-01 11:00:00,33.1305,99.0,848.0,705.0106,21200.0
2024-06-01 12:00:00,33.580498,55.0,837.0,638.13104,20925.0
2024-06-01 13:00:00,33.9805,88.0,835.0,641.6824,20875.0
2024-06-01 14:00:00,32.4805,88.0,804.0,589.51294,20100.0
2024-06-01 15:00:00,31.630499,80.0,617.0,478.02823,15425.0
2024-06-01 16:00:00,30.5805,96.0,427.0,396.68375,10675.0
2024-06-01 17:00:00,30.3305,100.0,282.0,367.29724,7050.0
2024-06-01 18:00:00,30.280499,33.0,87.0,177.99178,2175.0
2024-06-01 19:00:00,28.9305,33.0,7.0,12.173452,175.0
2024-06-01 20:00:00,27.3305,24.0,0.0,0.0,0.0
2024-06-01 21:00:00,26.0805,19.0,0.0,0.0,0.0
2024-06-01 22:00:00,24.9305,35.0,0.0,0.0,0.0
2024-06-01 23:00:00,24.2305,49.0,0.0,0.0,0.0
2024-06-02 00:00:00,23.6805,98.0,0.0,0.0,0.0
2024-06-02 01:00:00,23.2305,92.0,0.0,0.0,0.0
2024-06-02 02:00:00,22.780499,99.0,0.0,0.0,0.0
2024-06-02 03:00:00,22.6805,100.0,0.0,0.0,0.0
2024-06-02 04:00:00,22.6805,100.0,0.0,0.0,0.0
2024-06-02 05:00:00,22.630499,100.0,0.0,0.0,0.0
2024-06-02 06:00:00,23.7305,100.0,9.0,11.001988,225.0
2024-06-02 07:00:00,25.1805,93.0,113.0,124.35302,2825.0
2024-06-02 08:00:00,27.4305,100.0,347.0,527.9212,8675.0
2024-06-02 09:00:00,29.630499,95.0,557.0,630.2457,13925.0
2024-06-02 10:00:00,31.380499,31.0,743.0,723.2563,18575.0
2024-06-02 11:00:00,32.7805,98.0,877.0,778.7719,21925.0
2024-06-02 12:00:00,33.7805,100.0,931.0,738.9683,23275.0
2024-06-02 13:00:00,34.5305,100.0,831.0,538.90216,20775.0
2024-06-02 14:00:00,31.4805,100.0,773.0,511.1838,19325.0
2024-06-02 15:00:00,32.4805,100.0,597.0,422.9704,14925.0
2024-06-02 16:00:00,31.1805,100.0,352.0,226.49054,8800.0
2024-06-02 17:00:00,29.280499,100.0,191.0,76.09499,4775.0
2024-06-02 18:00:00,29.2305,100.0,100.0,110.10546,2500.0
2024-06-02 19:00:00,27.8305,100.0,7.0,0.0,175.0
2024-06-02 20:00:00,26.7305,100.0,0.0,0.0,0.0
2024-06-02 21:00:00,25.630499,100.0,0.0,0.0,0.0
2024-06-02 22:00:00,24.880499,100.0,0.0,0.0,0.0
2024-06-02 23:00:00,24.530499,99.0,0.0,0.0,0.0
2024-06-03 00:00:00,24.130499,100.0,0.0,0.0,0.0
2024-06-03 01:00:00,23.9305,100.0,0.0,0.0,0.0
2024-06-03 02:00:00,23.4805,99.0,0.0,0.0,0.0
2024-06-03 03:00:00,23.1805,78.0,0.0,0.0,0.0
2024-06-03 04:00:00,23.0805,98.0,0.0,0.0,0.0
2024-06-03 05:00:00,22.9805,100.0,0.0,0.0,0.0
2024-06-03 06:00:00,23.780499,100.0,4.0,0.0,100.0
2024-06-03 07:00:00,23.9305,100.0,37.0,0.0,925.0
2024-06-03 08:00:00,24.4805,100.0,121.0,4.4583907,3025.0
2024-06-03 09:00:00,25.4805,100.0,243.0,24.671581,6075.0
2024-06-03 10:00:00,27.1805,100.0,397.0,103.55729,9925.0
2024-06-03 11:00:00,28.6805,100.0,476.0,110.223335,11900.0
2024-06-03 12:00:00,28.1805,100.0,517.0,146.41792,12925.0
2024-06-03 13:00:00,27.630499,100.0,418.0,62.151684,10450.0
2024-06-03 14:00:00,29.880499,99.0,628.0,291.46664,15700.0
2024-06-03 15:00:00,30.0805,95.0,362.0,130.96042,9050.0
2024-06-03 16:00:00,30.530499,93.0,427.0,278.154,10675.0
2024-06-03 17:00:00,30.1805,100.0,297.0,361.3582,7425.0
2024-06-03 18:00:00,25.9805,100.0,39.0,0.0,975.0
2024-06-03 19:00:00,25.0805,100.0,2.0,0.0,50.0
2024-06-03 20:00:00,24.4305,100.0,0.0,0.0,0.0
2024-06-03 21:00:00,24.0805,100.0,0.0,0.0,0.0
2024-06-03 22:00:00,24.030499,100.0,0.0,0.0,0.0
2024-06-03 23:00:00,23.9305,98.0,0.0,0.0,0.0
2024-06-04 00:00:00,23.5805,100.0,0.0,0.0,0.0
2024-06-04 01:00:00,23.780499,100.0,0.0,0.0,0.0
2024-06-04 02:00:00,23.630499,100.0,0.0,0.0,0.0
2024-06-04 03:00:00,23.4805,99.0,0.0,0.0,0.0
2024-06-04 04:00:00,23.4305,96.0,0.0,0.0,0.0
2024-06-04 05:00:00,23.280499,34.0,0.0,0.0,0.0
2024-06-04 06:00:00,23.9805,97.0,9.0,11.016692,225.0
2024-06-04 07:00:00,24.6805,62.0,67.0,66.74565,1675.0
2024-06-04 08:00:00,26.6805,72.0,288.0,343.5946,7200.0
2024-06-04 09:00:00,27.7305,69.0,451.0,334.8515,11275.0
2024-06-04 10:00:00,27.2305,87.0,428.0,230.67628,10700.0
2024-06-04 11:00:00,28.530499,96.0,620.0,357.85266,15500.0
2024-06-04 12:00:00,29.780499,98.0,696.0,409.89813,17400.0
2024-06-04 13:00:00,29.3305,100.0,796.0,529.8945,19900.0
2024-06-04 14:00:00,26.3305,100.0,475.0,134.84679,11875.0
2024-06-04 15:00:00,25.280499,100.0,123.0,3.7402363,3075.0
2024-06-04 16:00:00,25.130499,100.0,135.0,1.5700692,3375.0
2024-06-04 17:00:00,25.030499,100.0,144.0,27.567266,3600.0
2024-06-04 18:00:00,25.9305,100.0,109.0,175.37206,2725.0
2024-06-04 19:00:00,24.780499,100.0,7.0,0.0,175.0
2024-06-04 20:00:00,24.380499,100.0,0.0,0.0,0.0
2024-06-04 21:00:00,24.030499,100.0,0.0,0.0,0.0
2024-06-04 22:00:00,23.780499,100.0,0.0,0.0,0.0
2024-06-04 23:00:00,23.6805,100.0,0.0,0.0,0.0
2024-06-05 00:00:00,23.380499,100.0,0.0,0.0,0.0
2024-06-05 01:00:00,23.130499,99.0,0.0,0.0,0.0
2024-06-05 02:00:00,23.030499,100.0,0.0,0.0,0.0
2024-06-05 03:00:00,22.880499,100.0,0.0,0.0,0.0
2024-06-05 04:00:00,22.6805,100.0,0.0,0.0,0.0
2024-06-05 05:00:00,22.530499,100.0,0.0,0.0,0.0
2024-06-05 06:00:00,23.0805,96.0,5.0,0.0,125.0
2024-06-05 07:00:00,24.380499,100.0,93.0,71.29214,2325.0
2024-06-05 08:00:00,26.0805,76.0,267.0,290.33026,6675.0
2024-06-05 09:00:00,27.7305,58.0,504.0,481.82056,12600.0
2024-06-05 10:00:00,28.9305,100.0,625.0,496.20184,15625.0
2024-06-05 11:00:00,28.780499,100.0,393.0,61.653492,9825.0
2024-06-05 12:00:00,29.4305,100.0,549.0,166.85999,13725.0
2024-06-05 13:00:00,31.0805,100.0,542.0,151.85507,13550.0
2024-06-05 14:00:00,23.5805,100.0,343.0,134.83293,8575.0
2024-06-05 15:00:00,24.9305,100.0,247.0,109.666725,6175.0
2024-06-05 16:00:00,23.9805,100.0,45.0,0.0,1125.0
2024-06-05 17:00:00,24.5805,100.0,225.0,167.37563,5625.0
2024-06-05 18:00:00,24.630499,100.0,14.0,0.0,350.0
2024-06-05 19:00:00,24.2305,100.0,2.0,0.0,50.0
2024-06-05 20:00:00,23.880499,100.0,0.0,0.0,0.0
2024-06-05 21:00:00,23.6805,100.0,0.0,0.0,0.0
2024-06-05 22:00:00,23.4805,100.0,0.0,0.0,0.0
2024-06-05 23:00:00,23.2305,100.0,0.0,0.0,0.0
2024-06-06 00:00:00,22.8305,100.0,0.0,0.0,0.0
2024-06-06 01:00:00,22.630499,100.0,0.0,0.0,0.0
2024-06-06 02:00:00,22.5805,100.0,0.0,0.0,0.0
2024-06-06 03:00:00,22.630499,100.0,0.0,0.0,0.0
2024-06-06 04:00:00,22.7305,100.0,0.0,0.0,0.0
2024-06-06 05:00:00,22.4805,100.0,0.0,0.0,0.0
2024-06-06 06:00:00,23.1805,96.0,8.0,11.047463,200.0
2024-06-06 07:00:00,23.8305,100.0,99.0,102.64727,2475.0
2024-06-06 08:00:00,25.4805,69.0,266.0,196.74213,6650.0
2024-06-06 09:00:00,27.4305,44.0,479.0,432.76083,11975.0
2024-06-06 10:00:00,29.1805,24.0,699.0,618.8008,17475.0
2024-06-06 11:00:00,30.4805,15.0,834.0,693.6654,20850.0
2024-06-06 12:00:00,31.3305,48.0,896.0,723.62445,22400.0
2024-06-06 13:00:00,32.0305,100.0,876.0,689.03406,21900.0
2024-06-06 14:00:00,32.1305,100.0,550.0,255.49867,13750.0
2024-06-06 15:00:00,27.1805,100.0,504.0,245.39249,12600.0
2024-06-06 16:00:00,26.9305,100.0,335.0,267.9688,8375.0
2024-06-06 17:00:00,25.880499,100.0,214.0,173.9103,5350.0
2024-06-06 18:00:00,26.1805,94.0,111.0,197.07135,2775.0
2024-06-06 19:00:00,24.3305,100.0,4.0,0.0,100.0
2024-06-06 20:00:00,23.280499,100.0,0.0,0.0,0.0
2024-06-06 21:00:00,23.030499,100.0,0.0,0.0,0.0
2024-06-06 22:00:00,22.7305,100.0,0.0,0.0,0.0
2024-06-06 23:00:00,22.4305,100.0,0.0,0.0,0.0
2024-06-07 00:00:00,22.3305,100.0,0.0,0.0,0.0
2024-06-07 01:00:00,22.2305,100.0,0.0,0.0,0.0
2024-06-07 02:00:00,22.280499,100.0,0.0,0.0,0.0
2024-06-07 03:00:00,22.280499,100.0,0.0,0.0,0.0
2024-06-07 04:00:00,22.4305,100.0,0.0,0.0,0.0
2024-06-07 05:00:00,22.4805,100.0,0.0,0.0,0.0
2024-06-07 06:00:00,22.530499,100.0,6.0,0.0,150.0
2024-06-07 07:00:00,23.0805,100.0,84.0,40.24013,2100.0
2024-06-07 08:00:00,23.3305,100.0,95.0,4.476603,2375.0
2024-06-07 09:00:00,24.4805,100.0,228.0,34.032227,5700.0
2024-06-07 10:00:00,25.130499,100.0,322.0,53.145996,8050.0
2024-06-07 11:00:00,23.7305,100.0,285.0,31.397928,7125.0
2024-06-07 12:00:00,24.7305,100.0,231.0,35.632313,5775.0
2024-06-07 13:00:00,26.130499,100.0,336.0,50.969334,8400.0
2024-06-07 14:00:00,25.880499,100.0,355.0,60.876057,8875.0
2024-06-07 15:00:00,25.880499,100.0,392.0,122.015045,9800.0
2024-06-07 16:00:00,24.880499,100.0,123.0,37.57214,3075.0
2024-06-07 17:00:00,23.4305,100.0,93.0,4.56744,2325.0
2024-06-07 18:00:00,24.3305,100.0,47.0,23.342625,1175.0
2024-06-07 19:00:00,23.1805,100.0,3.0,0.0,75.0
2024-06-07 20:00:00,22.530499,100.0,0.0,0.0,0.0
2024-06-07 21:00:00,22.2305,100.0,0.0,0.0,0.0
2024-06-07 22:00:00,22.130499,100.0,0.0,0.0,0.0
2024-06-07 23:00:00,21.9805,100.0,0.0,0.0,0.0
2024-06-08 00:00:00,21.880499,100.0,0.0,0.0,0.0
2024-06-08 01:00:00,21.8305,100.0,0.0,0.0,0.0
2024-06-08 02:00:00,21.630499,100.0,0.0,0.0,0.0
2024-06-08 03:00:00,21.380499,100.0,0.0,0.0,0.0
2024-06-08 04:00:00,21.280499,100.0,0.0,0.0,0.0
2024-06-08 05:00:00,21.2305,100.0,0.0,0.0,0.0
2024-06-08 06:00:00,21.9805,100.0,5.0,0.0,125.0
2024-06-08 07:00:00,22.880499,100.0,57.0,8.960659,1425.0
2024-06-08 08:00:00,23.7305,100.0,159.0,49.30384,3975.0
2024-06-08 09:00:00,23.780499,100.0,188.0,44.901367,4700.0
2024-06-08 10:00:00,24.380499,100.0,300.0,55.65577,7500.0
2024-06-08 11:00:00,23.380499,100.0,206.0,47.661453,5150.0
2024-06-08 12:00:00,22.9305,100.0,176.0,19.34901,4400.0
2024-06-08 13:00:00,23.0805,100.0,155.0,0.0,3875.0
2024-06-08 14:00:00,22.880499,100.0,245.0,8.695171,6125.0
2024-06-08 15:00:00,23.3305,100.0,227.0,3.7332897,5675.0
2024-06-08 16:00:00,22.7305,100.0,78.0,0.0,1950.0
2024-06-08 17:00:00,22.630499,100.0,68.0,0.0,1700.0
2024-06-08 18:00:00,22.380499,100.0,73.0,37.160736,1825.0
2024-06-08 19:00:00,22.030499,100.0,1.0,0.0,25.0
2024-06-08 20:00:00,21.630499,100.0,0.0,0.0,0.0
2024-06-08 21:00:00,21.530499,100.0,0.0,0.0,0.0
2024-06-08 22:00:00,21.4805,100.0,0.0,0.0,0.0
2024-06-08 23:00:00,21.3305,100.0,0.0,0.0,0.0
2024-06-09 00:00:00,21.1805,100.0,0.0,0.0,0.0
2024-06-09 01:00:00,21.1805,100.0,0.0,0.0,0.0
2024-06-09 02:00:00,21.280499,100.0,0.0,0.0,0.0
2024-06-09 03:00:00,21.530499,100.0,0.0,0.0,0.0
2024-06-09 04:00:00,21.4305,100.0,0.0,0.0,0.0
2024-06-09 05:00:00,21.2305,100.0,0.0,0.0,0.0
2024-06-09 06:00:00,21.3305,100.0,2.0,0.0,50.0
2024-06-09 07:00:00,21.380499,100.0,22.0,0.0,550.0
2024-06-09 08:00:00,21.8305,100.0,91.0,8.9761505,2275.0
2024-06-09 09:00:00,22.3305,100.0,110.0,1.5497802,2750.0
2024-06-09 10:00:00,23.030499,100.0,181.0,0.0,4525.0
2024-06-09 11:00:00,24.2305,100.0,284.0,35.7635,7100.0
2024-06-09 12:00:00,23.9805,100.0,201.0,8.149305,5025.0
2024-06-09 13:00:00,23.3305,100.0,270.0,34.664852,6750.0
2024-06-09 14:00:00,23.1805,100.0,185.0,13.040416,4625.0
2024-06-09 15:00:00,23.0805,100.0,126.0,2.4875681,3150.0
2024-06-09 16:00:00,22.780499,100.0,78.0,0.0,1950.0
2024-06-09 17:00:00,22.9805,100.0,75.0,2.2745087,1875.0
2024-06-09 18:00:00,22.780499,100.0,98.0,97.061295,2450.0
2024-06-09 19:00:00,22.1805,100.0,5.0,0.0,125.0
2024-06-09 20:00:00,22.030499,100.0,0.0,0.0,0.0
2024-06-09 21:00:00,21.780499,100.0,0.0,0.0,0.0
2024-06-09 22:00:00,21.4305,100.0,0.0,0.0,0.0
2024-06-09 23:00:00,21.380499,100.0,0.0,0.0,0.0
2024-06-10 00:00:00,21.4305,100.0,0.0,0.0,0.0
2024-06-10 01:00:00,21.4305,100.0,0.0,0.0,0.0
2024-06-10 02:00:00,21.3305,100.0,0.0,0.0,0.0
2024-06-10 03:00:00,21.3305,100.0,0.0,0.0,0.0
2024-06-10 04:00:00,21.3305,100.0,0.0,0.0,0.0
2024-06-10 05:00:00,21.3305,100.0,0.0,0.0,0.0
2024-06-10 06:00:00,21.880499,100.0,2.0,0.0,50.0
2024-06-10 07:00:00,22.2305,100.0,48.0,9.002727,1200.0
2024-06-10 08:00:00,23.380499,100.0,136.0,11.235711,3400.0
2024-06-10 09:00:00,24.5805,100.0,284.0,100.833084,7100.0
2024-06-10 10:00:00,23.780499,100.0,142.0,2.4770386,3550.0
2024-06-10 11:00:00,25.3305,100.0,469.0,116.016594,11725.0
2024-06-10 12:00:00,26.6805,100.0,701.0,273.07794,17525.0
2024-06-10 13:00:00,25.2305,100.0,468.0,83.60859,11700.0
2024-06-10 14:00:00,26.380499,100.0,466.0,162.97322,11650.0
2024-06-10 15:00:00,25.4805,100.0,365.0,181.4952,9125.0
2024-06-10 16:00:00,25.2305,100.0,148.0,0.0,3700.0
2024-06-10 17:00:00,24.380499,100.0,88.0,0.0,2200.0
2024-06-10 18:00:00,23.530499,100.0,37.0,9.198431,925.0
2024-06-10 19:00:00,22.9305,100.0,2.0,0.0,50.0
2024-06-10 20:00:00,22.5805,100.0,0.0,0.0,0.0
2024-06-10 21:00:00,22.380499,100.0,0.0,0.0,0.0
2024-06-10 22:00:00,22.2305,100.0,0.0,0.0,0.0
2024-06-10 23:00:00,22.130499,100.0,0.0,0.0,0.0
2024-06-11 00:00:00,22.0805,100.0,0.0,0.0,0.0
2024-06-11 01:00:00,21.9305,100.0,0.0,0.0,0.0
2024-06-11 02:00:00,21.880499,100.0,0.0,0.0,0.0
2024-06-11 03:00:00,21.780499,100.0,0.0,0.0,0.0
2024-06-11 04:00:00,21.6805,100.0,0.0,0.0,0.0
2024-06-11 05:00:00,21.780499,100.0,0.0,0.0,0.0
2024-06-11 06:00:00,21.880499,100.0,2.0,0.0,50.0
2024-06-11 07:00:00,22.880499,100.0,47.0,0.0,1175.0
2024-06-11 08:00:00,23.7305,100.0,160.0,33.755623,4000.0
2024-06-11 09:00:00,24.780499,100.0,306.0,60.559742,7650.0
2024-06-11 10:00:00,26.2305,100.0,520.0,302.41202,13000.0
2024-06-11 11:00:00,27.380499,100.0,555.0,295.06223,13875.0
2024-06-11 12:00:00,28.4805,100.0,522.0,155.94084,13050.0
2024-06-11 13:00:00,27.2305,100.0,371.0,54.042225,9275.0
2024-06-11 14:00:00,25.7305,100.0,406.0,105.36702,10150.0
2024-06-11 15:00:00,25.630499,100.0,339.0,58.394432,8475.0
2024-06-11 16:00:00,24.280499,100.0,167.0,0.0,4175.0
2024-06-11 17:00:00,22.9305,100.0,61.0,0.0,1525.0
2024-06-11 18:00:00,22.8305,100.0,28.0,4.57694,700.0
2024-06-11 19:00:00,22.630499,100.0,6.0,0.0,150.0
2024-06-11 20:00:00,22.380499,100.0,0.0,0.0,0.0
2024-06-11 21:00:00,22.2305,100.0,0.0,0.0,0.0
2024-06-11 22:00:00,22.1805,100.0,0.0,0.0,0.0
2024-06-11 23:00:00,22.030499,100.0,0.0,0.0,0.0
2024-06-12 00:00:00,22.030499,100.0,0.0,0.0,0.0
2024-06-12 01:00:00,21.9805,100.0,0.0,0.0,0.0
2024-06-12 02:00:00,21.9805,100.0,0.0,0.0,0.0
2024-06-12 03:00:00,21.9305,100.0,0.0,0.0,0.0
2024-06-12 04:00:00,21.9305,100.0,0.0,0.0,0.0
2024-06-12 05:00:00,21.8305,100.0,0.0,0.0,0.0
2024-06-12 06:00:00,22.0805,100.0,8.0,0.0,200.0
2024-06-12 07:00:00,22.4805,100.0,77.0,18.10224,1925.0
2024-06-12 08:00:00,23.280499,100.0,122.0,9.014922,3050.0
2024-06-12 09:00:00,24.130499,100.0,166.0,20.20692,4150.0
2024-06-12 10:00:00,25.130499,100.0,359.0,100.461975,8975.0
2024-06-12 11:00:00,26.9305,91.0,725.0,439.54657,18125.0
2024-06-12 12:00:00,27.9805,100.0,847.0,535.2284,21175.0
2024-06-12 13:00:00,25.6805,100.0,556.0,143.77744,13900.0
2024-06-12 14:00:00,24.4805,100.0,201.0,17.376204,5025.0
2024-06-12 15:00:00,24.4305,100.0,168.0,2.4834735,4200.0
2024-06-12 16:00:00,24.530499,100.0,163.0,7.786653,4075.0
2024-06-12 17:00:00,24.3305,100.0,133.0,38.433563,3325.0
2024-06-12 18:00:00,23.1805,100.0,56.0,13.665555,1400.0
2024-06-12 19:00:00,22.4305,100.0,7.0,0.0,175.0
2024-06-12 20:00:00,22.280499,100.0,0.0,0.0,0.0
2024-06-12 21:00:00,22.3305,100.0,0.0,0.0,0.0
2024-06-12 22:00:00,22.030499,100.0,0.0,0.0,0.0
2024-06-12 23:00:00,21.780499,100.0,0.0,0.0,0.0
2024-06-13 00:00:00,21.7305,100.0,0.0,0.0,0.0
2024-06-13 01:00:00,21.5805,100.0,0.0,0.0,0.0
2024-06-13 02:00:00,21.530499,100.0,0.0,0.0,0.0
2024-06-13 03:00:00,21.530499,100.0,0.0,0.0,0.0
2024-06-13 04:00:00,21.530499,100.0,0.0,0.0,0.0
2024-06-13 05:00:00,21.4305,100.0,0.0,0.0,0.0
2024-06-13 06:00:00,21.5805,100.0,3.0,0.0,75.0
2024-06-13 07:00:00,22.530499,100.0,52.0,18.154743,1300.0
2024-06-13 08:00:00,23.9305,100.0,188.0,81.25855,4700.0
2024-06-13 09:00:00,24.9305,100.0,295.0,124.47699,7375.0
2024-06-13 10:00:00,25.5805,60.0,442.0,130.32045,11050.0
2024-06-13 11:00:00,26.6805,99.0,729.0,520.1,18225.0
2024-06-13 12:00:00,26.7305,90.0,537.0,159.07808,13425.0
2024-06-13 13:00:00,25.880499,84.0,415.0,115.228,10375.0
2024-06-13 14:00:00,26.5805,100.0,539.0,262.75217,13475.0
2024-06-13 15:00:00,24.9805,96.0,389.0,182.43112,9725.0
2024-06-13 16:00:00,24.780499,100.0,266.0,130.67674,6650.0
2024-06-13 17:00:00,24.630499,99.0,166.0,74.45878,4150.0
2024-06-13 18:00:00,23.380499,100.0,43.0,9.068043,1075.0
2024-06-13 19:00:00,22.8305,99.0,3.0,0.0,75.0
2024-06-13 20:00:00,22.280499,100.0,0.0,0.0,0.0
2024-06-13 21:00:00,22.2305,100.0,0.0,0.0,0.0
2024-06-13 22:00:00,22.2305,100.0,0.0,0.0,0.0
2024-06-13 23:00:00,21.880499,100.0,0.0,0.0,0.0
2024-06-14 00:00:00,21.630499,100.0,0.0,0.0,0.0
2024-06-14 01:00:00,21.5805,100.0,0.0,0.0,0.0
2024-06-14 02:00:00,21.4805,100.0,0.0,0.0,0.0
2024-06-14 03:00:00,21.630499,100.0,0.0,0.0,0.0
2024-06-14 04:00:00,21.530499,100.0,0.0,0.0,0.0
2024-06-14 05:00:00,21.4805,100.0,0.0,0.0,0.0
2024-06-14 06:00:00,22.280499,100.0,4.0,0.0,100.0
2024-06-14 07:00:00,22.9805,100.0,85.0,59.18119,2125.0
2024-06-14 08:00:00,23.630499,100.0,165.0,51.996586,4125.0
2024-06-14 09:00:00,25.030499,100.0,359.0,143.2954,8975.0
2024-06-14 10:00:00,25.9805,100.0,568.0,408.62387,14200.0
2024-06-14 11:00:00,25.780499,100.0,489.0,152.08136,12225.0
2024-06-14 12:00:00,25.630499,100.0,347.0,57.118088,8675.0
2024-06-14 13:00:00,25.7305,99.0,307.0,47.926895,7675.0
2024-06-14 14:00:00,25.6805,100.0,463.0,111.80442,11575.0
2024-06-14 15:00:00,25.380499,99.0,323.0,88.06211,8075.0
2024-06-14 16:00:00,25.630499,100.0,315.0,125.876274,7875.0
2024-06-14 17:00:00,25.030499,63.0,152.0,22.519354,3800.0
2024-06-14 18:00:00,24.280499,55.0,99.0,139.91942,2475.0
2024-06-14 19:00:00,23.1805,44.0,8.0,11.171337,200.0
2024-06-14 20:00:00,22.530499,41.0,0.0,0.0,0.0
2024-06-14 21:00:00,21.9805,65.0,0.0,0.0,0.0
2024-06-14 22:00:00,22.130499,96.0,0.0,0.0,0.0
2024-06-14 23:00:00,22.1805,80.0,0.0,0.0,0.0
2024-06-15 00:00:00,21.9305,100.0,0.0,0.0,0.0
2024-06-15 01:00:00,22.0805,100.0,0.0,0.0,0.0
2024-06-15 02:00:00,21.9805,100.0,0.0,0.0,0.0
2024-06-15 03:00:00,21.780499,100.0,0.0,0.0,0.0
2024-06-15 04:00:00,21.880499,100.0,0.0,0.0,0.0
2024-06-15 05:00:00,21.9805,100.0,0.0,0.0,0.0
2024-06-15 06:00:00,21.9305,100.0,7.0,11.336126,175.0
2024-06-15 07:00:00,22.8305,71.0,90.0,95.89957,2250.0
2024-06-15 08:00:00,24.3305,87.0,293.0,373.6132,7325.0
2024-06-15 09:00:00,25.8305,93.0,488.0,489.57706,12200.0
2024-06-15 10:00:00,27.130499,94.0,624.0,449.92212,15600.0
2024-06-15 11:00:00,27.9805,100.0,817.0,678.14636,20425.0
2024-06-15 12:00:00,28.6805,100.0,854.0,629.4542,21350.0
2024-06-15 13:00:00,29.1805,100.0,853.0,549.62427,21325.0
2024-06-15 14:00:00,29.380499,100.0,800.0,576.2385,20000.0
2024-06-15 15:00:00,27.880499,97.0,530.0,406.5856,13250.0
2024-06-15 16:00:00,26.880499,99.0,501.0,507.63354,12525.0
2024-06-15 17:00:00,25.880499,100.0,309.0,386.59393,7725.0
2024-06-15 18:00:00,25.280499,94.0,93.0,94.369064,2325.0
2024-06-15 19:00:00,24.130499,100.0,8.0,11.107899,200.0
2024-06-15 20:00:00,23.0805,98.0,0.0,0.0,0.0
2024-06-15 21:00:00,22.2305,98.0,0.0,0.0,0.0
2024-06-15 22:00:00,21.9305,100.0,0.0,0.0,0.0
2024-06-15 23:00:00,22.280499,100.0,0.0,0.0,0.0
2024-06-16 00:00:00,22.380499,100.0,0.0,0.0,0.0
2024-06-16 01:00:00,22.280499,100.0,0.0,0.0,0.0
2024-06-16 02:00:00,22.130499,100.0,0.0,0.0,0.0
2024-06-16 03:00:00,21.9305,100.0,0.0,0.0,0.0
2024-06-16 04:00:00,22.1805,100.0,0.0,0.0,0.0
2024-06-16 05:00:00,22.0805,100.0,0.0,0.0,0.0
2024-06-16 06:00:00,22.6805,100.0,5.0,0.0,125.0
2024-06-16 07:00:00,22.9305,100.0,29.0,9.16271,725.0
2024-06-16 08:00:00,23.530499,80.0,89.0,9.07188,2225.0
2024-06-16 09:00:00,24.8305,64.0,364.0,248.16127,9100.0
2024-06-16 10:00:00,26.530499,100.0,549.0,363.1681,13725.0
2024-06-16 11:00:00,25.380499,95.0,396.0,115.24682,9900.0
2024-06-16 12:00:00,27.530499,100.0,678.0,312.23886,16950.0
2024-06-16 13:00:00,27.380499,100.0,471.0,127.460846,11775.0
2024-06-16 14:00:00,23.880499,100.0,356.0,103.065445,8900.0
2024-06-16 15:00:00,24.4305,100.0,305.0,81.765205,7625.0
2024-06-16 16:00:00,25.030499,100.0,431.0,356.6809,10775.0
2024-06-16 17:00:00,24.280499,99.0,259.0,284.91888,6475.0
2024-06-16 18:00:00,23.8305,45.0,121.0,201.36531,3025.0
2024-06-16 19:00:00,23.030499,92.0,9.0,11.047729,225.0
2024-06-16 20:00:00,22.280499,100.0,0.0,0.0,0.0
2024-06-16 21:00:00,22.280499,100.0,0.0,0.0,0.0
2024-06-16 22:00:00,22.2305,100.0,0.0,0.0,0.0
2024-06-16 23:00:00,22.2305,100.0,0.0,0.0,0.0
2024-06-17 00:00:00,21.9305,100.0,0.0,0.0,0.0
2024-06-17 01:00:00,21.9305,100.0,0.0,0.0,0.0
2024-06-17 02:00:00,22.0805,100.0,0.0,0.0,0.0
2024-06-17 03:00:00,21.9305,100.0,0.0,0.0,0.0
2024-06-17 04:00:00,21.9805,100.0,0.0,0.0,0.0
2024-06-17 05:00:00,22.1805,100.0,0.0,0.0,0.0
2024-06-17 06:00:00,22.2305,100.0,7.0,0.0,175.0
2024-06-17 07:00:00,23.1805,100.0,103.0,142.49075,2575.0
2024-06-17 08:00:00,24.2305,100.0,219.0,202.1765,5475.0
2024-06-17 09:00:00,25.630499,72.0,358.0,206.23033,8950.0
2024-06-17 10:00:00,26.380499,96.0,555.0,363.4103,13875.0
2024-06-17 11:00:00,28.030499,67.0,822.0,681.9735,20550.0
2024-06-17 12:00:00,28.780499,100.0,839.0,653.16785,20975.0
2024-06-17 13:00:00,27.2305,100.0,483.0,88.70937,12075.0
2024-06-17 14:00:00,25.4305,100.0,452.0,131.23595,11300.0
2024-06-17 15:00:00,26.3305,100.0,563.0,393.72992,14075.0
2024-06-17 16:00:00,27.0805,100.0,437.0,312.9394,10925.0
2024-06-17 17:00:00,25.030499,100.0,166.0,62.703197,4150.0
2024-06-17 18:00:00,24.9805,77.0,127.0,258.4865,3175.0
2024-06-17 19:00:00,23.5805,100.0,9.0,10.99069,225.0
2024-06-17 20:00:00,22.9805,100.0,0.0,0.0,0.0
2024-06-17 21:00:00,22.5805,100.0,0.0,0.0,0.0
2024-06-17 22:00:00,22.280499,100.0,0.0,0.0,0.0
2024-06-17 23:00:00,22.2305,100.0,0.0,0.0,0.0
2024-06-18 00:00:00,22.130499,100.0,0.0,0.0,0.0
2024-06-18 01:00:00,21.9805,100.0,0.0,0.0,0.0
2024-06-18 02:00:00,21.9805,100.0,0.0,0.0,0.0
2024-06-18 03:00:00,22.130499,100.0,0.0,0.0,0.0
2024-06-18 04:00:00,22.030499,100.0,0.0,0.0,0.0
2024-06-18 05:00:00,22.030499,100.0,0.0,0.0,0.0
2024-06-18 06:00:00,22.8305,92.0,4.0,0.0,100.0
2024-06-18 07:00:00,23.4305,90.0,93.0,115.297874,2325.0
2024-06-18 08:00:00,24.780499,96.0,243.0,211.6067,6075.0
2024-06-18 09:00:00,26.0805,62.0,406.0,315.91235,10150.0
2024-06-18 10:00:00,27.2305,98.0,621.0,516.8261,15525.0
2024-06-18 11:00:00,28.280499,100.0,814.0,649.5954,20350.0
2024-06-18 12:00:00,28.9305,100.0,838.0,642.0473,20950.0
2024-06-18 13:00:00,27.4305,100.0,664.0,302.81964,16600.0
2024-06-18 14:00:00,28.630499,100.0,751.0,520.4553,18775.0
2024-06-18 15:00:00,26.030499,100.0,498.0,214.07487,12450.0
2024-06-18 16:00:00,26.130499,100.0,404.0,253.81638,10100.0
2024-06-18 17:00:00,25.4805,100.0,246.0,236.96187,6150.0
2024-06-18 18:00:00,25.130499,75.0,112.0,182.0177,2800.0
2024-06-18 19:00:00,23.780499,96.0,10.0,10.93687,250.0
2024-06-18 20:00:00,23.1805,70.0,0.0,0.0,0.0
2024-06-18 21:00:00,22.780499,14.0,0.0,0.0,0.0
2024-06-18 22:00:00,22.4305,70.0,0.0,0.0,0.0
2024-06-18 23:00:00,22.4805,100.0,0.0,0.0,0.0
2024-06-19 00:00:00,22.280499,100.0,0.0,0.0,0.0
2024-06-19 01:00:00,22.1805,100.0,0.0,0.0,0.0
2024-06-19 02:00:00,22.3305,100.0,0.0,0.0,0.0
2024-06-19 03:00:00,22.030499,100.0,0.0,0.0,0.0
2024-06-19 04:00:00,21.6805,100.0,0.0,0.0,0.0
2024-06-19 05:00:00,21.9305,100.0,0.0,0.0,0.0
2024-06-19 06:00:00,22.4305,100.0,5.0,0.0,125.0
2024-06-19 07:00:00,22.9805,100.0,85.0,55.531384,2125.0
2024-06-19 08:00:00,24.0805,100.0,252.0,250.69215,6300.0
2024-06-19 09:00:00,24.780499,100.0,228.0,45.39858,5700.0
2024-06-19 10:00:00,25.630499,100.0,514.0,296.5826,12850.0
2024-06-19 11:00:00,27.9805,100.0,667.0,314.5763,16675.0
2024-06-19 12:00:00,27.2305,100.0,749.0,464.5061,18725.0
2024-06-19 13:00:00,28.780499,100.0,787.0,446.55322,19675.0
2024-06-19 14:00:00,28.3305,99.0,803.0,636.28613,20075.0
2024-06-19 15:00:00,27.7305,100.0,554.0,471.18918,13850.0
2024-06-19 16:00:00,27.4305,100.0,497.0,415.91693,12425.0
2024-06-19 17:00:00,25.880499,100.0,301.0,366.00552,7525.0
2024-06-19 18:00:00,24.880499,100.0,79.0,26.539255,1975.0
2024-06-19 19:00:00,23.530499,100.0,8.0,0.0,200.0
2024-06-19 20:00:00,23.2305,100.0,0.0,0.0,0.0
2024-06-19 21:00:00,22.780499,100.0,0.0,0.0,0.0
2024-06-19 22:00:00,22.630499,100.0,0.0,0.0,0.0
2024-06-19 23:00:00,22.3305,100.0,0.0,0.0,0.0
2024-06-20 00:00:00,22.4305,100.0,0.0,0.0,0.0
2024-06-20 01:00:00,22.280499,100.0,0.0,0.0,0.0
2024-06-20 02:00:00,22.280499,100.0,0.0,0.0,0.0
2024-06-20 03:00:00,22.030499,100.0,0.0,0.0,0.0
2024-06-20 04:00:00,22.030499,100.0,0.0,0.0,0.0
2024-06-20 05:00:00,21.7305,100.0,0.0,0.0,0.0
2024-06-20 06:00:00,21.9305,100.0,4.0,0.0,100.0
2024-06-20 07:00:00,22.1805,100.0,51.0,13.9305,1275.0
2024-06-20 08:00:00,22.780499,100.0,95.0,0.0,2375.0
2024-06-20 09:00:00,23.880499,100.0,254.0,84.61694,6350.0
2024-06-20 10:00:00,25.3305,100.0,589.0,440.15482,14725.0
2024-06-20 11:00:00,26.4805,100.0,726.0,492.17093,18150.0
2024-06-20 12:00:00,27.130499,100.0,825.0,556.4571,20625.0
2024-06-20 13:00:00,27.4805,99.0,799.0,597.3959,19975.0
2024-06-20 14:00:00,28.1805,90.0,761.0,554.8226,19025.0
2024-06-20 15:00:00,27.780499,94.0,666.0,621.7169,16650.0
2024-06-20 16:00:00,26.2305,94.0,493.0,511.29788,12325.0
2024-06-20 17:00:00,25.4805,96.0,274.0,360.963,6850.0
2024-06-20 18:00:00,22.4805,100.0,90.0,154.27988,2250.0
2024-06-20 19:00:00,21.9805,100.0,6.0,0.0,150.0
2024-06-20 20:00:00,21.530499,98.0,0.0,0.0,0.0
2024-06-20 21:00:00,21.030499,100.0,0.0,0.0,0.0
2024-06-20 22:00:00,21.4305,100.0,0.0,0.0,0.0
2024-06-20 23:00:00,21.1805,100.0,0.0,0.0,0.0
2024-06-21 00:00:00,21.130499,100.0,0.0,0.0,0.0
2024-06-21 01:00:00,21.0805,100.0,0.0,0.0,0.0
2024-06-21 02:00:00,21.130499,100.0,0.0,0.0,0.0
2024-06-21 03:00:00,21.1805,100.0,0.0,0.0,0.0
2024-06-21 04:00:00,21.2305,100.0,0.0,0.0,0.0
2024-06-21 05:00:00,21.1805,100.0,0.0,0.0,0.0
2024-06-21 06:00:00,21.7305,100.0,3.0,0.0,75.0
2024-06-21 07:00:00,22.3305,100.0,26.0,4.6594853,650.0
2024-06-21 08:00:00,23.4305,100.0,116.0,34.294483,2900.0
2024-06-21 09:00:00,23.630499,100.0,149.0,17.25297,3725.0
2024-06-21 10:00:00,24.8305,100.0,269.0,53.64754,6725.0
2024-06-21 11:00:00,26.8305,100.0,602.0,228.73671,15050.0
2024-06-21 12:00:00,27.4305,100.0,752.0,412.53717,18800.0
2024-06-21 13:00:00,26.4305,100.0,566.0,172.27046,14150.0
2024-06-21 14:00:00,26.280499,100.0,500.0,152.7464,12500.0
2024-06-21 15:00:00,26.530499,100.0,447.0,181.59338,11175.0
2024-06-21 16:00:00,25.7305,100.0,304.0,179.02281,7600.0
2024-06-21 17:00:00,25.780499,99.0,271.0,293.66812,6775.0
2024-06-21 18:00:00,24.280499,100.0,78.0,21.968594,1950.0
2024-06-21 19:00:00,23.5805,100.0,5.0,0.0,125.0
2024-06-21 20:00:00,23.1805,100.0,0.0,0.0,0.0
2024-06-21 21:00:00,22.6805,100.0,0.0,0.0,0.0
2024-06-21 22:00:00,22.9305,100.0,0.0,0.0,0.0
2024-06-21 23:00:00,22.4805,100.0,0.0,0.0,0.0
2024-06-22 00:00:00,22.280499,100.0,0.0,0.0,0.0
2024-06-22 01:00:00,22.130499,100.0,0.0,0.0,0.0
2024-06-22 02:00:00,21.9305,100.0,0.0,0.0,0.0
2024-06-22 03:00:00,21.7305,100.0,0.0,0.0,0.0
2024-06-22 04:00:00,21.530499,100.0,0.0,0.0,0.0
2024-06-22 05:00:00,21.5805,100.0,0.0,0.0,0.0
2024-06-22 06:00:00,22.1805,100.0,2.0,0.0,50.0
2024-06-22 07:00:00,22.530499,100.0,46.0,9.352358,1150.0
2024-06-22 08:00:00,22.780499,100.0,100.0,6.870032,2500.0
2024-06-22 09:00:00,23.4805,100.0,139.0,9.4196415,3475.0
2024-06-22 10:00:00,25.2305,100.0,336.0,96.121666,8400.0
2024-06-22 11:00:00,27.2305,100.0,669.0,343.21106,16725.0
2024-06-22 12:00:00,28.3305,100.0,586.0,249.1789,14650.0
2024-06-22 13:00:00,27.2305,100.0,409.0,43.82725,10225.0
2024-06-22 14:00:00,26.630499,100.0,350.0,48.733063,8750.0
2024-06-22 15:00:00,26.2305,100.0,332.0,58.02702,8300.0
2024-06-22 16:00:00,25.2305,100.0,283.0,84.80311,7075.0
2024-06-22 17:00:00,25.2305,100.0,216.0,126.61721,5400.0
2024-06-22 18:00:00,24.9805,100.0,104.0,61.31579,2600.0
2024-06-22 19:00:00,23.880499,100.0,8.0,0.0,200.0
2024-06-22 20:00:00,23.0805,100.0,0.0,0.0,0.0
2024-06-22 21:00:00,22.6805,57.0,0.0,0.0,0.0
2024-06-22 22:00:00,21.9805,100.0,0.0,0.0,0.0
2024-06-22 23:00:00,21.880499,100.0,0.0,0.0,0.0
2024-06-23 00:00:00,21.780499,100.0,0.0,0.0,0.0
2024-06-23 01:00:00,21.630499,100.0,0.0,0.0,0.0
2024-06-23 02:00:00,21.4305,100.0,0.0,0.0,0.0
2024-06-23 03:00:00,21.4305,100.0,0.0,0.0,0.0
2024-06-23 04:00:00,21.6805,100.0,0.0,0.0,0.0
2024-06-23 05:00:00,21.5805,100.0,0.0,0.0,0.0
2024-06-23 06:00:00,21.6805,87.0,4.0,0.0,100.0
2024-06-23 07:00:00,22.380499,100.0,87.0,93.878876,2175.0
2024-06-23 08:00:00,23.530499,100.0,219.0,128.45813,5475.0
2024-06-23 09:00:00,24.7305,100.0,301.0,95.85987,7525.0
2024-06-23 10:00:00,25.5805,98.0,409.0,102.422646,10225.0
2024-06-23 11:00:00,27.4805,100.0,731.0,503.52872,18275.0
2024-06-23 12:00:00,28.280499,100.0,656.0,261.45386,16400.0
2024-06-23 13:00:00,27.0805,100.0,565.0,229.29878,14125.0
2024-06-23 14:00:00,28.4305,100.0,740.0,431.95062,18500.0
2024-06-23 15:00:00,27.7305,100.0,548.0,298.59897,13700.0
2024-06-23 16:00:00,26.8305,99.0,496.0,449.80276,12400.0
2024-06-23 17:00:00,24.7305,65.0,282.0,348.217,7050.0
2024-06-23 18:00:00,24.130499,83.0,95.0,122.24565,2375.0
2024-06-23 19:00:00,22.880499,68.0,10.0,10.712608,250.0
2024-06-23 20:00:00,22.280499,93.0,0.0,0.0,0.0
2024-06-23 21:00:00,22.2305,100.0,0.0,0.0,0.0
2024-06-23 22:00:00,22.130499,100.0,0.0,0.0,0.0
2024-06-23 23:00:00,21.7305,100.0,0.0,0.0,0.0
2024-06-24 00:00:00,21.5805,100.0,0.0,0.0,0.0
2024-06-24 01:00:00,21.6805,100.0,0.0,0.0,0.0
2024-06-24 02:00:00,21.530499,100.0,0.0,0.0,0.0
2024-06-24 03:00:00,21.530499,100.0,0.0,0.0,0.0
2024-06-24 04:00:00,21.530499,100.0,0.0,0.0,0.0
2024-06-24 05:00:00,21.380499,100.0,0.0,0.0,0.0
2024-06-24 06:00:00,21.4805,100.0,2.0,0.0,50.0
2024-06-24 07:00:00,21.9305,100.0,44.0,4.7127337,1100.0
2024-06-24 08:00:00,22.9805,100.0,126.0,43.660866,3150.0
2024-06-24 09:00:00,24.630499,57.0,340.0,209.21501,8500.0
2024-06-24 10:00:00,25.8305,67.0,565.0,426.17697,14125.0
2024-06-24 11:00:00,26.9305,67.0,695.0,436.08438,17375.0
2024-06-24 12:00:00,28.380499,42.0,791.0,461.65863,19775.0
2024-06-24 13:00:00,28.9305,100.0,824.0,600.1641,20600.0
2024-06-24 14:00:00,25.1805,89.0,530.0,200.20476,13250.0
2024-06-24 15:00:00,25.4305,79.0,407.0,182.50172,10175.0
2024-06-24 16:00:00,24.7305,57.0,442.0,423.2109,11050.0
2024-06-24 17:00:00,24.280499,64.0,300.0,334.39496,7500.0
2024-06-24 18:00:00,23.6805,100.0,81.0,60.933613,2025.0
2024-06-24 19:00:00,22.780499,100.0,7.0,0.0,175.0
2024-06-24 20:00:00,22.3305,100.0,0.0,0.0,0.0
2024-06-24 21:00:00,22.030499,100.0,0.0,0.0,0.0
2024-06-24 22:00:00,21.8305,100.0,0.0,0.0,0.0
2024-06-24 23:00:00,21.7305,100.0,0.0,0.0,0.0
2024-06-25 00:00:00,21.630499,100.0,0.0,0.0,0.0
2024-06-25 01:00:00,21.6805,100.0,0.0,0.0,0.0
2024-06-25 02:00:00,21.6805,100.0,0.0,0.0,0.0
2024-06-25 03:00:00,21.7305,100.0,0.0,0.0,0.0
2024-06-25 04:00:00,21.7305,100.0,0.0,0.0,0.0
2024-06-25 05:00:00,21.6805,100.0,0.0,0.0,0.0
2024-06-25 06:00:00,21.9305,100.0,2.0,0.0,50.0
2024-06-25 07:00:00,22.030499,100.0,44.0,4.732513,1100.0
2024-06-25 08:00:00,22.8305,100.0,127.0,34.53179,3175.0
2024-06-25 09:00:00,23.7305,100.0,229.0,62.986008,5725.0
2024-06-25 10:00:00,24.280499,100.0,344.0,57.52374,8600.0
2024-06-25 11:00:00,25.4805,100.0,427.0,49.07357,10675.0
2024-06-25 12:00:00,26.1805,100.0,373.0,40.85674,9325.0
2024-06-25 13:00:00,25.130499,99.0,327.0,36.676273,8175.0
2024-06-25 14:00:00,24.4805,100.0,382.0,68.151726,9550.0
2024-06-25 15:00:00,24.4805,94.0,242.0,0.0,6050.0
2024-06-25 16:00:00,24.630499,91.0,381.0,210.63255,9525.0
2024-06-25 17:00:00,23.780499,100.0,254.0,212.27068,6350.0
2024-06-25 18:00:00,23.380499,79.0,81.0,65.088455,2025.0
2024-06-25 19:00:00,22.3305,100.0,9.0,10.63384,225.0
2024-06-25 20:00:00,22.1805,100.0,0.0,0.0,0.0
2024-06-25 21:00:00,21.880499,100.0,0.0,0.0,0.0
2024-06-25 22:00:00,21.7305,100.0,0.0,0.0,0.0
2024-06-25 23:00:00,21.530499,100.0,0.0,0.0,0.0
2024-06-26 00:00:00,21.3305,100.0,0.0,0.0,0.0
2024-06-26 01:00:00,21.0805,100.0,0.0,0.0,0.0
2024-06-26 02:00:00,21.030499,100.0,0.0,0.0,0.0
2024-06-26 03:00:00,21.0805,100.0,0.0,0.0,0.0
2024-06-26 04:00:00,20.9805,100.0,0.0,0.0,0.0
2024-06-26 05:00:00,20.9805,100.0,0.0,0.0,0.0
2024-06-26 06:00:00,21.4305,100.0,2.0,0.0,50.0
2024-06-26 07:00:00,21.7305,100.0,31.0,0.0,775.0
2024-06-26 08:00:00,22.130499,100.0,86.0,6.919275,2150.0
2024-06-26 09:00:00,22.630499,100.0,151.0,12.610233,3775.0
2024-06-26 10:00:00,22.780499,100.0,205.0,22.522419,5125.0
2024-06-26 11:00:00,23.030499,100.0,229.0,43.63302,5725.0
2024-06-26 12:00:00,25.530499,100.0,370.0,91.93084,9250.0
2024-06-26 13:00:00,24.9305,100.0,552.0,208.81296,13800.0
2024-06-26 14:00:00,25.030499,98.0,449.0,134.08636,11225.0
2024-06-26 15:00:00,25.030499,95.0,385.0,197.04744,9625.0
2024-06-26 16:00:00,23.9305,84.0,327.0,208.89226,8175.0
2024-06-26 17:00:00,22.9805,100.0,202.0,181.04054,5050.0
2024-06-26 18:00:00,22.4805,100.0,56.0,12.979415,1400.0
2024-06-26 19:00:00,21.9305,100.0,7.0,0.0,175.0
2024-06-26 20:00:00,21.880499,100.0,0.0,0.0,0.0
2024-06-26 21:00:00,21.880499,100.0,0.0,0.0,0.0
2024-06-26 22:00:00,21.8305,100.0,0.0,0.0,0.0
2024-06-26 23:00:00,21.8305,100.0,0.0,0.0,0.0
2024-06-27 00:00:00,21.780499,100.0,0.0,0.0,0.0
2024-06-27 01:00:00,21.630499,100.0,0.0,0.0,0.0
2024-06-27 02:00:00,21.5805,100.0,0.0,0.0,0.0
2024-06-27 03:00:00,21.530499,100.0,0.0,0.0,0.0
2024-06-27 04:00:00,21.380499,100.0,0.0,0.0,0.0
2024-06-27 05:00:00,21.2305,100.0,0.0,0.0,0.0
2024-06-27 06:00:00,21.0805,100.0,1.0,0.0,25.0
2024-06-27 07:00:00,21.4305,100.0,24.0,0.0,600.0
2024-06-27 08:00:00,22.3305,100.0,76.0,27.729965,1900.0
2024-06-27 09:00:00,23.1805,100.0,162.0,11.045481,4050.0
2024-06-27 10:00:00,24.030499,100.0,429.0,153.99242,10725.0
2024-06-27 11:00:00,25.1805,100.0,501.0,153.84726,12525.0
2024-06-27 12:00:00,24.380499,100.0,599.0,207.35919,14975.0
2024-06-27 13:00:00,23.9805,100.0,313.0,25.459957,7825.0
2024-06-27 14:00:00,24.280499,100.0,340.0,33.507748,8500.0
2024-06-27 15:00:00,23.380499,100.0,326.0,51.691113,8150.0
2024-06-27 16:00:00,23.280499,100.0,207.0,9.206906,5175.0
2024-06-27 17:00:00,22.8305,100.0,190.0,61.726727,4750.0
2024-06-27 18:00:00,21.7305,100.0,53.0,30.19913,1325.0
2024-06-27 19:00:00,21.380499,100.0,3.0,0.0,75.0
2024-06-27 20:00:00,21.2305,100.0,0.0,0.0,0.0
2024-06-27 21:00:00,21.0805,100.0,0.0,0.0,0.0
2024-06-27 22:00:00,21.130499,100.0,0.0,0.0,0.0
2024-06-27 23:00:00,21.4305,100.0,0.0,0.0,0.0
2024-06-28 00:00:00,21.4305,100.0,0.0,0.0,0.0
2024-06-28 01:00:00,21.280499,100.0,0.0,0.0,0.0
2024-06-28 02:00:00,21.3305,100.0,0.0,0.0,0.0
2024-06-28 03:00:00,21.380499,100.0,0.0,0.0,0.0
2024-06-28 04:00:00,21.5805,100.0,0.0,0.0,0.0
2024-06-28 05:00:00,21.2305,100.0,0.0,0.0,0.0
2024-06-28 06:00:00,21.280499,100.0,2.0,0.0,50.0
2024-06-28 07:00:00,21.380499,100.0,29.0,0.0,725.0
2024-06-28 08:00:00,21.7305,100.0,64.0,2.315327,1600.0
2024-06-28 09:00:00,23.630499,100.0,288.0,108.99122,7200.0
2024-06-28 10:00:00,24.630499,100.0,364.0,86.43546,9100.0
2024-06-28 11:00:00,25.280499,100.0,402.0,84.03715,10050.0
2024-06-28 12:00:00,25.6805,100.0,430.0,62.31022,10750.0
2024-06-28 13:00:00,25.6805,100.0,518.0,99.78182,12950.0
2024-06-28 14:00:00,24.530499,100.0,345.0,74.55005,8625.0
2024-06-28 15:00:00,24.9805,100.0,305.0,62.726322,7625.0
2024-06-28 16:00:00,24.530499,100.0,275.0,137.97054,6875.0
2024-06-28 17:00:00,24.3305,100.0,206.0,114.46817,5150.0
2024-06-28 18:00:00,23.530499,100.0,122.0,215.11833,3050.0
2024-06-28 19:00:00,22.280499,100.0,9.0,0.0,225.0
2024-06-28 20:00:00,22.1805,100.0,0.0,0.0,0.0
2024-06-28 21:00:00,21.5805,100.0,0.0,0.0,0.0
2024-06-28 22:00:00,21.380499,100.0,0.0,0.0,0.0
2024-06-28 23:00:00,21.2305,100.0,0.0,0.0,0.0
2024-06-29 00:00:00,21.2305,100.0,0.0,0.0,0.0
2024-06-29 01:00:00,20.9305,100.0,0.0,0.0,0.0
2024-06-29 02:00:00,20.8305,100.0,0.0,0.0,0.0
2024-06-29 03:00:00,20.880499,100.0,0.0,0.0,0.0
2024-06-29 04:00:00,20.9305,100.0,0.0,0.0,0.0
2024-06-29 05:00:00,21.030499,100.0,0.0,0.0,0.0
2024-06-29 06:00:00,21.3305,100.0,2.0,0.0,50.0
2024-06-29 07:00:00,21.6805,100.0,40.0,4.8198314,1000.0
2024-06-29 08:00:00,22.280499,100.0,81.0,2.3198934,2025.0
2024-06-29 09:00:00,23.8305,100.0,216.0,66.41227,5400.0
2024-06-29 10:00:00,24.7305,100.0,478.0,258.19934,11950.0
2024-06-29 11:00:00,25.630499,100.0,491.0,163.74805,12275.0
2024-06-29 12:00:00,25.9305,100.0,609.0,212.46555,15225.0
2024-06-29 13:00:00,26.9805,100.0,693.0,348.13943,17325.0
2024-06-29 14:00:00,27.3305,100.0,524.0,117.71616,13100.0
2024-06-29 15:00:00,25.3305,100.0,274.0,6.1455603,6850.0
2024-06-29 16:00:00,25.130499,100.0,365.0,203.6953,9125.0
2024-06-29 17:00:00,24.0805,100.0,196.0,131.89119,4900.0
2024-06-29 18:00:00,23.6805,100.0,66.0,55.784813,1650.0
2024-06-29 19:00:00,22.530499,100.0,9.0,0.0,225.0
2024-06-29 20:00:00,22.2305,100.0,0.0,0.0,0.0
2024-06-29 21:00:00,21.9305,100.0,0.0,0.0,0.0
2024-06-29 22:00:00,21.630499,100.0,0.0,0.0,0.0
2024-06-29 23:00:00,21.530499,100.0,0.0,0.0,0.0
2024-06-30 00:00:00,21.4805,100.0,0.0,0.0,0.0
2024-06-30 01:00:00,21.4805,100.0,0.0,0.0,0.0
2024-06-30 02:00:00,21.380499,100.0,0.0,0.0,0.0
2024-06-30 03:00:00,21.280499,100.0,0.0,0.0,0.0
2024-06-30 04:00:00,21.280499,100.0,0.0,0.0,0.0
2024-06-30 05:00:00,21.280499,100.0,0.0,0.0,0.0
2024-06-30 06:00:00,21.9805,100.0,4.0,0.0,100.0
2024-06-30 07:00:00,22.2305,100.0,41.0,9.686761,1025.0
2024-06-30 08:00:00,23.0805,100.0,120.0,16.27157,3000.0
2024-06-30 09:00:00,24.0805,100.0,208.0,49.06995,5200.0
2024-06-30 10:00:00,25.530499,100.0,442.0,131.67923,11050.0
2024-06-30 11:00:00,26.6805,82.0,664.0,382.16492,16600.0
2024-06-30 12:00:00,26.4305,100.0,565.0,297.24017,14125.0
2024-06-30 13:00:00,24.9305,98.0,431.0,107.877106,10775.0
2024-06-30 14:00:00,25.880499,98.0,586.0,252.59966,14650.0
2024-06-30 15:00:00,24.880499,99.0,547.0,284.9647,13675.0
2024-06-30 16:00:00,24.380499,100.0,267.0,114.75783,6675.0
2024-06-30 17:00:00,23.3305,100.0,94.0,0.0,2350.0
2024-06-30 18:00:00,23.030499,100.0,32.0,0.0,800.0
2024-06-30 19:00:00,22.4805,100.0,4.0,0.0,100.0
2024-06-30 20:00:00,22.280499,100.0,0.0,0.0,0.0
2024-06-30 21:00:00,21.9305,100.0,0.0,0.0,0.0
2024-06-30 22:00:00,21.780499,100.0,0.0,0.0,0.0
2024-06-30 23:00:00,21.530499,100.0,0.0,0.0,0.0
2024-07-01 00:00:00,21.280499,100.0,0.0,0.0,0.0
2024-07-01 01:00:00,21.2305,100.0,0.0,0.0,0.0
2024-07-01 02:00:00,21.1805,100.0,0.0,0.0,0.0
2024-07-01 03:00:00,21.280499,100.0,0.0,0.0,0.0
2024-07-01 04:00:00,21.280499,100.0,0.0,0.0,0.0
2024-07-01 05:00:00,21.280499,100.0,0.0,0.0,0.0
2024-07-01 06:00:00,21.530499,100.0,2.0,0.0,50.0
2024-07-01 07:00:00,21.880499,100.0,40.0,0.0,1000.0
2024-07-01 08:00:00,21.9305,100.0,96.0,32.60827,2400.0
2024-07-01 09:00:00,23.530499,99.0,222.0,47.536526,5550.0
2024-07-01 10:00:00,25.1805,48.0,579.0,380.19324,14475.0
2024-07-01 11:00:00,26.4805,98.0,774.0,583.19684,19350.0
2024-07-01 12:00:00,25.780499,99.0,689.0,383.02637,17225.0
2024-07-01 13:00:00,26.6805,31.0,789.0,479.22052,19725.0
2024-07-01 14:00:00,26.1805,81.0,776.0,604.2401,19400.0
2024-07-01 15:00:00,25.130499,100.0,665.0,514.3158,16625.0
2024-07-01 16:00:00,24.630499,59.0,365.0,270.57922,9125.0
2024-07-01 17:00:00,23.9805,77.0,298.0,328.83853,7450.0
2024-07-01 18:00:00,22.9305,100.0,83.0,102.49539,2075.0
2024-07-01 19:00:00,21.7305,100.0,4.0,0.0,100.0
2024-07-01 20:00:00,21.4305,100.0,0.0,0.0,0.0
2024-07-01 21:00:00,20.9805,100.0,0.0,0.0,0.0
2024-07-01 22:00:00,20.780499,100.0,0.0,0.0,0.0
2024-07-01 23:00:00,20.8305,100.0,0.0,0.0,0.0
2024-07-02 00:00:00,20.6805,100.0,0.0,0.0,0.0
2024-07-02 01:00:00,20.530499,100.0,0.0,0.0,0.0
2024-07-02 02:00:00,20.4805,100.0,0.0,0.0,0.0
2024-07-02 03:00:00,20.530499,100.0,0.0,0.0,0.0
2024-07-02 04:00:00,20.630499,100.0,0.0,0.0,0.0
2024-07-02 05:00:00,20.7305,100.0,0.0,0.0,0.0
2024-07-02 06:00:00,20.9805,100.0,3.0,0.0,75.0
2024-07-02 07:00:00,21.280499,100.0,36.0,0.0,900.0
2024-07-02 08:00:00,22.130499,100.0,88.0,0.0,2200.0
2024-07-02 09:00:00,22.2305,100.0,123.0,0.0,3075.0
2024-07-02 10:00:00,23.5805,100.0,250.0,23.852957,6250.0
2024-07-02 11:00:00,24.4805,100.0,517.0,172.58966,12925.0
2024-07-02 12:00:00,24.280499,100.0,476.0,112.34833,11900.0
2024-07-02 13:00:00,24.030499,100.0,538.0,119.010895,13450.0
2024-07-02 14:00:00,25.3305,98.0,563.0,229.72264,14075.0
2024-07-02 15:00:00,24.4305,86.0,506.0,296.85678,12650.0
2024-07-02 16:00:00,24.280499,70.0,309.0,163.42387,7725.0
2024-07-02 17:00:00,23.9805,97.0,253.0,280.25467,6325.0
2024-07-02 18:00:00,23.2305,96.0,111.0,166.19691,2775.0
2024-07-02 19:00:00,22.280499,100.0,11.0,10.416216,275.0
2024-07-02 20:00:00,22.280499,100.0,0.0,0.0,0.0
2024-07-02 21:00:00,22.280499,100.0,0.0,0.0,0.0
2024-07-02 22:00:00,22.130499,100.0,0.0,0.0,0.0
2024-07-02 23:00:00,21.9805,100.0,0.0,0.0,0.0
2024-07-03 00:00:00,21.780499,100.0,0.0,0.0,0.0
2024-07-03 01:00:00,21.530499,100.0,0.0,0.0,0.0
2024-07-03 02:00:00,21.380499,100.0,0.0,0.0,0.0
2024-07-03 03:00:00,21.130499,100.0,0.0,0.0,0.0
2024-07-03 04:00:00,20.880499,100.0,0.0,0.0,0.0
2024-07-03 05:00:00,20.8305,100.0,0.0,0.0,0.0
2024-07-03 06:00:00,21.1805,100.0,2.0,0.0,50.0
2024-07-03 07:00:00,21.630499,100.0,40.0,9.833847,1000.0
2024-07-03 08:00:00,22.9305,100.0,110.0,9.35398,2750.0
2024-07-03 09:00:00,24.4305,100.0,278.0,71.45043,6950.0
2024-07-03 10:00:00,25.5805,100.0,542.0,310.24478,13550.0
2024-07-03 11:00:00,26.280499,99.0,552.0,230.52408,13800.0
2024-07-03 12:00:00,26.630499,100.0,537.0,177.70235,13425.0
2024-07-03 13:00:00,26.4305,100.0,472.0,86.43748,11800.0
2024-07-03 14:00:00,26.530499,100.0,408.0,99.17767,10200.0
2024-07-03 15:00:00,26.3305,100.0,433.0,156.9139,10825.0
2024-07-03 16:00:00,26.030499,100.0,377.0,173.96414,9425.0
2024-07-03 17:00:00,24.9305,100.0,197.0,52.48487,4925.0
2024-07-03 18:00:00,22.9305,100.0,37.0,4.253062,925.0
2024-07-03 19:00:00,22.380499,100.0,4.0,0.0,100.0
2024-07-03 20:00:00,22.030499,100.0,0.0,0.0,0.0
2024-07-03 21:00:00,21.7305,100.0,0.0,0.0,0.0
2024-07-03 22:00:00,21.4805,100.0,0.0,0.0,0.0
2024-07-03 23:00:00,21.3305,100.0,0.0,0.0,0.0
2024-07-04 00:00:00,21.1805,100.0,0.0,0.0,0.0
2024-07-04 01:00:00,20.9305,100.0,0.0,0.0,0.0
2024-07-04 02:00:00,20.880499,100.0,0.0,0.0,0.0
2024-07-04 03:00:00,20.9305,100.0,0.0,0.0,0.0
2024-07-04 04:00:00,20.9305,100.0,0.0,0.0,0.0
2024-07-04 05:00:00,20.9305,100.0,0.0,0.0,0.0
2024-07-04 06:00:00,21.280499,100.0,3.0,0.0,75.0
2024-07-04 07:00:00,21.630499,100.0,23.0,0.0,575.0
2024-07-04 08:00:00,22.380499,100.0,90.0,2.3431327,2250.0
2024-07-04 09:00:00,23.2305,100.0,145.0,9.5361805,3625.0
2024-07-04 10:00:00,24.0805,100.0,262.0,22.619846,6550.0
2024-07-04 11:00:00,24.4805,100.0,266.0,7.6489143,6650.0
2024-07-04 12:00:00,24.380499,100.0,246.0,2.0423849,6150.0
2024-07-04 13:00:00,25.380499,100.0,371.0,52.8646,9275.0
2024-07-04 14:00:00,25.3305,100.0,328.0,22.628052,8200.0
2024-07-04 15:00:00,25.030499,100.0,236.0,7.350685,5900.0
2024-07-04 16:00:00,24.530499,100.0,203.0,12.197829,5075.0
2024-07-04 17:00:00,24.1805,100.0,111.0,21.844183,2775.0
2024-07-04 18:00:00,23.3305,100.0,78.0,46.700752,1950.0
2024-07-04 19:00:00,22.5805,99.0,7.0,0.0,175.0
2024-07-04 20:00:00,22.2305,100.0,0.0,0.0,0.0
2024-07-04 21:00:00,21.9305,100.0,0.0,0.0,0.0
2024-07-04 22:00:00,21.630499,100.0,0.0,0.0,0.0
2024-07-04 23:00:00,21.4305,100.0,0.0,0.0,0.0
2024-07-05 00:00:00,21.380499,100.0,0.0,0.0,0.0
2024-07-05 01:00:00,21.3305,100.0,0.0,0.0,0.0
2024-07-05 02:00:00,21.3305,100.0,0.0,0.0,0.0
2024-07-05 03:00:00,21.280499,100.0,0.0,0.0,0.0
2024-07-05 04:00:00,21.280499,100.0,0.0,0.0,0.0
2024-07-05 05:00:00,21.2305,100.0,0.0,0.0,0.0
2024-07-05 06:00:00,21.4305,100.0,1.0,0.0,25.0
2024-07-05 07:00:00,21.630499,100.0,45.0,9.9349785,1125.0
2024-07-05 08:00:00,22.6805,100.0,127.0,0.0,3175.0
2024-07-05 09:00:00,23.4305,100.0,213.0,30.227072,5325.0
2024-07-05 10:00:00,24.030499,100.0,335.0,82.977486,8375.0
2024-07-05 11:00:00,23.2305,100.0,289.0,34.971222,7225.0
2024-07-05 12:00:00,23.3305,100.0,230.0,3.063276,5750.0
2024-07-05 13:00:00,23.9805,100.0,396.0,49.800407,9900.0
2024-07-05 14:00:00,24.130499,100.0,313.0,17.232594,7825.0
2024-07-05 15:00:00,24.4805,100.0,270.0,34.282055,6750.0
2024-07-05 16:00:00,24.2305,99.0,223.0,19.805714,5575.0
2024-07-05 17:00:00,24.0805,100.0,280.0,288.04367,7000.0
2024-07-05 18:00:00,21.9305,100.0,23.0,0.0,575.0
2024-07-05 19:00:00,21.6805,100.0,4.0,0.0,100.0
2024-07-05 20:00:00,21.4305,100.0,0.0,0.0,0.0
2024-07-05 21:00:00,21.2305,100.0,0.0,0.0,0.0
2024-07-05 22:00:00,21.030499,100.0,0.0,0.0,0.0
2024-07-05 23:00:00,20.9305,100.0,0.0,0.0,0.0
2024-07-06 00:00:00,20.9305,100.0,0.0,0.0,0.0
2024-07-06 01:00:00,20.9805,100.0,0.0,0.0,0.0
2024-07-06 02:00:00,21.1805,100.0,0.0,0.0,0.0
2024-07-06 03:00:00,21.380499,100.0,0.0,0.0,0.0
2024-07-06 04:00:00,21.4305,100.0,0.0,0.0,0.0
2024-07-06 05:00:00,21.4305,100.0,0.0,0.0,0.0
2024-07-06 06:00:00,21.380499,100.0,2.0,0.0,50.0
2024-07-06 07:00:00,21.4805,100.0,44.0,0.0,1100.0
2024-07-06 08:00:00,22.030499,99.0,115.0,4.704531,2875.0
2024-07-06 09:00:00,22.9305,100.0,288.0,97.135735,7200.0
2024-07-06 10:00:00,23.0805,100.0,197.0,31.444458,4925.0
2024-07-06 11:00:00,23.280499,100.0,188.0,4.3719077,4700.0
2024-07-06 12:00:00,23.3305,100.0,311.0,22.46149,7775.0
2024-07-06 13:00:00,23.280499,100.0,304.0,43.689556,7600.0
2024-07-06 14:00:00,23.6805,100.0,302.0,2.1531045,7550.0
2024-07-06 15:00:00,23.9805,100.0,366.0,48.94514,9150.0
2024-07-06 16:00:00,23.7305,100.0,211.0,24.357927,5275.0
2024-07-06 17:00:00,22.6805,100.0,118.0,15.260531,2950.0
2024-07-06 18:00:00,21.5805,100.0,37.0,12.699568,925.0
2024-07-06 19:00:00,21.1805,100.0,4.0,0.0,100.0
2024-07-06 20:00:00,20.9305,100.0,0.0,0.0,0.0
2024-07-06 21:00:00,20.780499,100.0,0.0,0.0,0.0
2024-07-06 22:00:00,20.9805,100.0,0.0,0.0,0.0
2024-07-06 23:00:00,21.030499,100.0,0.0,0.0,0.0
2024-07-07 00:00:00,21.030499,100.0,0.0,0.0,0.0
2024-07-07 01:00:00,20.9805,100.0,0.0,0.0,0.0
2024-07-07 02:00:00,20.9305,100.0,0.0,0.0,0.0
2024-07-07 03:00:00,20.780499,100.0,0.0,0.0,0.0
2024-07-07 04:00:00,20.780499,100.0,0.0,0.0,0.0
2024-07-07 05:00:00,20.6805,100.0,0.0,0.0,0.0
2024-07-07 06:00:00,20.5805,100.0,2.0,0.0,50.0
2024-07-07 07:00:00,20.8305,100.0,39.0,0.0,975.0
2024-07-07 08:00:00,21.630499,100.0,92.0,14.140298,2300.0
2024-07-07 09:00:00,22.030499,100.0,231.0,41.43947,5775.0
2024-07-07 10:00:00,21.9805,100.0,146.0,2.516572,3650.0
2024-07-07 11:00:00,22.280499,100.0,215.0,15.3031025,5375.0
2024-07-07 12:00:00,22.030499,100.0,93.0,1.0208466,2325.0
2024-07-07 13:00:00,22.030499,100.0,60.0,0.0,1500.0
2024-07-07 14:00:00,22.0805,100.0,36.0,0.0,900.0
2024-07-07 15:00:00,22.2305,100.0,129.0,17.120956,3225.0
2024-07-07 16:00:00,22.0805,100.0,182.0,30.425995,4550.0
2024-07-07 17:00:00,22.030499,100.0,139.0,52.277225,3475.0
2024-07-07 18:00:00,21.1805,100.0,27.0,0.0,675.0
2024-07-07 19:00:00,20.880499,100.0,2.0,0.0,50.0
2024-07-07 20:00:00,20.780499,100.0,0.0,0.0,0.0
2024-07-07 21:00:00,20.5805,100.0,0.0,0.0,0.0
2024-07-07 22:00:00,20.7305,100.0,0.0,0.0,0.0
2024-07-07 23:00:00,20.6805,100.0,0.0,0.0,0.0
2024-07-08 00:00:00,20.630499,100.0,0.0,0.0,0.0
2024-07-08 01:00:00,20.5805,100.0,0.0,0.0,0.0
2024-07-08 02:00:00,20.5805,100.0,0.0,0.0,0.0
2024-07-08 03:00:00,20.5805,100.0,0.0,0.0,0.0
2024-07-08 04:00:00,20.630499,100.0,0.0,0.0,0.0
2024-07-08 05:00:00,20.7305,100.0,0.0,0.0,0.0
2024-07-08 06:00:00,20.4805,100.0,2.0,0.0,50.0
2024-07-08 07:00:00,20.880499,100.0,32.0,0.0,800.0
2024-07-08 08:00:00,21.4805,100.0,104.0,7.0831985,2600.0
2024-07-08 09:00:00,22.280499,100.0,175.0,44.665665,4375.0
2024-07-08 10:00:00,25.0805,97.0,517.0,196.36583,12925.0
2024-07-08 11:00:00,25.130499,98.0,551.0,225.19003,13775.0
2024-07-08 12:00:00,25.4805,82.0,477.0,120.442825,11925.0
2024-07-08 13:00:00,25.9805,56.0,648.0,277.21063,16200.0
2024-07-08 14:00:00,25.5805,94.0,615.0,317.3038,15375.0
2024-07-08 15:00:00,25.7305,97.0,507.0,273.78513,12675.0
2024-07-08 16:00:00,24.9805,91.0,325.0,124.665474,8125.0
2024-07-08 17:00:00,23.8305,100.0,255.0,211.12924,6375.0
2024-07-08 18:00:00,21.9305,100.0,32.0,4.2249203,800.0
2024-07-08 19:00:00,21.630499,100.0,3.0,0.0,75.0
2024-07-08 20:00:00,21.4805,100.0,0.0,0.0,0.0
2024-07-08 21:00:00,21.130499,100.0,0.0,0.0,0.0
2024-07-08 22:00:00,20.9805,100.0,0.0,0.0,0.0
2024-07-08 23:00:00,20.7305,100.0,0.0,0.0,0.0
2024-07-09 00:00:00,20.6805,100.0,0.0,0.0,0.0
2024-07-09 01:00:00,20.530499,100.0,0.0,0.0,0.0
2024-07-09 02:00:00,20.530499,100.0,0.0,0.0,0.0
2024-07-09 03:00:00,20.5805,100.0,0.0,0.0,0.0
2024-07-09 04:00:00,20.6805,100.0,0.0,0.0,0.0
2024-07-09 05:00:00,20.7305,100.0,0.0,0.0,0.0
2024-07-09 06:00:00,20.2305,100.0,3.0,0.0,75.0
2024-07-09 07:00:00,20.9305,100.0,60.0,10.13771,1500.0
2024-07-09 08:00:00,21.3305,100.0,81.0,16.557032,2025.0
2024-07-09 09:00:00,23.2305,100.0,213.0,71.842865,5325.0
2024-07-09 10:00:00,24.7305,100.0,485.0,288.35284,12125.0
2024-07-09 11:00:00,24.4805,96.0,390.0,135.55746,9750.0
2024-07-09 12:00:00,24.130499,100.0,429.0,163.2868,10725.0
2024-07-09 13:00:00,23.380499,100.0,338.0,48.72539,8450.0
2024-07-09 14:00:00,23.8305,100.0,324.0,70.95986,8100.0
2024-07-09 15:00:00,22.9805,100.0,192.0,20.76754,4800.0
2024-07-09 16:00:00,23.5805,100.0,408.0,212.71738,10200.0
2024-07-09 17:00:00,22.780499,100.0,152.0,30.45288,3800.0
2024-07-09 18:00:00,21.9805,100.0,34.0,0.0,850.0
2024-07-09 19:00:00,21.530499,100.0,4.0,0.0,100.0
2024-07-09 20:00:00,21.2305,100.0,0.0,0.0,0.0
2024-07-09 21:00:00,21.130499,100.0,0.0,0.0,0.0
2024-07-09 22:00:00,20.8305,100.0,0.0,0.0,0.0
2024-07-09 23:00:00,20.630499,100.0,0.0,0.0,0.0
2024-07-10 00:00:00,20.2305,100.0,0.0,0.0,0.0
2024-07-10 01:00:00,20.2305,100.0,0.0,0.0,0.0
2024-07-10 02:00:00,20.380499,100.0,0.0,0.0,0.0
2024-07-10 03:00:00,20.530499,100.0,0.0,0.0,0.0
2024-07-10 04:00:00,20.530499,100.0,0.0,0.0,0.0
2024-07-10 05:00:00,20.5805,100.0,0.0,0.0,0.0
2024-07-10 06:00:00,20.7305,100.0,1.0,0.0,25.0
2024-07-10 07:00:00,20.9805,100.0,24.0,0.0,600.0
2024-07-10 08:00:00,21.630499,100.0,74.0,4.738737,1850.0
2024-07-10 09:00:00,23.3305,100.0,248.0,59.116367,6200.0
2024-07-10 10:00:00,23.8305,100.0,317.0,46.603867,7925.0
2024-07-10 11:00:00,24.8305,100.0,458.0,125.721245,11450.0
2024-07-10 12:00:00,26.030499,100.0,622.0,247.94957,15550.0
2024-07-10 13:00:00,26.7305,100.0,743.0,410.99356,18575.0
2024-07-10 14:00:00,25.630499,99.0,678.0,439.55508,16950.0
2024-07-10 15:00:00,25.6805,95.0,440.0,203.91147,11000.0
2024-07-10 16:00:00,25.4305,80.0,424.0,338.6492,10600.0
2024-07-10 17:00:00,24.9805,92.0,293.0,293.50162,7325.0
2024-07-10 18:00:00,23.280499,97.0,112.0,105.52951,2800.0
2024-07-10 19:00:00,22.3305,100.0,9.0,10.330729,225.0
2024-07-10 20:00:00,21.880499,100.0,0.0,0.0,0.0
2024-07-10 21:00:00,21.6805,100.0,0.0,0.0,0.0
2024-07-10 22:00:00,21.630499,100.0,0.0,0.0,0.0
2024-07-10 23:00:00,21.4805,100.0,0.0,0.0,0.0
2024-07-11 00:00:00,21.3305,100.0,0.0,0.0,0.0
2024-07-11 01:00:00,21.1805,100.0,0.0,0.0,0.0
2024-07-11 02:00:00,21.0805,100.0,0.0,0.0,0.0
2024-07-11 03:00:00,21.130499,100.0,0.0,0.0,0.0
2024-07-11 04:00:00,21.0805,100.0,0.0,0.0,0.0
2024-07-11 05:00:00,20.880499,100.0,0.0,0.0,0.0
2024-07-11 06:00:00,21.130499,100.0,2.0,0.0,50.0
2024-07-11 07:00:00,21.5805,100.0,56.0,25.589502,1400.0
2024-07-11 08:00:00,22.3305,100.0,103.0,9.493134,2575.0
2024-07-11 09:00:00,23.780499,100.0,231.0,23.983305,5775.0
2024-07-11 10:00:00,25.630499,82.0,574.0,333.87296,14350.0
2024-07-11 11:00:00,25.5805,63.0,584.0,262.3735,14600.0
2024-07-11 12:00:00,26.1805,31.0,741.0,475.4042,18525.0
2024-07-11 13:00:00,27.0805,91.0,875.0,651.29895,21875.0
2024-07-11 14:00:00,27.130499,91.0,758.0,552.1795,18950.0
2024-07-11 15:00:00,26.9305,99.0,649.0,508.9377,16225.0
2024-07-11 16:00:00,26.130499,99.0,464.0,418.94043,11600.0
2024-07-11 17:00:00,24.9805,69.0,234.0,204.28357,5850.0
2024-07-11 18:00:00,23.630499,93.0,101.0,135.0749,2525.0
2024-07-11 19:00:00,22.630499,100.0,9.0,10.336006,225.0
2024-07-11 20:00:00,22.1805,100.0,0.0,0.0,0.0
2024-07-11 21:00:00,22.030499,96.0,0.0,0.0,0.0
2024-07-11 22:00:00,21.7305,100.0,0.0,0.0,0.0
2024-07-11 23:00:00,21.7305,100.0,0.0,0.0,0.0
2024-07-12 00:00:00,21.6805,100.0,0.0,0.0,0.0
2024-07-12 01:00:00,21.5805,100.0,0.0,0.0,0.0
2024-07-12 02:00:00,21.5805,100.0,0.0,0.0,0.0
2024-07-12 03:00:00,21.5805,100.0,0.0,0.0,0.0
2024-07-12 04:00:00,21.530499,100.0,0.0,0.0,0.0
2024-07-12 05:00:00,21.5805,100.0,0.0,0.0,0.0
2024-07-12 06:00:00,21.4305,100.0,1.0,0.0,25.0
2024-07-12 07:00:00,21.530499,100.0,23.0,0.0,575.0
2024-07-12 08:00:00,22.3305,100.0,77.0,0.0,1925.0
2024-07-12 09:00:00,23.4805,100.0,170.0,22.399927,4250.0
2024-07-12 10:00:00,25.130499,100.0,341.0,46.627552,8525.0
2024-07-12 11:00:00,25.630499,100.0,535.0,220.8261,13375.0
2024-07-12 12:00:00,26.4805,100.0,809.0,489.59048,20225.0
2024-07-12 13:00:00,26.5805,99.0,652.0,390.4533,16300.0
2024-07-12 14:00:00,26.9805,100.0,753.0,560.5525,18825.0
2024-07-12 15:00:00,26.280499,100.0,557.0,344.0236,13925.0
2024-07-12 16:00:00,24.2305,100.0,418.0,241.24286,10450.0
2024-07-12 17:00:00,23.3305,100.0,208.0,78.211464,5200.0
2024-07-12 18:00:00,22.780499,100.0,53.0,8.443699,1325.0
2024-07-12 19:00:00,22.1805,100.0,8.0,0.0,200.0
2024-07-12 20:00:00,21.880499,100.0,0.0,0.0,0.0
2024-07-12 21:00:00,21.7305,100.0,0.0,0.0,0.0
2024-07-12 22:00:00,21.380499,100.0,0.0,0.0,0.0
2024-07-12 23:00:00,21.0805,100.0,0.0,0.0,0.0
2024-07-13 00:00:00,21.030499,100.0,0.0,0.0,0.0
2024-07-13 01:00:00,20.6805,100.0,0.0,0.0,0.0
2024-07-13 02:00:00,20.7305,100.0,0.0,0.0,0.0
2024-07-13 03:00:00,20.6805,100.0,0.0,0.0,0.0
2024-07-13 04:00:00,20.8305,100.0,0.0,0.0,0.0
2024-07-13 05:00:00,20.8305,100.0,0.0,0.0,0.0
2024-07-13 06:00:00,20.780499,100.0,1.0,0.0,25.0
2024-07-13 07:00:00,20.880499,100.0,31.0,0.0,775.0
2024-07-13 08:00:00,22.3305,100.0,165.0,35.715,4125.0
2024-07-13 09:00:00,23.030499,100.0,142.0,6.404341,3550.0
2024-07-13 10:00:00,24.9305,100.0,407.0,122.267746,10175.0
2024-07-13 11:00:00,24.030499,100.0,289.0,40.446865,7225.0
2024-07-13 12:00:00,24.9805,100.0,592.0,260.04108,14800.0
2024-07-13 13:00:00,25.780499,100.0,693.0,379.17578,17325.0
2024-07-13 14:00:00,24.380499,100.0,429.0,110.5637,10725.0
2024-07-13 15:00:00,24.6805,100.0,363.0,85.35988,9075.0
2024-07-13 16:00:00,24.0805,100.0,334.0,154.69856,8350.0
2024-07-13 17:00:00,23.0805,100.0,129.0,15.204101,3225.0
2024-07-13 18:00:00,22.7305,100.0,62.0,29.563889,1550.0
2024-07-13 19:00:00,21.5805,100.0,4.0,0.0,100.0
2024-07-13 20:00:00,21.5805,100.0,0.0,0.0,0.0
2024-07-13 21:00:00,21.530499,100.0,0.0,0.0,0.0
2024-07-13 22:00:00,21.130499,100.0,0.0,0.0,0.0
2024-07-13 23:00:00,20.880499,100.0,0.0,0.0,0.0
2024-07-14 00:00:00,20.9305,100.0,0.0,0.0,0.0
2024-07-14 01:00:00,21.030499,100.0,0.0,0.0,0.0
2024-07-14 02:00:00,20.880499,100.0,0.0,0.0,0.0
2024-07-14 03:00:00,20.7305,100.0,0.0,0.0,0.0
2024-07-14 04:00:00,20.5805,100.0,0.0,0.0,0.0
2024-07-14 05:00:00,20.6805,100.0,0.0,0.0,0.0
2024-07-14 06:00:00,20.8305,100.0,1.0,0.0,25.0
2024-07-14 07:00:00,20.9805,100.0,24.0,0.0,600.0
2024-07-14 08:00:00,21.4305,100.0,71.0,9.539473,1775.0
2024-07-14 09:00:00,23.3305,100.0,176.0,16.021572,4400.0
2024-07-14 10:00:00,23.130499,100.0,178.0,28.997547,4450.0
2024-07-14 11:00:00,23.280499,100.0,232.0,12.024155,5800.0
2024-07-14 12:00:00,23.130499,100.0,289.0,18.35186,7225.0
2024-07-14 13:00:00,22.7305,100.0,204.0,6.081055,5100.0
2024-07-14 14:00:00,22.880499,100.0,222.0,7.5111194,5550.0
2024-07-14 15:00:00,22.6805,100.0,157.0,4.875728,3925.0
2024-07-14 16:00:00,21.9805,100.0,149.0,13.644996,3725.0
2024-07-14 17:00:00,22.3305,100.0,54.0,0.0,1350.0
2024-07-14 18:00:00,22.130499,100.0,18.0,0.0,450.0
2024-07-14 19:00:00,22.0805,100.0,2.0,0.0,50.0
2024-07-14 20:00:00,21.6805,100.0,0.0,0.0,0.0
2024-07-14 21:00:00,21.630499,100.0,0.0,0.0,0.0
2024-07-14 22:00:00,21.3305,100.0,0.0,0.0,0.0
2024-07-14 23:00:00,20.9305,100.0,0.0,0.0,0.0
2024-07-15 00:00:00,20.880499,100.0,0.0,0.0,0.0
2024-07-15 01:00:00,21.130499,100.0,0.0,0.0,0.0
2024-07-15 02:00:00,21.2305,100.0,0.0,0.0,0.0
2024-07-15 03:00:00,21.2305,100.0,0.0,0.0,0.0
2024-07-15 04:00:00,21.280499,100.0,0.0,0.0,0.0
2024-07-15 05:00:00,21.1805,100.0,0.0,0.0,0.0
2024-07-15 06:00:00,21.530499,100.0,1.0,0.0,25.0
2024-07-15 07:00:00,21.6805,100.0,27.0,0.0,675.0
2024-07-15 08:00:00,21.780499,100.0,88.0,7.1661983,2200.0
2024-07-15 09:00:00,22.5805,100.0,138.0,0.0,3450.0
2024-07-15 10:00:00,23.6805,100.0,322.0,50.440624,8050.0
2024-07-15 11:00:00,23.280499,100.0,277.0,27.325935,6925.0
2024-07-15 12:00:00,22.6805,100.0,248.0,9.173862,6200.0
2024-07-15 13:00:00,22.6805,100.0,273.0,20.263535,6825.0
2024-07-15 14:00:00,22.7305,100.0,207.0,1.0726064,5175.0
2024-07-15 15:00:00,22.630499,100.0,112.0,0.0,2800.0
2024-07-15 16:00:00,22.5805,100.0,143.0,6.0625143,3575.0
2024-07-15 17:00:00,22.030499,100.0,53.0,0.0,1325.0
2024-07-15 18:00:00,22.130499,100.0,32.0,0.0,800.0
2024-07-15 19:00:00,21.880499,100.0,3.0,0.0,75.0
2024-07-15 20:00:00,21.6805,100.0,0.0,0.0,0.0
2024-07-15 21:00:00,21.630499,100.0,0.0,0.0,0.0
2024-07-15 22:00:00,21.1805,100.0,0.0,0.0,0.0
2024-07-15 23:00:00,21.130499,100.0,0.0,0.0,0.0
2024-07-16 00:00:00,21.3305,100.0,0.0,0.0,0.0
2024-07-16 01:00:00,21.5805,100.0,0.0,0.0,0.0
2024-07-16 02:00:00,21.6805,100.0,0.0,0.0,0.0
2024-07-16 03:00:00,21.630499,100.0,0.0,0.0,0.0
2024-07-16 04:00:00,21.0805,100.0,0.0,0.0,0.0
2024-07-16 05:00:00,21.3305,100.0,0.0,0.0,0.0
2024-07-16 06:00:00,21.380499,100.0,2.0,0.0,50.0
2024-07-16 07:00:00,21.6805,100.0,37.0,0.0,925.0
2024-07-16 08:00:00,22.3305,100.0,112.0,21.533262,2800.0
2024-07-16 09:00:00,21.9305,100.0,81.0,0.0,2025.0
2024-07-16 10:00:00,23.0805,100.0,235.0,23.96374,5875.0
2024-07-16 11:00:00,23.5805,100.0,262.0,18.580269,6550.0
2024-07-16 12:00:00,23.130499,100.0,233.0,13.248052,5825.0
2024-07-16 13:00:00,23.530499,100.0,285.0,9.11559,7125.0
2024-07-16 14:00:00,23.130499,100.0,201.0,0.0,5025.0
2024-07-16 15:00:00,22.530499,100.0,124.0,2.4360235,3100.0
2024-07-16 16:00:00,22.780499,100.0,100.0,0.0,2500.0
2024-07-16 17:00:00,22.280499,100.0,69.0,0.0,1725.0
2024-07-16 18:00:00,21.5805,100.0,30.0,0.0,750.0
2024-07-16 19:00:00,21.380499,100.0,2.0,0.0,50.0
2024-07-16 20:00:00,21.380499,100.0,0.0,0.0,0.0
2024-07-16 21:00:00,21.2305,100.0,0.0,0.0,0.0
2024-07-16 22:00:00,21.1805,100.0,0.0,0.0,0.0
2024-07-16 23:00:00,21.0805,100.0,0.0,0.0,0.0
2024-07-17 00:00:00,20.9305,100.0,0.0,0.0,0.0
2024-07-17 01:00:00,20.880499,100.0,0.0,0.0,0.0
2024-07-17 02:00:00,20.9305,100.0,0.0,0.0,0.0
2024-07-17 03:00:00,21.030499,100.0,0.0,0.0,0.0
2024-07-17 04:00:00,20.880499,100.0,0.0,0.0,0.0
2024-07-17 05:00:00,21.280499,100.0,0.0,0.0,0.0
2024-07-17 06:00:00,21.1805,100.0,1.0,0.0,25.0
2024-07-17 07:00:00,21.6805,100.0,41.0,0.0,1025.0
2024-07-17 08:00:00,22.280499,100.0,75.0,0.0,1875.0
2024-07-17 09:00:00,22.7305,100.0,135.0,6.420974,3375.0
2024-07-17 10:00:00,22.880499,100.0,159.0,7.568792,3975.0
2024-07-17 11:00:00,22.6805,100.0,119.0,0.0,2975.0
2024-07-17 12:00:00,22.7305,100.0,226.0,19.3579,5650.0
2024-07-17 13:00:00,22.9805,100.0,299.0,28.350285,7475.0
2024-07-17 14:00:00,23.380499,100.0,179.0,7.5026817,4475.0
2024-07-17 15:00:00,23.530499,100.0,215.0,40.18054,5375.0
2024-07-17 16:00:00,23.030499,100.0,132.0,1.5148554,3300.0
2024-07-17 17:00:00,22.630499,100.0,77.0,0.0,1925.0
2024-07-17 18:00:00,21.8305,100.0,25.0,0.0,625.0
2024-07-17 19:00:00,21.5805,100.0,2.0,0.0,50.0
2024-07-17 20:00:00,21.380499,100.0,0.0,0.0,0.0
2024-07-17 21:00:00,21.1805,100.0,0.0,0.0,0.0
2024-07-17 22:00:00,21.030499,100.0,0.0,0.0,0.0
2024-07-17 23:00:00,21.2305,100.0,0.0,0.0,0.0
2024-07-18 00:00:00,21.280499,100.0,0.0,0.0,0.0
2024-07-18 01:00:00,21.380499,100.0,0.0,0.0,0.0
2024-07-18 02:00:00,21.280499,100.0,0.0,0.0,0.0
2024-07-18 03:00:00,21.3305,100.0,0.0,0.0,0.0
2024-07-18 04:00:00,21.380499,100.0,0.0,0.0,0.0
2024-07-18 05:00:00,21.6805,100.0,0.0,0.0,0.0
2024-07-18 06:00:00,21.780499,100.0,1.0,0.0,25.0
2024-07-18 07:00:00,21.9305,100.0,24.0,0.0,600.0
2024-07-18 08:00:00,22.3305,100.0,70.0,2.4002178,1750.0
2024-07-18 09:00:00,22.6805,100.0,113.0,0.0,2825.0
2024-07-18 10:00:00,23.630499,100.0,209.0,12.616624,5225.0
2024-07-18 11:00:00,23.630499,100.0,218.0,4.371039,5450.0
2024-07-18 12:00:00,23.380499,100.0,162.0,2.0371754,4050.0
2024-07-18 13:00:00,23.5805,100.0,334.0,70.85252,8350.0
2024-07-18 14:00:00,23.7305,100.0,363.0,51.42871,9075.0
2024-07-18 15:00:00,23.4305,100.0,334.0,53.556923,8350.0
2024-07-18 16:00:00,23.630499,100.0,343.0,131.76793,8575.0
2024-07-18 17:00:00,22.8305,100.0,143.0,13.032047,3575.0
2024-07-18 18:00:00,21.9305,100.0,24.0,4.24407,600.0
2024-07-18 19:00:00,21.7305,100.0,2.0,0.0,50.0
2024-07-18 20:00:00,21.630499,100.0,0.0,0.0,0.0
2024-07-18 21:00:00,21.630499,100.0,0.0,0.0,0.0
2024-07-18 22:00:00,21.6805,100.0,0.0,0.0,0.0
2024-07-18 23:00:00,21.8305,100.0,0.0,0.0,0.0
2024-07-19 00:00:00,22.030499,100.0,0.0,0.0,0.0
2024-07-19 01:00:00,21.880499,100.0,0.0,0.0,0.0
2024-07-19 02:00:00,21.9305,100.0,0.0,0.0,0.0
2024-07-19 03:00:00,21.880499,100.0,0.0,0.0,0.0
2024-07-19 04:00:00,21.780499,100.0,0.0,0.0,0.0
2024-07-19 05:00:00,21.780499,100.0,0.0,0.0,0.0
2024-07-19 06:00:00,21.4805,100.0,1.0,0.0,25.0
2024-07-19 07:00:00,21.5805,100.0,19.0,0.0,475.0
2024-07-19 08:00:00,21.780499,100.0,25.0,0.0,625.0
2024-07-19 09:00:00,21.880499,100.0,44.0,0.0,1100.0
2024-07-19 10:00:00,21.9305,100.0,135.0,0.0,3375.0
2024-07-19 11:00:00,22.130499,100.0,160.0,0.0,4000.0
2024-07-19 12:00:00,22.5805,100.0,226.0,5.0916724,5650.0
2024-07-19 13:00:00,22.530499,100.0,168.0,2.023702,4200.0
2024-07-19 14:00:00,22.630499,100.0,205.0,4.2842617,5125.0
2024-07-19 15:00:00,22.030499,100.0,82.0,3.650537,2050.0
2024-07-19 16:00:00,22.0805,100.0,82.0,0.0,2050.0
2024-07-19 17:00:00,21.9805,100.0,53.0,0.0,1325.0
2024-07-19 18:00:00,21.4805,100.0,28.0,0.0,700.0
2024-07-19 19:00:00,21.130499,100.0,4.0,0.0,100.0
2024-07-19 20:00:00,20.8305,100.0,0.0,0.0,0.0
2024-07-19 21:00:00,21.1805,100.0,0.0,0.0,0.0
2024-07-19 22:00:00,21.380499,100.0,0.0,0.0,0.0
2024-07-19 23:00:00,21.1805,100.0,0.0,0.0,0.0
2024-07-20 00:00:00,21.0805,100.0,0.0,0.0,0.0
2024-07-20 01:00:00,21.380499,100.0,0.0,0.0,0.0
2024-07-20 02:00:00,21.530499,100.0,0.0,0.0,0.0
2024-07-20 03:00:00,21.4805,100.0,0.0,0.0,0.0
2024-07-20 04:00:00,21.5805,100.0,0.0,0.0,0.0
2024-07-20 05:00:00,21.7305,100.0,0.0,0.0,0.0
2024-07-20 06:00:00,21.530499,100.0,1.0,0.0,25.0
2024-07-20 07:00:00,21.530499,100.0,19.0,0.0,475.0
2024-07-20 08:00:00,21.6805,100.0,79.0,2.4076989,1975.0
2024-07-20 09:00:00,21.880499,100.0,98.0,4.824264,2450.0
2024-07-20 10:00:00,23.280499,100.0,301.0,44.17001,7525.0
2024-07-20 11:00:00,23.630499,100.0,406.0,76.476265,10150.0
2024-07-20 12:00:00,23.030499,100.0,493.0,92.64509,12325.0
2024-07-20 13:00:00,22.7305,100.0,302.0,16.184446,7550.0
2024-07-20 14:00:00,22.2305,100.0,223.0,23.555735,5575.0
2024-07-20 15:00:00,22.5805,100.0,184.0,0.0,4600.0
2024-07-20 16:00:00,22.130499,100.0,118.0,3.0284743,2950.0
2024-07-20 17:00:00,21.9305,100.0,112.0,21.733643,2800.0
2024-07-20 18:00:00,21.7305,100.0,33.0,0.0,825.0
2024-07-20 19:00:00,21.4305,100.0,2.0,0.0,50.0
2024-07-20 20:00:00,21.530499,100.0,0.0,0.0,0.0
2024-07-20 21:00:00,21.380499,100.0,0.0,0.0,0.0
2024-07-20 22:00:00,21.280499,100.0,0.0,0.0,0.0
2024-07-20 23:00:00,21.1805,100.0,0.0,0.0,0.0
2024-07-21 00:00:00,21.280499,100.0,0.0,0.0,0.0
2024-07-21 01:00:00,21.4305,100.0,0.0,0.0,0.0
2024-07-21 02:00:00,21.3305,100.0,0.0,0.0,0.0
2024-07-21 03:00:00,21.380499,100.0,0.0,0.0,0.0
2024-07-21 04:00:00,21.280499,100.0,0.0,0.0,0.0
2024-07-21 05:00:00,21.380499,100.0,0.0,0.0,0.0
2024-07-21 06:00:00,21.5805,100.0,1.0,0.0,25.0
2024-07-21 07:00:00,21.6805,100.0,32.0,0.0,800.0
2024-07-21 08:00:00,22.0805,100.0,100.0,4.8227158,2500.0
2024-07-21 09:00:00,23.530499,100.0,253.0,46.66021,6325.0
2024-07-21 10:00:00,24.030499,100.0,403.0,130.00043,10075.0
2024-07-21 11:00:00,24.880499,100.0,624.0,327.71463,15600.0
2024-07-21 12:00:00,24.780499,100.0,465.0,72.265144,11625.0
2024-07-21 13:00:00,23.530499,100.0,328.0,24.269066,8200.0
2024-07-21 14:00:00,23.0805,100.0,296.0,10.703831,7400.0
2024-07-21 15:00:00,23.280499,100.0,327.0,36.487263,8175.0
2024-07-21 16:00:00,22.6805,100.0,107.0,0.0,2675.0
2024-07-21 17:00:00,22.530499,100.0,64.0,0.0,1600.0
2024-07-21 18:00:00,21.7305,100.0,21.0,0.0,525.0
2024-07-21 19:00:00,21.630499,100.0,2.0,0.0,50.0
2024-07-21 20:00:00,21.6805,100.0,0.0,0.0,0.0
2024-07-21 21:00:00,21.780499,100.0,0.0,0.0,0.0
2024-07-21 22:00:00,21.6805,100.0,0.0,0.0,0.0
2024-07-21 23:00:00,21.630499,100.0,0.0,0.0,0.0
2024-07-22 00:00:00,21.380499,100.0,0.0,0.0,0.0
2024-07-22 01:00:00,21.380499,100.0,0.0,0.0,0.0
2024-07-22 02:00:00,21.4305,100.0,0.0,0.0,0.0
2024-07-22 03:00:00,21.2305,100.0,0.0,0.0,0.0
2024-07-22 04:00:00,21.4305,100.0,0.0,0.0,0.0
2024-07-22 05:00:00,21.2305,100.0,0.0,0.0,0.0
2024-07-22 06:00:00,21.380499,100.0,1.0,0.0,25.0
2024-07-22 07:00:00,21.630499,100.0,27.0,0.0,675.0
2024-07-22 08:00:00,21.9305,100.0,106.0,14.48972,2650.0
2024-07-22 09:00:00,22.780499,100.0,109.0,0.0,2725.0
2024-07-22 10:00:00,23.5805,100.0,256.0,23.982946,6400.0
2024-07-22 11:00:00,24.380499,94.0,578.0,259.95233,14450.0
2024-07-22 12:00:00,25.530499,100.0,698.0,417.1993,17450.0
2024-07-22 13:00:00,25.0805,70.0,482.0,99.06839,12050.0
2024-07-22 14:00:00,25.880499,94.0,822.0,642.04254,20550.0
2024-07-22 15:00:00,24.880499,88.0,628.0,510.72012,15700.0
2024-07-22 16:00:00,24.2305,65.0,432.0,321.01675,10800.0
2024-07-22 17:00:00,23.8305,100.0,292.0,341.5661,7300.0
2024-07-22 18:00:00,22.630499,100.0,85.0,64.16299,2125.0
2024-07-22 19:00:00,21.9305,100.0,6.0,0.0,150.0
2024-07-22 20:00:00,21.5805,100.0,0.0,0.0,0.0
2024-07-22 21:00:00,21.380499,100.0,0.0,0.0,0.0
2024-07-22 22:00:00,21.380499,100.0,0.0,0.0,0.0
2024-07-22 23:00:00,21.6805,100.0,0.0,0.0,0.0
2024-07-23 00:00:00,21.6805,100.0,0.0,0.0,0.0
2024-07-23 01:00:00,21.530499,100.0,0.0,0.0,0.0
2024-07-23 02:00:00,21.380499,100.0,0.0,0.0,0.0
2024-07-23 03:00:00,21.280499,100.0,0.0,0.0,0.0
2024-07-23 04:00:00,21.6805,100.0,0.0,0.0,0.0
2024-07-23 05:00:00,21.4805,100.0,0.0,0.0,0.0
2024-07-23 06:00:00,21.380499,100.0,1.0,0.0,25.0
2024-07-23 07:00:00,21.4805,100.0,20.0,0.0,500.0
2024-07-23 08:00:00,22.530499,100.0,97.0,4.836949,2425.0
2024-07-23 09:00:00,22.0805,100.0,72.0,1.6106334,1800.0
2024-07-23 10:00:00,23.030499,100.0,176.0,1.2623619,4400.0
2024-07-23 11:00:00,23.1805,100.0,207.0,18.565405,5175.0
2024-07-23 12:00:00,25.2305,100.0,538.0,172.94092,13450.0
2024-07-23 13:00:00,25.380499,100.0,605.0,258.71417,15125.0
2024-07-23 14:00:00,23.780499,100.0,430.0,67.39617,10750.0
2024-07-23 15:00:00,22.9305,100.0,220.0,21.884432,5500.0
2024-07-23 16:00:00,22.780499,100.0,219.0,33.31594,5475.0
2024-07-23 17:00:00,22.130499,100.0,57.0,0.0,1425.0
2024-07-23 18:00:00,22.030499,100.0,45.0,4.2884965,1125.0
2024-07-23 19:00:00,21.6805,100.0,7.0,0.0,175.0
2024-07-23 20:00:00,21.530499,100.0,0.0,0.0,0.0
2024-07-23 21:00:00,21.4305,100.0,0.0,0.0,0.0
2024-07-23 22:00:00,21.5805,100.0,0.0,0.0,0.0
2024-07-23 23:00:00,21.4805,100.0,0.0,0.0,0.0
2024-07-24 00:00:00,21.4305,100.0,0.0,0.0,0.0
2024-07-24 01:00:00,21.0805,100.0,0.0,0.0,0.0
2024-07-24 02:00:00,21.280499,100.0,0.0,0.0,0.0
2024-07-24 03:00:00,21.4305,100.0,0.0,0.0,0.0
2024-07-24 04:00:00,21.4305,100.0,0.0,0.0,0.0
2024-07-24 05:00:00,21.130499,100.0,0.0,0.0,0.0
2024-07-24 06:00:00,21.1805,100.0,1.0,0.0,25.0
2024-07-24 07:00:00,21.5805,100.0,31.0,0.0,775.0
2024-07-24 08:00:00,22.030499,100.0,103.0,4.8438187,2575.0
2024-07-24 09:00:00,22.8305,100.0,186.0,46.730713,4650.0
2024-07-24 10:00:00,23.380499,100.0,260.0,34.085915,6500.0
2024-07-24 11:00:00,23.8305,100.0,480.0,115.743515,12000.0
2024-07-24 12:00:00,23.530499,100.0,407.0,63.056507,10175.0
2024-07-24 13:00:00,24.630499,100.0,576.0,142.45413,14400.0
2024-07-24 14:00:00,24.280499,100.0,543.0,210.69418,13575.0
2024-07-24 15:00:00,23.4305,100.0,420.0,113.05536,10500.0
2024-07-24 16:00:00,23.1805,100.0,281.0,49.981335,7025.0
2024-07-24 17:00:00,22.7305,100.0,126.0,6.5361753,3150.0
2024-07-24 18:00:00,22.0805,100.0,59.0,4.3005805,1475.0
2024-07-24 19:00:00,21.8305,100.0,6.0,0.0,150.0
2024-07-24 20:00:00,21.5805,100.0,0.0,0.0,0.0
2024-07-24 21:00:00,21.9305,100.0,0.0,0.0,0.0
2024-07-24 22:00:00,21.7305,100.0,0.0,0.0,0.0
2024-07-24 23:00:00,21.630499,100.0,0.0,0.0,0.0
2024-07-25 00:00:00,21.5805,100.0,0.0,0.0,0.0
2024-07-25 01:00:00,21.380499,100.0,0.0,0.0,0.0
2024-07-25 02:00:00,21.1805,100.0,0.0,0.0,0.0
2024-07-25 03:00:00,21.380499,100.0,0.0,0.0,0.0
2024-07-25 04:00:00,21.380499,100.0,0.0,0.0,0.0
2024-07-25 05:00:00,21.2305,100.0,0.0,0.0,0.0
2024-07-25 06:00:00,21.280499,100.0,1.0,0.0,25.0
2024-07-25 07:00:00,21.7305,100.0,21.0,0.0,525.0
2024-07-25 08:00:00,22.1805,100.0,80.0,19.401978,2000.0
2024-07-25 09:00:00,23.4805,100.0,314.0,127.35849,7850.0
2024-07-25 10:00:00,23.6805,100.0,484.0,191.90019,12100.0
2024-07-25 11:00:00,24.7305,100.0,596.0,209.61592,14900.0
2024-07-25 12:00:00,24.030499,100.0,551.0,229.7931,13775.0
2024-07-25 13:00:00,23.3305,100.0,393.0,38.38135,9825.0
2024-07-25 14:00:00,23.4805,100.0,368.0,43.84017,9200.0
2024-07-25 15:00:00,22.7305,100.0,326.0,38.897465,8150.0
2024-07-25 16:00:00,23.0805,100.0,229.0,25.753448,5725.0
2024-07-25 17:00:00,22.280499,100.0,160.0,15.264653,4000.0
2024-07-25 18:00:00,22.0805,100.0,55.0,0.0,1375.0
2024-07-25 19:00:00,21.6805,100.0,5.0,0.0,125.0
2024-07-25 20:00:00,21.7305,100.0,0.0,0.0,0.0
2024-07-25 21:00:00,21.4805,100.0,0.0,0.0,0.0
2024-07-25 22:00:00,21.380499,100.0,0.0,0.0,0.0
2024-07-25 23:00:00,21.630499,100.0,0.0,0.0,0.0
2024-07-26 00:00:00,21.630499,100.0,0.0,0.0,0.0
2024-07-26 01:00:00,21.6805,100.0,0.0,0.0,0.0
2024-07-26 02:00:00,21.280499,100.0,0.0,0.0,0.0
2024-07-26 03:00:00,21.3305,100.0,0.0,0.0,0.0
2024-07-26 04:00:00,21.2305,100.0,0.0,0.0,0.0
2024-07-26 05:00:00,21.4805,100.0,0.0,0.0,0.0
2024-07-26 06:00:00,21.880499,97.0,2.0,0.0,50.0
2024-07-26 07:00:00,21.9305,100.0,71.0,64.388306,1775.0
2024-07-26 08:00:00,22.380499,100.0,113.0,12.142409,2825.0
2024-07-26 09:00:00,23.0805,100.0,202.0,45.158813,5050.0
2024-07-26 10:00:00,24.9805,89.0,527.0,265.1333,13175.0
2024-07-26 11:00:00,26.1805,100.0,755.0,525.04596,18875.0
2024-07-26 12:00:00,25.9805,96.0,652.0,344.60345,16300.0
2024-07-26 13:00:00,25.4305,100.0,656.0,320.09763,16400.0
2024-07-26 14:00:00,24.8305,100.0,574.0,256.5741,14350.0
2024-07-26 15:00:00,24.1805,100.0,452.0,192.04793,11300.0
2024-07-26 16:00:00,23.780499,100.0,255.0,68.1901,6375.0
2024-07-26 17:00:00,23.3305,100.0,219.0,96.04586,5475.0
2024-07-26 18:00:00,22.030499,100.0,31.0,0.0,775.0
2024-07-26 19:00:00,21.7305,100.0,2.0,0.0,50.0
2024-07-26 20:00:00,21.5805,100.0,0.0,0.0,0.0
2024-07-26 21:00:00,21.630499,100.0,0.0,0.0,0.0
2024-07-26 22:00:00,21.780499,100.0,0.0,0.0,0.0
2024-07-26 23:00:00,21.5805,100.0,0.0,0.0,0.0
2024-07-27 00:00:00,21.4305,100.0,0.0,0.0,0.0
2024-07-27 01:00:00,21.4305,100.0,0.0,0.0,0.0
2024-07-27 02:00:00,21.3305,100.0,0.0,0.0,0.0
2024-07-27 03:00:00,21.280499,100.0,0.0,0.0,0.0
2024-07-27 04:00:00,21.6805,100.0,0.0,0.0,0.0
2024-07-27 05:00:00,21.530499,100.0,0.0,0.0,0.0
2024-07-27 06:00:00,21.4805,100.0,1.0,0.0,25.0
2024-07-27 07:00:00,21.5805,100.0,20.0,0.0,500.0
2024-07-27 08:00:00,21.6805,100.0,42.0,0.0,1050.0
2024-07-27 09:00:00,22.7305,100.0,197.0,32.268997,4925.0
2024-07-27 10:00:00,22.7305,100.0,178.0,27.77624,4450.0
2024-07-27 11:00:00,23.630499,100.0,394.0,55.660706,9850.0
2024-07-27 12:00:00,23.2305,100.0,172.0,2.032558,4300.0
2024-07-27 13:00:00,23.780499,100.0,311.0,33.314236,7775.0
2024-07-27 14:00:00,24.630499,100.0,515.0,99.40528,12875.0
2024-07-27 15:00:00,23.9305,100.0,266.0,9.723958,6650.0
2024-07-27 16:00:00,23.6805,100.0,208.0,15.158687,5200.0
2024-07-27 17:00:00,22.5805,100.0,72.0,0.0,1800.0
2024-07-27 18:00:00,22.1805,100.0,31.0,0.0,775.0
2024-07-27 19:00:00,21.780499,100.0,3.0,0.0,75.0
2024-07-27 20:00:00,21.7305,100.0,0.0,0.0,0.0
2024-07-27 21:00:00,21.5805,100.0,0.0,0.0,0.0
2024-07-27 22:00:00,21.380499,100.0,0.0,0.0,0.0
2024-07-27 23:00:00,21.530499,100.0,0.0,0.0,0.0
2024-07-28 00:00:00,21.6805,100.0,0.0,0.0,0.0
2024-07-28 01:00:00,21.530499,100.0,0.0,0.0,0.0
2024-07-28 02:00:00,21.3305,100.0,0.0,0.0,0.0
2024-07-28 03:00:00,21.1805,100.0,0.0,0.0,0.0
2024-07-28 04:00:00,21.030499,100.0,0.0,0.0,0.0
2024-07-28 05:00:00,21.030499,100.0,0.0,0.0,0.0
2024-07-28 06:00:00,21.4305,100.0,1.0,0.0,25.0
2024-07-28 07:00:00,21.880499,100.0,49.0,10.77026,1225.0
2024-07-28 08:00:00,22.6805,100.0,119.0,21.911333,2975.0
2024-07-28 09:00:00,23.530499,100.0,208.0,33.89469,5200.0
2024-07-28 10:00:00,24.3305,100.0,316.0,68.17778,7900.0
2024-07-28 11:00:00,24.880499,100.0,386.0,55.65094,9650.0
2024-07-28 12:00:00,26.0805,100.0,607.0,204.22273,15175.0
2024-07-28 13:00:00,26.0805,100.0,640.0,218.00644,16000.0
2024-07-28 14:00:00,25.4805,100.0,464.0,126.10899,11600.0
2024-07-28 15:00:00,24.780499,100.0,376.0,71.71762,9400.0
2024-07-28 16:00:00,24.2305,100.0,328.0,125.87056,8200.0
2024-07-28 17:00:00,23.380499,100.0,139.0,26.256674,3475.0
2024-07-28 18:00:00,22.4805,99.0,43.0,8.721681,1075.0
2024-07-28 19:00:00,21.880499,100.0,7.0,0.0,175.0
2024-07-28 20:00:00,21.8305,100.0,0.0,0.0,0.0
2024-07-28 21:00:00,21.630499,100.0,0.0,0.0,0.0
2024-07-28 22:00:00,21.4805,100.0,0.0,0.0,0.0
2024-07-28 23:00:00,21.130499,100.0,0.0,0.0,0.0
2024-07-29 00:00:00,21.030499,100.0,0.0,0.0,0.0
2024-07-29 01:00:00,21.2305,100.0,0.0,0.0,0.0
2024-07-29 02:00:00,21.130499,100.0,0.0,0.0,0.0
2024-07-29 03:00:00,21.130499,100.0,0.0,0.0,0.0
2024-07-29 04:00:00,21.1805,100.0,0.0,0.0,0.0
2024-07-29 05:00:00,21.030499,100.0,0.0,0.0,0.0
2024-07-29 06:00:00,21.530499,100.0,1.0,0.0,25.0
2024-07-29 07:00:00,21.9305,100.0,42.0,21.577503,1050.0
2024-07-29 08:00:00,23.4305,100.0,226.0,199.87018,5650.0
2024-07-29 09:00:00,23.3305,100.0,152.0,16.145634,3800.0
2024-07-29 10:00:00,24.5805,100.0,410.0,132.56505,10250.0
2024-07-29 11:00:00,24.4805,98.0,398.0,132.01068,9950.0
2024-07-29 12:00:00,26.380499,96.0,708.0,382.954,17700.0
2024-07-29 13:00:00,25.280499,100.0,664.0,293.64026,16600.0
2024-07-29 14:00:00,23.9305,100.0,259.0,50.224182,6475.0
2024-07-29 15:00:00,24.3305,100.0,310.0,68.07751,7750.0
2024-07-29 16:00:00,24.5805,95.0,381.0,188.1417,9525.0
2024-07-29 17:00:00,23.630499,100.0,210.0,166.5217,5250.0
2024-07-29 18:00:00,22.8305,100.0,34.0,0.0,850.0
2024-07-29 19:00:00,22.4305,100.0,3.0,0.0,75.0
2024-07-29 20:00:00,22.030499,100.0,0.0,0.0,0.0
2024-07-29 21:00:00,21.4805,100.0,0.0,0.0,0.0
2024-07-29 22:00:00,21.380499,100.0,0.0,0.0,0.0
2024-07-29 23:00:00,21.0805,100.0,0.0,0.0,0.0
2024-07-30 00:00:00,20.880499,100.0,0.0,0.0,0.0
2024-07-30 01:00:00,20.880499,100.0,0.0,0.0,0.0
2024-07-30 02:00:00,20.880499,100.0,0.0,0.0,0.0
2024-07-30 03:00:00,20.880499,100.0,0.0,0.0,0.0
2024-07-30 04:00:00,20.6805,100.0,0.0,0.0,0.0
2024-07-30 05:00:00,20.4805,100.0,0.0,0.0,0.0
2024-07-30 06:00:00,20.8305,100.0,1.0,0.0,25.0
2024-07-30 07:00:00,21.280499,100.0,31.0,0.0,775.0
2024-07-30 08:00:00,22.0805,100.0,104.0,14.64088,2600.0
2024-07-30 09:00:00,23.4805,100.0,194.0,20.995464,4850.0
2024-07-30 10:00:00,24.880499,89.0,505.0,299.20605,12625.0
2024-07-30 11:00:00,26.1805,85.0,679.0,450.49756,16975.0
2024-07-30 12:00:00,27.3305,71.0,897.0,679.40906,22425.0
2024-07-30 13:00:00,26.9805,83.0,842.0,520.5797,21050.0
2024-07-30 14:00:00,25.1805,91.0,735.0,503.26978,18375.0
2024-07-30 15:00:00,24.8305,92.0,579.0,418.2518,14475.0
2024-07-30 16:00:00,24.9805,100.0,465.0,338.54755,11625.0
2024-07-30 17:00:00,23.380499,100.0,252.0,256.74313,6300.0
2024-07-30 18:00:00,22.630499,100.0,65.0,35.190266,1625.0
2024-07-30 19:00:00,21.8305,100.0,4.0,0.0,100.0
2024-07-30 20:00:00,21.380499,100.0,0.0,0.0,0.0
2024-07-30 21:00:00,21.280499,100.0,0.0,0.0,0.0
2024-07-30 22:00:00,21.030499,100.0,0.0,0.0,0.0
2024-07-30 23:00:00,20.880499,100.0,0.0,0.0,0.0
2024-07-31 00:00:00,20.880499,100.0,0.0,0.0,0.0
2024-07-31 01:00:00,20.780499,100.0,0.0,0.0,0.0
2024-07-31 02:00:00,20.7305,100.0,0.0,0.0,0.0
2024-07-31 03:00:00,20.6805,100.0,0.0,0.0,0.0
2024-07-31 04:00:00,20.6805,100.0,0.0,0.0,0.0
2024-07-31 05:00:00,20.780499,100.0,0.0,0.0,0.0
2024-07-31 06:00:00,21.0805,100.0,1.0,0.0,25.0
2024-07-31 07:00:00,21.8305,100.0,40.0,0.0,1000.0
2024-07-31 08:00:00,23.030499,100.0,130.0,21.984238,3250.0
2024-07-31 09:00:00,23.780499,100.0,180.0,48.463528,4500.0
2024-07-31 10:00:00,24.380499,100.0,287.0,25.247953,7175.0
2024-07-31 11:00:00,24.0805,100.0,174.0,6.5434995,4350.0
2024-07-31 12:00:00,24.5805,100.0,205.0,8.122659,5125.0
2024-07-31 13:00:00,25.030499,100.0,301.0,13.113067,7525.0
2024-07-31 14:00:00,24.8305,100.0,325.0,28.848503,8125.0
2024-07-31 15:00:00,24.4305,100.0,265.0,103.367714,6625.0
2024-07-31 16:00:00,24.630499,100.0,329.0,129.12805,8225.0
2024-07-31 17:00:00,23.7305,100.0,185.0,57.14807,4625.0
2024-07-31 18:00:00,22.530499,100.0,28.0,0.0,700.0
2024-07-31 19:00:00,22.130499,100.0,3.0,0.0,75.0
2024-07-31 20:00:00,21.9305,100.0,0.0,0.0,0.0
2024-07-31 21:00:00,21.8305,100.0,0.0,0.0,0.0
2024-07-31 22:00:00,21.630499,100.0,0.0,0.0,0.0
2024-07-31 23:00:00,21.380499,100.0,0.0,0.0,0.0
2024-08-01 00:00:00,21.2305,100.0,0.0,0.0,0.0
2024-08-01 01:00:00,21.130499,100.0,0.0,0.0,0.0
2024-08-01 02:00:00,21.0805,100.0,0.0,0.0,0.0
2024-08-01 03:00:00,20.9305,100.0,0.0,0.0,0.0
2024-08-01 04:00:00,20.9805,100.0,0.0,0.0,0.0
2024-08-01 05:00:00,20.9305,100.0,0.0,0.0,0.0
2024-08-01 06:00:00,20.9305,100.0,1.0,0.0,25.0
2024-08-01 07:00:00,21.380499,100.0,42.0,10.839631,1050.0
2024-08-01 08:00:00,22.280499,100.0,123.0,24.451097,3075.0
2024-08-01 09:00:00,23.630499,100.0,229.0,40.395363,5725.0
2024-08-01 10:00:00,24.530499,100.0,318.0,64.37737,7950.0
2024-08-01 11:00:00,24.8305,100.0,441.0,105.7657,11025.0
2024-08-01 12:00:00,25.780499,100.0,451.0,35.52892,11275.0
2024-08-01 13:00:00,25.630499,100.0,588.0,181.53691,14700.0
2024-08-01 14:00:00,25.380499,100.0,534.0,170.95183,13350.0
2024-08-01 15:00:00,24.780499,100.0,582.0,301.6669,14550.0
2024-08-01 16:00:00,23.9305,100.0,339.0,126.1837,8475.0
2024-08-01 17:00:00,22.9305,100.0,137.0,17.615564,3425.0
2024-08-01 18:00:00,22.780499,100.0,49.0,0.0,1225.0
2024-08-01 19:00:00,22.2305,100.0,3.0,0.0,75.0
2024-08-01 20:00:00,21.8305,100.0,0.0,0.0,0.0
2024-08-01 21:00:00,21.6805,100.0,0.0,0.0,0.0
2024-08-01 22:00:00,21.4305,100.0,0.0,0.0,0.0
2024-08-01 23:00:00,21.130499,100.0,0.0,0.0,0.0
2024-08-02 00:00:00,20.880499,100.0,0.0,0.0,0.0
2024-08-02 01:00:00,21.030499,100.0,0.0,0.0,0.0
2024-08-02 02:00:00,21.030499,100.0,0.0,0.0,0.0
2024-08-02 03:00:00,21.0805,100.0,0.0,0.0,0.0
2024-08-02 04:00:00,21.130499,100.0,0.0,0.0,0.0
2024-08-02 05:00:00,20.9305,100.0,0.0,0.0,0.0
2024-08-02 06:00:00,21.1805,100.0,1.0,0.0,25.0
2024-08-02 07:00:00,21.2305,100.0,16.0,0.0,400.0
2024-08-02 08:00:00,21.5805,100.0,59.0,0.0,1475.0
2024-08-02 09:00:00,22.780499,100.0,128.0,9.696803,3200.0
2024-08-02 10:00:00,23.2305,100.0,276.0,29.030304,6900.0
2024-08-02 11:00:00,23.4305,100.0,334.0,33.794643,8350.0
2024-08-02 12:00:00,23.2305,100.0,287.0,33.491684,7175.0
2024-08-02 13:00:00,23.5805,100.0,295.0,59.495564,7375.0
2024-08-02 14:00:00,23.2305,100.0,199.0,26.711784,4975.0
2024-08-02 15:00:00,23.1805,100.0,219.0,32.852844,5475.0
2024-08-02 16:00:00,22.8305,100.0,152.0,19.78014,3800.0
2024-08-02 17:00:00,22.4305,100.0,118.0,15.443555,2950.0
2024-08-02 18:00:00,21.8305,100.0,29.0,8.934332,725.0
2024-08-02 19:00:00,21.4805,100.0,3.0,0.0,75.0
2024-08-02 20:00:00,21.280499,100.0,0.0,0.0,0.0
2024-08-02 21:00:00,21.0805,100.0,0.0,0.0,0.0
2024-08-02 22:00:00,21.1805,100.0,0.0,0.0,0.0
2024-08-02 23:00:00,21.0805,100.0,0.0,0.0,0.0
2024-08-03 00:00:00,20.9805,100.0,0.0,0.0,0.0
2024-08-03 01:00:00,20.9805,100.0,0.0,0.0,0.0
2024-08-03 02:00:00,20.880499,100.0,0.0,0.0,0.0
2024-08-03 03:00:00,20.880499,100.0,0.0,0.0,0.0
2024-08-03 04:00:00,20.880499,100.0,0.0,0.0,0.0
2024-08-03 05:00:00,20.780499,100.0,0.0,0.0,0.0
2024-08-03 06:00:00,21.030499,100.0,1.0,0.0,25.0
2024-08-03 07:00:00,21.3305,100.0,26.0,0.0,650.0
2024-08-03 08:00:00,21.780499,100.0,45.0,0.0,1125.0
2024-08-03 09:00:00,22.4805,100.0,121.0,3.232825,3025.0
2024-08-03 10:00:00,22.9805,100.0,259.0,25.241148,6475.0
2024-08-03 11:00:00,23.2305,100.0,175.0,0.0,4375.0
2024-08-03 12:00:00,23.4805,100.0,238.0,2.029394,5950.0
2024-08-03 13:00:00,23.280499,100.0,212.0,13.107663,5300.0
2024-08-03 14:00:00,23.9805,100.0,332.0,43.809803,8300.0
2024-08-03 15:00:00,23.9805,100.0,332.0,59.643444,8300.0
2024-08-03 16:00:00,23.280499,100.0,186.0,3.0458891,4650.0
2024-08-03 17:00:00,22.9305,100.0,120.0,8.843325,3000.0
2024-08-03 18:00:00,22.130499,100.0,46.0,8.98662,1150.0
2024-08-03 19:00:00,21.8305,100.0,6.0,0.0,150.0
2024-08-03 20:00:00,21.630499,100.0,0.0,0.0,0.0
2024-08-03 21:00:00,21.530499,100.0,0.0,0.0,0.0
2024-08-03 22:00:00,21.3305,100.0,0.0,0.0,0.0
2024-08-03 23:00:00,20.9805,100.0,0.0,0.0,0.0
2024-08-04 00:00:00,21.0805,100.0,0.0,0.0,0.0
2024-08-04 01:00:00,20.9805,100.0,0.0,0.0,0.0
2024-08-04 02:00:00,20.880499,100.0,0.0,0.0,0.0
2024-08-04 03:00:00,21.0805,100.0,0.0,0.0,0.0
2024-08-04 04:00:00,20.9305,100.0,0.0,0.0,0.0
2024-08-04 05:00:00,20.8305,100.0,0.0,0.0,0.0
2024-08-04 06:00:00,21.0805,100.0,1.0,0.0,25.0
2024-08-04 07:00:00,21.380499,100.0,31.0,10.88526,775.0
2024-08-04 08:00:00,22.4805,100.0,162.0,46.58245,4050.0
2024-08-04 09:00:00,22.9805,100.0,224.0,35.56642,5600.0
2024-08-04 10:00:00,24.880499,100.0,567.0,354.5982,14175.0
2024-08-04 11:00:00,25.4305,100.0,603.0,268.0689,15075.0
2024-08-04 12:00:00,25.9305,100.0,707.0,353.04807,17675.0
2024-08-04 13:00:00,26.780499,99.0,810.0,502.0772,20250.0
2024-08-04 14:00:00,26.6805,100.0,710.0,517.2177,17750.0
2024-08-04 15:00:00,24.9805,100.0,658.0,474.91177,16450.0
2024-08-04 16:00:00,23.630499,99.0,310.0,176.83858,7750.0
2024-08-04 17:00:00,23.6805,100.0,217.0,139.59349,5425.0
2024-08-04 18:00:00,22.880499,100.0,98.0,131.11414,2450.0
2024-08-04 19:00:00,21.9305,100.0,8.0,11.4864435,200.0
2024-08-04 20:00:00,21.530499,100.0,0.0,0.0,0.0
2024-08-04 21:00:00,21.130499,100.0,0.0,0.0,0.0
2024-08-04 22:00:00,21.030499,100.0,0.0,0.0,0.0
2024-08-04 23:00:00,20.9805,100.0,0.0,0.0,0.0
2024-08-05 00:00:00,20.9305,100.0,0.0,0.0,0.0
2024-08-05 01:00:00,20.880499,100.0,0.0,0.0,0.0
2024-08-05 02:00:00,20.880499,100.0,0.0,0.0,0.0
2024-08-05 03:00:00,20.880499,100.0,0.0,0.0,0.0
2024-08-05 04:00:00,20.8305,100.0,0.0,0.0,0.0
2024-08-05 05:00:00,21.030499,100.0,0.0,0.0,0.0
2024-08-05 06:00:00,21.3305,100.0,1.0,0.0,25.0
2024-08-05 07:00:00,22.030499,49.0,27.0,0.0,675.0
2024-08-05 08:00:00,23.380499,68.0,225.0,257.6397,5625.0
2024-08-05 09:00:00,24.6805,99.0,384.0,299.12018,9600.0
2024-08-05 10:00:00,25.3305,51.0,467.0,282.6351,11675.0
2024-08-05 11:00:00,26.3305,61.0,679.0,394.39725,16975.0
2024-08-05 12:00:00,27.130499,56.0,791.0,545.70856,19775.0
2024-08-05 13:00:00,26.4805,80.0,819.0,564.54553,20475.0
2024-08-05 14:00:00,26.0805,88.0,645.0,400.78946,16125.0
2024-08-05 15:00:00,26.0805,76.0,450.0,257.06128,11250.0
2024-08-05 16:00:00,25.4805,83.0,452.0,364.74472,11300.0
2024-08-05 17:00:00,25.030499,82.0,263.0,253.19856,6575.0
2024-08-05 18:00:00,24.030499,94.0,100.0,159.2772,2500.0
2024-08-05 19:00:00,22.9805,100.0,7.0,11.594681,175.0
2024-08-05 20:00:00,22.280499,100.0,0.0,0.0,0.0
2024-08-05 21:00:00,21.7305,100.0,0.0,0.0,0.0
2024-08-05 22:00:00,21.780499,100.0,0.0,0.0,0.0
2024-08-05 23:00:00,21.7305,100.0,0.0,0.0,0.0
2024-08-06 00:00:00,21.7305,100.0,0.0,0.0,0.0
2024-08-06 01:00:00,21.6805,100.0,0.0,0.0,0.0
2024-08-06 02:00:00,21.530499,98.0,0.0,0.0,0.0
2024-08-06 03:00:00,21.0805,100.0,0.0,0.0,0.0
2024-08-06 04:00:00,21.1805,100.0,0.0,0.0,0.0
2024-08-06 05:00:00,21.0805,100.0,0.0,0.0,0.0
2024-08-06 06:00:00,21.880499,100.0,1.0,0.0,25.0
2024-08-06 07:00:00,22.4805,100.0,66.0,49.109318,1650.0
2024-08-06 08:00:00,22.9305,100.0,148.0,39.289986,3700.0
2024-08-06 09:00:00,23.380499,100.0,155.0,32.340946,3875.0
2024-08-06 10:00:00,24.630499,100.0,340.0,59.295437,8500.0
2024-08-06 11:00:00,25.3305,100.0,375.0,72.982056,9375.0
2024-08-06 12:00:00,25.7305,100.0,381.0,38.53828,9525.0
2024-08-06 13:00:00,25.530499,100.0,367.0,45.363277,9175.0
2024-08-06 14:00:00,25.2305,100.0,609.0,219.13545,15225.0
2024-08-06 15:00:00,24.7305,100.0,426.0,129.20844,10650.0
2024-08-06 16:00:00,24.280499,100.0,305.0,152.79192,7625.0
2024-08-06 17:00:00,23.9805,100.0,224.0,175.90442,5600.0
2024-08-06 18:00:00,23.3305,100.0,80.0,27.492863,2000.0
2024-08-06 19:00:00,22.3305,100.0,5.0,0.0,125.0
2024-08-06 20:00:00,21.9805,100.0,0.0,0.0,0.0
2024-08-06 21:00:00,21.630499,100.0,0.0,0.0,0.0
2024-08-06 22:00:00,21.4805,100.0,0.0,0.0,0.0
2024-08-06 23:00:00,21.2305,100.0,0.0,0.0,0.0
2024-08-07 00:00:00,21.2305,100.0,0.0,0.0,0.0
2024-08-07 01:00:00,21.280499,100.0,0.0,0.0,0.0
2024-08-07 02:00:00,21.130499,100.0,0.0,0.0,0.0
2024-08-07 03:00:00,21.130499,100.0,0.0,0.0,0.0
2024-08-07 04:00:00,21.130499,100.0,0.0,0.0,0.0
2024-08-07 05:00:00,21.130499,100.0,0.0,0.0,0.0
2024-08-07 06:00:00,21.280499,100.0,1.0,0.0,25.0
2024-08-07 07:00:00,21.630499,100.0,42.0,10.92645,1050.0
2024-08-07 08:00:00,22.7305,100.0,181.0,130.24481,4525.0
2024-08-07 09:00:00,23.2305,100.0,256.0,67.92243,6400.0
2024-08-07 10:00:00,23.530499,100.0,287.0,51.719078,7175.0
2024-08-07 11:00:00,23.7305,100.0,305.0,42.47414,7625.0
2024-08-07 12:00:00,22.6805,100.0,202.0,36.504677,5050.0
2024-08-07 13:00:00,22.8305,100.0,259.0,17.136942,6475.0
2024-08-07 14:00:00,23.4305,100.0,233.0,40.628757,5825.0
2024-08-07 15:00:00,24.1805,100.0,220.0,43.907925,5500.0
2024-08-07 16:00:00,23.880499,100.0,144.0,9.179049,3600.0
2024-08-07 17:00:00,23.130499,100.0,108.0,6.6977105,2700.0
2024-08-07 18:00:00,22.780499,100.0,51.0,4.6153083,1275.0
2024-08-07 19:00:00,21.9805,100.0,6.0,0.0,150.0
2024-08-07 20:00:00,21.5805,100.0,0.0,0.0,0.0
2024-08-07 21:00:00,21.280499,100.0,0.0,0.0,0.0
2024-08-07 22:00:00,21.130499,100.0,0.0,0.0,0.0
2024-08-07 23:00:00,21.1805,100.0,0.0,0.0,0.0
2024-08-08 00:00:00,21.130499,100.0,0.0,0.0,0.0
2024-08-08 01:00:00,21.0805,100.0,0.0,0.0,0.0
2024-08-08 02:00:00,21.0805,100.0,0.0,0.0,0.0
2024-08-08 03:00:00,21.1805,100.0,0.0,0.0,0.0
2024-08-08 04:00:00,21.030499,100.0,0.0,0.0,0.0
2024-08-08 05:00:00,20.9805,100.0,0.0,0.0,0.0
2024-08-08 06:00:00,21.2305,100.0,1.0,0.0,25.0
2024-08-08 07:00:00,21.9805,100.0,46.0,10.9392605,1150.0
2024-08-08 08:00:00,22.9305,100.0,206.0,130.33746,5150.0
2024-08-08 09:00:00,23.9305,100.0,373.0,223.19176,9325.0
2024-08-08 10:00:00,25.2305,100.0,550.0,339.28284,13750.0
2024-08-08 11:00:00,26.3305,100.0,522.0,172.04398,13050.0
2024-08-08 12:00:00,23.780499,100.0,361.0,40.55562,9025.0
2024-08-08 13:00:00,24.880499,99.0,342.0,50.40334,8550.0
2024-08-08 14:00:00,26.630499,100.0,591.0,253.45865,14775.0
2024-08-08 15:00:00,24.7305,100.0,398.0,148.89531,9950.0
2024-08-08 16:00:00,24.1805,100.0,161.0,30.637934,4025.0
2024-08-08 17:00:00,23.3305,100.0,177.0,51.49306,4425.0
2024-08-08 18:00:00,22.9805,100.0,50.0,37.202324,1250.0
2024-08-08 19:00:00,22.030499,100.0,3.0,0.0,75.0
2024-08-08 20:00:00,21.630499,100.0,0.0,0.0,0.0
2024-08-08 21:00:00,21.4805,100.0,0.0,0.0,0.0
2024-08-08 22:00:00,21.380499,100.0,0.0,0.0,0.0
2024-08-08 23:00:00,21.3305,100.0,0.0,0.0,0.0
2024-08-09 00:00:00,21.2305,100.0,0.0,0.0,0.0
2024-08-09 01:00:00,21.280499,100.0,0.0,0.0,0.0
2024-08-09 02:00:00,21.130499,100.0,0.0,0.0,0.0
2024-08-09 03:00:00,21.130499,100.0,0.0,0.0,0.0
2024-08-09 04:00:00,21.1805,100.0,0.0,0.0,0.0
2024-08-09 05:00:00,21.280499,100.0,0.0,0.0,0.0
2024-08-09 06:00:00,21.530499,100.0,1.0,0.0,25.0
2024-08-09 07:00:00,21.9805,100.0,42.0,0.0,1050.0
2024-08-09 08:00:00,22.9305,100.0,149.0,63.982426,3725.0
2024-08-09 09:00:00,23.530499,76.0,235.0,88.95934,5875.0
2024-08-09 10:00:00,25.1805,98.0,629.0,528.40436,15725.0
2024-08-09 11:00:00,26.1805,100.0,609.0,332.05423,15225.0
2024-08-09 12:00:00,26.8305,100.0,566.0,139.90187,14150.0
2024-08-09 13:00:00,26.630499,98.0,732.0,417.3567,18300.0
2024-08-09 14:00:00,26.9805,99.0,604.0,265.30005,15100.0
2024-08-09 15:00:00,26.280499,100.0,494.0,308.99213,12350.0
2024-08-09 16:00:00,25.630499,100.0,433.0,358.97565,10825.0
2024-08-09 17:00:00,24.9805,100.0,289.0,314.35825,7225.0
2024-08-09 18:00:00,24.4805,100.0,100.0,145.30109,2500.0
2024-08-09 19:00:00,23.5805,100.0,6.0,0.0,150.0
2024-08-09 20:00:00,22.6805,92.0,0.0,0.0,0.0
2024-08-09 21:00:00,21.9305,100.0,0.0,0.0,0.0
2024-08-09 22:00:00,21.4305,100.0,0.0,0.0,0.0
2024-08-09 23:00:00,20.9805,100.0,0.0,0.0,0.0
2024-08-10 00:00:00,20.7305,100.0,0.0,0.0,0.0
2024-08-10 01:00:00,20.6805,100.0,0.0,0.0,0.0
2024-08-10 02:00:00,20.880499,100.0,0.0,0.0,0.0
2024-08-10 03:00:00,20.5805,100.0,0.0,0.0,0.0
2024-08-10 04:00:00,20.6805,100.0,0.0,0.0,0.0
2024-08-10 05:00:00,20.630499,100.0,0.0,0.0,0.0
2024-08-10 06:00:00,21.6805,100.0,1.0,0.0,25.0
2024-08-10 07:00:00,22.4805,100.0,64.0,54.8183,1600.0
2024-08-10 08:00:00,23.7305,100.0,206.0,172.37202,5150.0
2024-08-10 09:00:00,24.9305,100.0,357.0,147.19583,8925.0
2024-08-10 10:00:00,26.2305,100.0,625.0,481.68094,15625.0
2024-08-10 11:00:00,26.9805,92.0,678.0,419.08447,16950.0
2024-08-10 12:00:00,28.380499,100.0,908.0,683.2299,22700.0
2024-08-10 13:00:00,26.9305,100.0,552.0,115.94066,13800.0
2024-08-10 14:00:00,26.630499,100.0,460.0,177.63928,11500.0
2024-08-10 15:00:00,26.130499,100.0,448.0,195.55922,11200.0
2024-08-10 16:00:00,26.130499,100.0,432.0,310.35355,10800.0
2024-08-10 17:00:00,25.2305,92.0,234.0,207.21472,5850.0
2024-08-10 18:00:00,24.6805,100.0,83.0,28.355244,2075.0
2024-08-10 19:00:00,23.5805,100.0,5.0,0.0,125.0
2024-08-10 20:00:00,23.030499,100.0,0.0,0.0,0.0
2024-08-10 21:00:00,22.380499,91.0,0.0,0.0,0.0
2024-08-10 22:00:00,21.9305,97.0,0.0,0.0,0.0
2024-08-10 23:00:00,21.4805,99.0,0.0,0.0,0.0
2024-08-11 00:00:00,21.280499,100.0,0.0,0.0,0.0
2024-08-11 01:00:00,21.2305,100.0,0.0,0.0,0.0
2024-08-11 02:00:00,21.2305,100.0,0.0,0.0,0.0
2024-08-11 03:00:00,21.3305,100.0,0.0,0.0,0.0
2024-08-11 04:00:00,21.4805,100.0,0.0,0.0,0.0
2024-08-11 05:00:00,21.3305,100.0,0.0,0.0,0.0
2024-08-11 06:00:00,21.280499,100.0,2.0,0.0,50.0
2024-08-11 07:00:00,22.1805,100.0,72.0,71.33898,1800.0
2024-08-11 08:00:00,23.6805,100.0,221.0,174.94305,5525.0
2024-08-11 09:00:00,24.6805,100.0,261.0,50.146168,6525.0
2024-08-11 10:00:00,25.5805,100.0,300.0,10.08628,7500.0
2024-08-11 11:00:00,27.030499,100.0,707.0,444.0566,17675.0
2024-08-11 12:00:00,28.0805,100.0,857.0,618.31366,21425.0
2024-08-11 13:00:00,28.4305,100.0,767.0,473.89325,19175.0
2024-08-11 14:00:00,28.5805,100.0,784.0,577.01056,19600.0
2024-08-11 15:00:00,27.3305,100.0,571.0,374.3144,14275.0
2024-08-11 16:00:00,27.2305,100.0,459.0,386.2528,11475.0
2024-08-11 17:00:00,26.7305,100.0,293.0,386.38815,7325.0
2024-08-11 18:00:00,25.1805,100.0,80.0,142.99597,2000.0
2024-08-11 19:00:00,23.880499,100.0,6.0,0.0,150.0
2024-08-11 20:00:00,22.9805,78.0,0.0,0.0,0.0
2024-08-11 21:00:00,22.280499,71.0,0.0,0.0,0.0
2024-08-11 22:00:00,21.6805,99.0,0.0,0.0,0.0
2024-08-11 23:00:00,21.2305,97.0,0.0,0.0,0.0
2024-08-12 00:00:00,20.880499,93.0,0.0,0.0,0.0
2024-08-12 01:00:00,20.5805,100.0,0.0,0.0,0.0
2024-08-12 02:00:00,20.5805,100.0,0.0,0.0,0.0
2024-08-12 03:00:00,20.630499,100.0,0.0,0.0,0.0
2024-08-12 04:00:00,20.6805,100.0,0.0,0.0,0.0
2024-08-12 05:00:00,20.6805,92.0,0.0,0.0,0.0
2024-08-12 06:00:00,20.780499,100.0,1.0,0.0,25.0
2024-08-12 07:00:00,21.630499,100.0,82.0,93.38442,2050.0
2024-08-12 08:00:00,23.030499,100.0,230.0,133.1346,5750.0
2024-08-12 09:00:00,24.4305,100.0,417.0,263.68326,10425.0
2024-08-12 10:00:00,26.530499,100.0,624.0,398.35983,15600.0
2024-08-12 11:00:00,27.280499,100.0,577.0,186.08784,14425.0
2024-08-12 12:00:00,28.0805,100.0,620.0,219.94849,15500.0
2024-08-12 13:00:00,28.7305,100.0,710.0,302.526,17750.0
2024-08-12 14:00:00,28.880499,100.0,625.0,239.89763,15625.0
2024-08-12 15:00:00,29.4305,94.0,676.0,537.4796,16900.0
2024-08-12 16:00:00,29.280499,32.0,502.0,511.75848,12550.0
2024-08-12 17:00:00,27.280499,22.0,324.0,478.37024,8100.0
2024-08-12 18:00:00,26.4805,100.0,111.0,264.505,2775.0
2024-08-12 19:00:00,24.7305,69.0,5.0,0.0,125.0
2024-08-12 20:00:00,23.630499,100.0,0.0,0.0,0.0
2024-08-12 21:00:00,23.030499,100.0,0.0,0.0,0.0
2024-08-12 22:00:00,22.5805,100.0,0.0,0.0,0.0
2024-08-12 23:00:00,22.4805,100.0,0.0,0.0,0.0
2024-08-13 00:00:00,22.130499,100.0,0.0,0.0,0.0
2024-08-13 01:00:00,22.280499,100.0,0.0,0.0,0.0
2024-08-13 02:00:00,22.2305,100.0,0.0,0.0,0.0
2024-08-13 03:00:00,21.780499,100.0,0.0,0.0,0.0
2024-08-13 04:00:00,21.4805,100.0,0.0,0.0,0.0
2024-08-13 05:00:00,21.280499,100.0,0.0,0.0,0.0
2024-08-13 06:00:00,21.530499,93.0,2.0,0.0,50.0
2024-08-13 07:00:00,22.4805,96.0,86.0,186.95297,2150.0
2024-08-13 08:00:00,24.0805,93.0,283.0,404.56436,7075.0
2024-08-13 09:00:00,25.5805,100.0,442.0,401.20242,11050.0
2024-08-13 10:00:00,26.530499,90.0,491.0,216.80408,12275.0
2024-08-13 11:00:00,27.8305,97.0,727.0,497.2662,18175.0
2024-08-13 12:00:00,28.6805,100.0,791.0,468.26965,19775.0
2024-08-13 13:00:00,29.4805,76.0,901.0,689.876,22525.0
2024-08-13 14:00:00,29.6805,45.0,786.0,622.52454,19650.0
2024-08-13 15:00:00,29.780499,62.0,650.0,566.17084,16250.0
2024-08-13 16:00:00,27.630499,97.0,495.0,489.49792,12375.0
2024-08-13 17:00:00,26.630499,94.0,200.0,207.03044,5000.0
2024-08-13 18:00:00,27.030499,55.0,106.0,218.42259,2650.0
2024-08-13 19:00:00,25.630499,73.0,5.0,12.7143345,125.0
2024-08-13 20:00:00,24.880499,78.0,0.0,0.0,0.0
2024-08-13 21:00:00,24.130499,95.0,0.0,0.0,0.0
2024-08-13 22:00:00,23.8305,88.0,0.0,0.0,0.0
2024-08-13 23:00:00,23.1805,100.0,0.0,0.0,0.0
2024-08-14 00:00:00,22.880499,100.0,0.0,0.0,0.0
2024-08-14 01:00:00,22.5805,100.0,0.0,0.0,0.0
2024-08-14 02:00:00,22.530499,100.0,0.0,0.0,0.0
2024-08-14 03:00:00,22.6805,99.0,0.0,0.0,0.0
2024-08-14 04:00:00,22.130499,100.0,0.0,0.0,0.0
2024-08-14 05:00:00,22.130499,94.0,0.0,0.0,0.0
2024-08-14 06:00:00,22.530499,100.0,1.0,0.0,25.0
2024-08-14 07:00:00,23.1805,100.0,86.0,176.1231,2150.0
2024-08-14 08:00:00,24.4805,100.0,253.0,296.18506,6325.0
2024-08-14 09:00:00,25.3305,100.0,266.0,72.80139,6650.0
2024-08-14 10:00:00,26.880499,100.0,561.0,428.52094,14025.0
2024-08-14 11:00:00,28.3305,100.0,727.0,462.40216,18175.0
2024-08-14 12:00:00,26.530499,100.0,348.0,93.249374,8700.0
2024-08-14 13:00:00,28.5805,100.0,649.0,357.11374,16225.0
2024-08-14 14:00:00,29.6805,100.0,755.0,539.225,18875.0
2024-08-14 15:00:00,27.7305,100.0,697.0,609.6708,17425.0
2024-08-14 16:00:00,26.4805,100.0,339.0,185.64061,8475.0
2024-08-14 17:00:00,26.030499,100.0,289.0,353.90976,7225.0
2024-08-14 18:00:00,26.280499,99.0,110.0,205.82285,2750.0
2024-08-14 19:00:00,25.2305,100.0,5.0,0.0,125.0
2024-08-14 20:00:00,24.9805,100.0,0.0,0.0,0.0
2024-08-14 21:00:00,23.3305,100.0,0.0,0.0,0.0
2024-08-14 22:00:00,22.780499,100.0,0.0,0.0,0.0
2024-08-14 23:00:00,21.630499,100.0,0.0,0.0,0.0
2024-08-15 00:00:00,21.5805,100.0,0.0,0.0,0.0
2024-08-15 01:00:00,21.530499,100.0,0.0,0.0,0.0
2024-08-15 02:00:00,21.280499,100.0,0.0,0.0,0.0
2024-08-15 03:00:00,21.0805,100.0,0.0,0.0,0.0
2024-08-15 04:00:00,21.130499,100.0,0.0,0.0,0.0
2024-08-15 05:00:00,21.280499,100.0,0.0,0.0,0.0
2024-08-15 06:00:00,21.9305,100.0,1.0,0.0,25.0
2024-08-15 07:00:00,22.9305,100.0,74.0,77.1244,1850.0
2024-08-15 08:00:00,24.280499,100.0,255.0,271.646,6375.0
2024-08-15 09:00:00,25.4305,100.0,354.0,208.70436,8850.0
2024-08-15 10:00:00,26.4305,100.0,531.0,328.92126,13275.0
2024-08-15 11:00:00,27.630499,100.0,693.0,456.92685,17325.0
2024-08-15 12:00:00,28.1805,100.0,620.0,159.13782,15500.0
2024-08-15 13:00:00,28.0805,100.0,419.0,69.623535,10475.0
2024-08-15 14:00:00,26.780499,100.0,400.0,80.44603,10000.0
2024-08-15 15:00:00,26.030499,100.0,440.0,142.44789,11000.0
2024-08-15 16:00:00,26.3305,100.0,476.0,429.34576,11900.0
2024-08-15 17:00:00,24.2305,100.0,249.0,236.05997,6225.0
2024-08-15 18:00:00,24.6805,100.0,78.0,94.03795,1950.0
2024-08-15 19:00:00,23.7305,100.0,4.0,0.0,100.0
2024-08-15 20:00:00,22.9305,100.0,0.0,0.0,0.0
2024-08-15 21:00:00,22.530499,100.0,0.0,0.0,0.0
2024-08-15 22:00:00,22.2305,100.0,0.0,0.0,0.0
2024-08-15 23:00:00,21.7305,100.0,0.0,0.0,0.0
2024-08-16 00:00:00,21.5805,100.0,0.0,0.0,0.0
2024-08-16 01:00:00,21.530499,100.0,0.0,0.0,0.0
2024-08-16 02:00:00,21.1805,100.0,0.0,0.0,0.0
2024-08-16 03:00:00,21.3305,100.0,0.0,0.0,0.0
2024-08-16 04:00:00,21.3305,100.0,0.0,0.0,0.0
2024-08-16 05:00:00,21.2305,100.0,0.0,0.0,0.0
2024-08-16 06:00:00,21.780499,100.0,1.0,0.0,25.0
2024-08-16 07:00:00,23.030499,100.0,81.0,88.220505,2025.0
2024-08-16 08:00:00,24.6805,100.0,251.0,217.42706,6275.0
2024-08-16 09:00:00,25.9305,100.0,355.0,143.99474,8875.0
2024-08-16 10:00:00,26.5805,100.0,418.0,117.19197,10450.0
2024-08-16 11:00:00,27.630499,100.0,577.0,194.7267,14425.0
2024-08-16 12:00:00,28.380499,100.0,595.0,186.51736,14875.0
2024-08-16 13:00:00,28.0805,100.0,451.0,85.79167,11275.0
2024-08-16 14:00:00,28.4305,100.0,496.0,185.67378,12400.0
2024-08-16 15:00:00,27.880499,100.0,598.0,377.41678,14950.0
2024-08-16 16:00:00,27.4805,99.0,411.0,315.27808,10275.0
2024-08-16 17:00:00,25.3305,100.0,208.0,121.93852,5200.0
2024-08-16 18:00:00,24.3305,100.0,75.0,105.00706,1875.0
2024-08-16 19:00:00,23.380499,100.0,3.0,0.0,75.0
2024-08-16 20:00:00,23.3305,100.0,0.0,0.0,0.0
2024-08-16 21:00:00,22.880499,100.0,0.0,0.0,0.0
2024-08-16 22:00:00,22.780499,100.0,0.0,0.0,0.0
2024-08-16 23:00:00,22.780499,100.0,0.0,0.0,0.0
2024-08-17 00:00:00,22.530499,100.0,0.0,0.0,0.0
2024-08-17 01:00:00,22.280499,100.0,0.0,0.0,0.0
2024-08-17 02:00:00,22.030499,100.0,0.0,0.0,0.0
2024-08-17 03:00:00,22.030499,100.0,0.0,0.0,0.0
2024-08-17 04:00:00,22.0805,100.0,0.0,0.0,0.0
2024-08-17 05:00:00,21.5805,100.0,0.0,0.0,0.0
2024-08-17 06:00:00,22.7305,100.0,1.0,0.0,25.0
2024-08-17 07:00:00,23.130499,100.0,45.0,0.0,1125.0
2024-08-17 08:00:00,23.880499,100.0,156.0,34.6076,3900.0
2024-08-17 09:00:00,24.7305,100.0,292.0,116.4943,7300.0
2024-08-17 10:00:00,26.0805,100.0,380.0,112.14334,9500.0
2024-08-17 11:00:00,26.880499,100.0,368.0,55.478756,9200.0
2024-08-17 12:00:00,26.6805,100.0,315.0,12.165297,7875.0
2024-08-17 13:00:00,25.1805,100.0,289.0,15.144413,7225.0
2024-08-17 14:00:00,25.280499,100.0,275.0,53.697678,6875.0
2024-08-17 15:00:00,25.780499,100.0,235.0,22.154665,5875.0
2024-08-17 16:00:00,26.4305,100.0,333.0,107.38696,8325.0
2024-08-17 17:00:00,26.5805,100.0,224.0,120.11654,5600.0
2024-08-17 18:00:00,25.2305,100.0,97.0,192.0332,2425.0
2024-08-17 19:00:00,22.9305,100.0,3.0,0.0,75.0
2024-08-17 20:00:00,22.530499,100.0,0.0,0.0,0.0
2024-08-17 21:00:00,22.4305,100.0,0.0,0.0,0.0
2024-08-17 22:00:00,22.380499,100.0,0.0,0.0,0.0
2024-08-17 23:00:00,22.280499,100.0,0.0,0.0,0.0
2024-08-18 00:00:00,22.2305,100.0,0.0,0.0,0.0
2024-08-18 01:00:00,22.0805,100.0,0.0,0.0,0.0
2024-08-18 02:00:00,21.630499,100.0,0.0,0.0,0.0
2024-08-18 03:00:00,21.380499,100.0,0.0,0.0,0.0
2024-08-18 04:00:00,21.7305,100.0,0.0,0.0,0.0
2024-08-18 05:00:00,21.9805,100.0,0.0,0.0,0.0
2024-08-18 06:00:00,21.880499,100.0,1.0,0.0,25.0
2024-08-18 07:00:00,22.780499,100.0,64.0,33.13834,1600.0
2024-08-18 08:00:00,23.9805,100.0,160.0,44.516556,4000.0
2024-08-18 09:00:00,25.630499,100.0,374.0,223.28923,9350.0
2024-08-18 10:00:00,26.380499,100.0,372.0,104.577034,9300.0
2024-08-18 11:00:00,27.4805,99.0,595.0,219.73615,14875.0
2024-08-18 12:00:00,28.0805,100.0,635.0,378.18387,15875.0
2024-08-18 13:00:00,28.780499,100.0,857.0,623.1568,21425.0
2024-08-18 14:00:00,29.6805,100.0,786.0,545.9465,19650.0
2024-08-18 15:00:00,25.8305,100.0,207.0,30.808315,5175.0
2024-08-18 16:00:00,26.880499,95.0,368.0,266.7086,9200.0
2024-08-18 17:00:00,25.630499,99.0,176.0,167.00116,4400.0
2024-08-18 18:00:00,25.130499,95.0,95.0,183.9217,2375.0
2024-08-18 19:00:00,24.2305,100.0,3.0,0.0,75.0
2024-08-18 20:00:00,23.1805,89.0,0.0,0.0,0.0
2024-08-18 21:00:00,23.0805,98.0,0.0,0.0,0.0
2024-08-18 22:00:00,23.0805,100.0,0.0,0.0,0.0
2024-08-18 23:00:00,22.780499,100.0,0.0,0.0,0.0
2024-08-19 00:00:00,22.6805,100.0,0.0,0.0,0.0
2024-08-19 01:00:00,22.630499,100.0,0.0,0.0,0.0
2024-08-19 02:00:00,22.6805,100.0,0.0,0.0,0.0
2024-08-19 03:00:00,22.7305,100.0,0.0,0.0,0.0
2024-08-19 04:00:00,22.7305,100.0,0.0,0.0,0.0
2024-08-19 05:00:00,22.8305,100.0,0.0,0.0,0.0
2024-08-19 06:00:00,21.880499,100.0,1.0,0.0,25.0
2024-08-19 07:00:00,22.880499,100.0,80.0,110.5494,2000.0
2024-08-19 08:00:00,24.9305,100.0,254.0,277.1194,6350.0
2024-08-19 09:00:00,25.7305,100.0,280.0,66.342384,7000.0
2024-08-19 10:00:00,27.130499,100.0,528.0,298.59863,13200.0
2024-08-19 11:00:00,27.8305,100.0,486.0,108.78117,12150.0
2024-08-19 12:00:00,28.530499,100.0,582.0,149.06557,14550.0
2024-08-19 13:00:00,28.2305,100.0,380.0,50.51838,9500.0
2024-08-19 14:00:00,25.5805,100.0,260.0,6.4529505,6500.0
2024-08-19 15:00:00,27.280499,100.0,516.0,257.88998,12900.0
2024-08-19 16:00:00,26.3305,100.0,491.0,420.49963,12275.0
2024-08-19 17:00:00,25.9305,100.0,280.0,314.4568,7000.0
2024-08-19 18:00:00,24.130499,100.0,55.0,66.92114,1375.0
2024-08-19 19:00:00,22.7305,100.0,2.0,0.0,50.0
2024-08-19 20:00:00,22.5805,100.0,0.0,0.0,0.0
2024-08-19 21:00:00,22.4805,100.0,0.0,0.0,0.0
2024-08-19 22:00:00,22.4805,100.0,0.0,0.0,0.0
2024-08-19 23:00:00,22.4805,100.0,0.0,0.0,0.0
2024-08-20 00:00:00,22.380499,100.0,0.0,0.0,0.0
2024-08-20 01:00:00,22.280499,100.0,0.0,0.0,0.0
2024-08-20 02:00:00,22.2305,100.0,0.0,0.0,0.0
2024-08-20 03:00:00,22.1805,100.0,0.0,0.0,0.0
2024-08-20 04:00:00,22.280499,100.0,0.0,0.0,0.0
2024-08-20 05:00:00,22.280499,100.0,0.0,0.0,0.0
2024-08-20 06:00:00,22.2305,100.0,0.0,0.0,0.0
2024-08-20 07:00:00,22.5805,100.0,27.0,0.0,675.0
2024-08-20 08:00:00,22.8305,100.0,57.0,0.0,1425.0
2024-08-20 09:00:00,23.7305,100.0,171.0,3.2363694,4275.0
2024-08-20 10:00:00,24.130499,100.0,170.0,8.819127,4250.0
2024-08-20 11:00:00,25.5805,100.0,477.0,77.237114,11925.0
2024-08-20 12:00:00,26.630499,100.0,654.0,201.833,16350.0
2024-08-20 13:00:00,26.630499,100.0,444.0,57.61531,11100.0
2024-08-20 14:00:00,27.130499,100.0,459.0,52.74051,11475.0
2024-08-20 15:00:00,27.130499,100.0,319.0,58.072662,7975.0
2024-08-20 16:00:00,26.6805,100.0,366.0,282.02832,9150.0
2024-08-20 17:00:00,25.3305,100.0,265.0,247.98743,6625.0
2024-08-20 18:00:00,24.1805,100.0,75.0,103.51094,1875.0
2024-08-20 19:00:00,23.5805,98.0,2.0,0.0,50.0
2024-08-20 20:00:00,23.0805,99.0,0.0,0.0,0.0
2024-08-20 21:00:00,22.630499,100.0,0.0,0.0,0.0
2024-08-20 22:00:00,22.1805,100.0,0.0,0.0,0.0
2024-08-20 23:00:00,21.9305,100.0,0.0,0.0,0.0
2024-08-21 00:00:00,22.030499,99.0,0.0,0.0,0.0
2024-08-21 01:00:00,21.1805,100.0,0.0,0.0,0.0
2024-08-21 02:00:00,21.7305,100.0,0.0,0.0,0.0
2024-08-21 03:00:00,21.880499,100.0,0.0,0.0,0.0
2024-08-21 04:00:00,21.9805,100.0,0.0,0.0,0.0
2024-08-21 05:00:00,22.130499,100.0,0.0,0.0,0.0
2024-08-21 06:00:00,22.4805,100.0,1.0,0.0,25.0
2024-08-21 07:00:00,23.030499,100.0,67.0,44.28597,1675.0
2024-08-21 08:00:00,23.9805,100.0,180.0,74.29174,4500.0
2024-08-21 09:00:00,25.130499,100.0,252.0,35.601456,6300.0
2024-08-21 10:00:00,26.1805,100.0,434.0,118.42586,10850.0
2024-08-21 11:00:00,27.6805,100.0,746.0,512.402,18650.0
2024-08-21 12:00:00,28.630499,100.0,798.0,450.41666,19950.0
2024-08-21 13:00:00,29.530499,100.0,916.0,708.8979,22900.0
2024-08-21 14:00:00,26.7305,75.0,332.0,28.008398,8300.0
2024-08-21 15:00:00,26.6805,85.0,557.0,404.61575,13925.0
2024-08-21 16:00:00,25.780499,99.0,357.0,205.75429,8925.0
2024-08-21 17:00:00,24.8305,100.0,188.0,124.560326,4700.0
2024-08-21 18:00:00,24.6805,99.0,96.0,182.16275,2400.0
2024-08-21 19:00:00,23.8305,98.0,3.0,0.0,75.0
2024-08-21 20:00:00,23.280499,87.0,0.0,0.0,0.0
2024-08-21 21:00:00,22.7305,100.0,0.0,0.0,0.0
2024-08-21 22:00:00,22.1805,100.0,0.0,0.0,0.0
2024-08-21 23:00:00,21.780499,100.0,0.0,0.0,0.0
2024-08-22 00:00:00,21.880499,100.0,0.0,0.0,0.0
2024-08-22 01:00:00,21.7305,100.0,0.0,0.0,0.0
2024-08-22 02:00:00,21.6805,100.0,0.0,0.0,0.0
2024-08-22 03:00:00,22.0805,100.0,0.0,0.0,0.0
2024-08-22 04:00:00,22.130499,100.0,0.0,0.0,0.0
2024-08-22 05:00:00,22.030499,100.0,0.0,0.0,0.0
2024-08-22 06:00:00,21.6805,100.0,0.0,0.0,0.0
2024-08-22 07:00:00,21.9805,100.0,47.0,11.078764,1175.0
2024-08-22 08:00:00,22.3305,100.0,80.0,0.0,2000.0
2024-08-22 09:00:00,22.880499,100.0,127.0,3.2365782,3175.0
2024-08-22 10:00:00,24.1805,100.0,320.0,57.95219,8000.0
2024-08-22 11:00:00,24.8305,100.0,346.0,25.02352,8650.0
2024-08-22 12:00:00,25.630499,100.0,451.0,62.91146,11275.0
2024-08-22 13:00:00,26.4305,100.0,610.0,232.7105,15250.0
2024-08-22 14:00:00,25.3305,100.0,372.0,46.363594,9300.0
2024-08-22 15:00:00,25.5805,100.0,477.0,293.6979,11925.0
2024-08-22 16:00:00,24.8305,100.0,441.0,377.91904,11025.0
2024-08-22 17:00:00,23.630499,100.0,245.0,285.72995,6125.0
2024-08-22 18:00:00,22.4805,100.0,76.0,41.88104,1900.0
2024-08-22 19:00:00,21.9805,100.0,2.0,0.0,50.0
2024-08-22 20:00:00,21.7305,100.0,0.0,0.0,0.0
2024-08-22 21:00:00,21.8305,100.0,0.0,0.0,0.0
2024-08-22 22:00:00,21.5805,100.0,0.0,0.0,0.0
2024-08-22 23:00:00,21.4305,100.0,0.0,0.0,0.0
2024-08-23 00:00:00,21.2305,100.0,0.0,0.0,0.0
2024-08-23 01:00:00,21.2305,100.0,0.0,0.0,0.0
2024-08-23 02:00:00,21.2305,100.0,0.0,0.0,0.0
2024-08-23 03:00:00,21.1805,100.0,0.0,0.0,0.0
2024-08-23 04:00:00,21.130499,100.0,0.0,0.0,0.0
2024-08-23 05:00:00,21.1805,100.0,0.0,0.0,0.0
2024-08-23 06:00:00,21.3305,100.0,0.0,0.0,0.0
2024-08-23 07:00:00,21.530499,100.0,16.0,0.0,400.0
2024-08-23 08:00:00,21.6805,100.0,89.0,4.956189,2225.0
2024-08-23 09:00:00,23.030499,100.0,307.0,119.75531,7675.0
2024-08-23 10:00:00,23.7305,99.0,355.0,54.17233,8875.0
2024-08-23 11:00:00,25.530499,100.0,705.0,490.72388,17625.0
2024-08-23 12:00:00,25.9305,100.0,726.0,505.4622,18150.0
2024-08-23 13:00:00,26.630499,100.0,707.0,405.95276,17675.0
2024-08-23 14:00:00,26.3305,100.0,677.0,430.62802,16925.0
2024-08-23 15:00:00,25.7305,100.0,549.0,315.268,13725.0
2024-08-23 16:00:00,25.2305,100.0,419.0,249.46269,10475.0
2024-08-23 17:00:00,23.780499,100.0,207.0,147.1343,5175.0
2024-08-23 18:00:00,23.1805,100.0,73.0,73.737724,1825.0
2024-08-23 19:00:00,22.280499,100.0,2.0,0.0,50.0
2024-08-23 20:00:00,22.130499,100.0,0.0,0.0,0.0
2024-08-23 21:00:00,22.0805,100.0,0.0,0.0,0.0
2024-08-23 22:00:00,21.7305,100.0,0.0,0.0,0.0
2024-08-23 23:00:00,21.530499,100.0,0.0,0.0,0.0
2024-08-24 00:00:00,21.4805,100.0,0.0,0.0,0.0
2024-08-24 01:00:00,21.4305,100.0,0.0,0.0,0.0
2024-08-24 02:00:00,21.280499,100.0,0.0,0.0,0.0
2024-08-24 03:00:00,21.280499,100.0,0.0,0.0,0.0
2024-08-24 04:00:00,21.280499,100.0,0.0,0.0,0.0
2024-08-24 05:00:00,21.280499,100.0,0.0,0.0,0.0
2024-08-24 06:00:00,21.280499,100.0,0.0,0.0,0.0
2024-08-24 07:00:00,21.530499,100.0,23.0,0.0,575.0
2024-08-24 08:00:00,21.5805,100.0,54.0,0.0,1350.0
2024-08-24 09:00:00,22.0805,100.0,107.0,0.0,2675.0
2024-08-24 10:00:00,22.3305,100.0,207.0,3.779483,5175.0
2024-08-24 11:00:00,22.3305,100.0,197.0,3.2646198,4925.0
2024-08-24 12:00:00,22.4805,100.0,113.0,0.0,2825.0
2024-08-24 13:00:00,22.3305,100.0,190.0,0.0,4750.0
2024-08-24 14:00:00,22.4305,100.0,135.0,0.0,3375.0
2024-08-24 15:00:00,22.2305,100.0,150.0,0.0,3750.0
2024-08-24 16:00:00,22.0805,100.0,154.0,3.166575,3850.0
2024-08-24 17:00:00,21.8305,100.0,90.0,0.0,2250.0
2024-08-24 18:00:00,21.2305,100.0,18.0,0.0,450.0
2024-08-24 19:00:00,20.9805,100.0,1.0,0.0,25.0
2024-08-24 20:00:00,20.880499,100.0,0.0,0.0,0.0
2024-08-24 21:00:00,20.8305,100.0,0.0,0.0,0.0
2024-08-24 22:00:00,20.880499,100.0,0.0,0.0,0.0
2024-08-24 23:00:00,20.8305,100.0,0.0,0.0,0.0
2024-08-25 00:00:00,20.880499,100.0,0.0,0.0,0.0
2024-08-25 01:00:00,20.9305,100.0,0.0,0.0,0.0
2024-08-25 02:00:00,20.880499,100.0,0.0,0.0,0.0
2024-08-25 03:00:00,20.8305,100.0,0.0,0.0,0.0
2024-08-25 04:00:00,20.8305,100.0,0.0,0.0,0.0
2024-08-25 05:00:00,20.880499,100.0,0.0,0.0,0.0
2024-08-25 06:00:00,20.280499,100.0,1.0,0.0,25.0
2024-08-25 07:00:00,20.7305,100.0,36.0,0.0,900.0
2024-08-25 08:00:00,21.7305,100.0,94.0,9.917873,2350.0
2024-08-25 09:00:00,22.7305,100.0,198.0,11.328481,4950.0
2024-08-25 10:00:00,23.280499,100.0,354.0,76.85101,8850.0
2024-08-25 11:00:00,25.6805,100.0,677.0,354.8061,16925.0
2024-08-25 12:00:00,24.8305,100.0,606.0,169.61552,15150.0
2024-08-25 13:00:00,25.1805,100.0,688.0,309.15714,17200.0
2024-08-25 14:00:00,25.2305,100.0,502.0,174.13171,12550.0
2024-08-25 15:00:00,24.780499,100.0,540.0,272.76236,13500.0
2024-08-25 16:00:00,24.2305,100.0,354.0,169.90405,8850.0
2024-08-25 17:00:00,23.0805,100.0,244.0,201.44217,6100.0
2024-08-25 18:00:00,22.380499,100.0,36.0,0.0,900.0
2024-08-25 19:00:00,21.630499,100.0,1.0,0.0,25.0
2024-08-25 20:00:00,21.380499,100.0,0.0,0.0,0.0
2024-08-25 21:00:00,21.1805,100.0,0.0,0.0,0.0
2024-08-25 22:00:00,20.9805,100.0,0.0,0.0,0.0
2024-08-25 23:00:00,20.630499,100.0,0.0,0.0,0.0
2024-08-26 00:00:00,20.5805,100.0,0.0,0.0,0.0
2024-08-26 01:00:00,20.630499,100.0,0.0,0.0,0.0
2024-08-26 02:00:00,20.530499,100.0,0.0,0.0,0.0
2024-08-26 03:00:00,20.4305,100.0,0.0,0.0,0.0
2024-08-26 04:00:00,20.3305,100.0,0.0,0.0,0.0
2024-08-26 05:00:00,20.7305,100.0,0.0,0.0,0.0
2024-08-26 06:00:00,20.9305,100.0,0.0,0.0,0.0
2024-08-26 07:00:00,20.880499,100.0,27.0,0.0,675.0
2024-08-26 08:00:00,21.9305,97.0,143.0,27.280798,3575.0
2024-08-26 09:00:00,23.2305,100.0,407.0,380.31897,10175.0
2024-08-26 10:00:00,24.1805,100.0,499.0,287.2572,12475.0
2024-08-26 11:00:00,25.630499,100.0,812.0,636.8012,20300.0
2024-08-26 12:00:00,25.9305,100.0,811.0,585.24994,20275.0
2024-08-26 13:00:00,25.530499,100.0,784.0,540.6455,19600.0
2024-08-26 14:00:00,25.380499,100.0,652.0,445.03613,16300.0
2024-08-26 15:00:00,24.380499,100.0,566.0,435.47678,14150.0
2024-08-26 16:00:00,23.2305,100.0,352.0,256.42117,8800.0
2024-08-26 17:00:00,23.130499,100.0,224.0,192.90952,5600.0
2024-08-26 18:00:00,22.4805,99.0,61.0,107.41371,1525.0
2024-08-26 19:00:00,21.9305,97.0,2.0,0.0,50.0
2024-08-26 20:00:00,21.5805,100.0,0.0,0.0,0.0
2024-08-26 21:00:00,21.380499,100.0,0.0,0.0,0.0
2024-08-26 22:00:00,21.130499,100.0,0.0,0.0,0.0
2024-08-26 23:00:00,20.6805,100.0,0.0,0.0,0.0
2024-08-27 00:00:00,20.6805,100.0,0.0,0.0,0.0
2024-08-27 01:00:00,20.630499,100.0,0.0,0.0,0.0
2024-08-27 02:00:00,20.530499,100.0,0.0,0.0,0.0
2024-08-27 03:00:00,20.2305,100.0,0.0,0.0,0.0
2024-08-27 04:00:00,20.1805,100.0,0.0,0.0,0.0
2024-08-27 05:00:00,20.130499,100.0,0.0,0.0,0.0
2024-08-27 06:00:00,20.4305,100.0,1.0,0.0,25.0
2024-08-27 07:00:00,20.5805,100.0,30.0,0.0,750.0
2024-08-27 08:00:00,21.880499,100.0,148.0,52.0934,3700.0
2024-08-27 09:00:00,22.530499,52.0,330.0,160.22328,8250.0
2024-08-27 10:00:00,24.5805,98.0,632.0,535.4889,15800.0
2024-08-27 11:00:00,23.780499,97.0,453.0,172.0256,11325.0
2024-08-27 12:00:00,25.7305,97.0,609.0,236.84361,15225.0
2024-08-27 13:00:00,24.780499,100.0,593.0,356.30347,14825.0
2024-08-27 14:00:00,24.7305,95.0,544.0,228.75165,13600.0
2024-08-27 15:00:00,23.3305,96.0,462.0,237.53423,11550.0
2024-08-27 16:00:00,23.9305,91.0,388.0,246.03842,9700.0
2024-08-27 17:00:00,23.130499,100.0,235.0,257.06223,5875.0
2024-08-27 18:00:00,22.030499,78.0,73.0,135.19821,1825.0
2024-08-27 19:00:00,21.2305,100.0,1.0,0.0,25.0
2024-08-27 20:00:00,21.280499,100.0,0.0,0.0,0.0
2024-08-27 21:00:00,21.130499,100.0,0.0,0.0,0.0
2024-08-27 22:00:00,21.0805,100.0,0.0,0.0,0.0
2024-08-27 23:00:00,20.780499,100.0,0.0,0.0,0.0
2024-08-28 00:00:00,20.780499,100.0,0.0,0.0,0.0
2024-08-28 01:00:00,20.5805,100.0,0.0,0.0,0.0
2024-08-28 02:00:00,20.4305,100.0,0.0,0.0,0.0
2024-08-28 03:00:00,20.2305,100.0,0.0,0.0,0.0
2024-08-28 04:00:00,20.130499,100.0,0.0,0.0,0.0
2024-08-28 05:00:00,20.130499,100.0,0.0,0.0,0.0
2024-08-28 06:00:00,20.130499,100.0,0.0,0.0,0.0
2024-08-28 07:00:00,20.5805,100.0,41.0,22.223509,1025.0
2024-08-28 08:00:00,21.4805,100.0,101.0,22.33069,2525.0
2024-08-28 09:00:00,22.1805,100.0,268.0,89.01604,6700.0
2024-08-28 10:00:00,23.3305,41.0,340.0,144.90887,8500.0
2024-08-28 11:00:00,24.530499,91.0,713.0,510.7529,17825.0
2024-08-28 12:00:00,26.4305,51.0,769.0,374.24704,19225.0
2024-08-28 13:00:00,25.2305,67.0,728.0,459.19855,18200.0
2024-08-28 14:00:00,26.030499,100.0,775.0,496.08105,19375.0
2024-08-28 15:00:00,24.4305,90.0,675.0,574.97864,16875.0
2024-08-28 16:00:00,24.380499,100.0,392.0,270.87463,9800.0
2024-08-28 17:00:00,22.780499,100.0,191.0,109.770874,4775.0
2024-08-28 18:00:00,22.7305,97.0,70.0,125.26929,1750.0
2024-08-28 19:00:00,21.8305,100.0,2.0,0.0,50.0
2024-08-28 20:00:00,21.6805,100.0,0.0,0.0,0.0
2024-08-28 21:00:00,21.6805,100.0,0.0,0.0,0.0
2024-08-28 22:00:00,21.2305,100.0,0.0,0.0,0.0
2024-08-28 23:00:00,20.6805,100.0,0.0,0.0,0.0
2024-08-29 00:00:00,20.380499,100.0,0.0,0.0,0.0
2024-08-29 01:00:00,20.380499,100.0,0.0,0.0,0.0
2024-08-29 02:00:00,20.280499,100.0,0.0,0.0,0.0
2024-08-29 03:00:00,20.2305,100.0,0.0,0.0,0.0
2024-08-29 04:00:00,20.130499,100.0,0.0,0.0,0.0
2024-08-29 05:00:00,20.0805,100.0,0.0,0.0,0.0
2024-08-29 06:00:00,20.530499,100.0,1.0,0.0,25.0
2024-08-29 07:00:00,21.130499,100.0,37.0,16.6742,925.0
2024-08-29 08:00:00,21.6805,100.0,94.0,17.372076,2350.0
2024-08-29 09:00:00,23.030499,98.0,206.0,40.463905,5150.0
2024-08-29 10:00:00,24.3305,86.0,351.0,97.03646,8775.0
2024-08-29 11:00:00,26.380499,33.0,752.0,530.4986,18800.0
2024-08-29 12:00:00,27.0805,24.0,823.0,617.6214,20575.0
2024-08-29 13:00:00,27.4305,46.0,866.0,647.69794,21650.0
2024-08-29 14:00:00,26.130499,84.0,674.0,484.7882,16850.0
2024-08-29 15:00:00,25.8305,99.0,487.0,335.15762,12175.0
2024-08-29 16:00:00,25.0805,77.0,331.0,141.51648,8275.0
2024-08-29 17:00:00,24.2305,99.0,206.0,166.87703,5150.0
2024-08-29 18:00:00,23.8305,100.0,86.0,213.96857,2150.0
2024-08-29 19:00:00,22.530499,100.0,1.0,0.0,25.0
2024-08-29 20:00:00,22.0805,94.0,0.0,0.0,0.0
2024-08-29 21:00:00,21.8305,100.0,0.0,0.0,0.0
2024-08-29 22:00:00,21.9305,100.0,0.0,0.0,0.0
2024-08-29 23:00:00,21.780499,100.0,0.0,0.0,0.0
2024-08-30 00:00:00,21.5805,100.0,0.0,0.0,0.0
2024-08-30 01:00:00,21.7305,100.0,0.0,0.0,0.0
2024-08-30 02:00:00,21.530499,100.0,0.0,0.0,0.0
2024-08-30 03:00:00,21.3305,100.0,0.0,0.0,0.0
2024-08-30 04:00:00,21.3305,100.0,0.0,0.0,0.0
2024-08-30 05:00:00,21.280499,100.0,0.0,0.0,0.0
2024-08-30 06:00:00,21.4805,100.0,0.0,0.0,0.0
2024-08-30 07:00:00,22.4305,100.0,35.0,27.801033,875.0
2024-08-30 08:00:00,23.4805,100.0,163.0,76.95051,4075.0
2024-08-30 09:00:00,24.1805,100.0,277.0,67.98421,6925.0
2024-08-30 10:00:00,26.030499,100.0,602.0,463.82245,15050.0
2024-08-30 11:00:00,23.3305,100.0,248.0,17.434446,6200.0
2024-08-30 12:00:00,25.130499,100.0,444.0,105.87872,11100.0
2024-08-30 13:00:00,24.880499,100.0,493.0,150.62173,12325.0
2024-08-30 14:00:00,25.630499,100.0,421.0,71.84024,10525.0
2024-08-30 15:00:00,23.6805,98.0,289.0,47.802647,7225.0
2024-08-30 16:00:00,24.630499,97.0,309.0,137.16022,7725.0
2024-08-30 17:00:00,24.1805,88.0,238.0,311.12796,5950.0
2024-08-30 18:00:00,23.380499,100.0,85.0,198.99109,2125.0
2024-08-30 19:00:00,22.4305,100.0,1.0,0.0,25.0
2024-08-30 20:00:00,21.9805,100.0,0.0,0.0,0.0
2024-08-30 21:00:00,22.0805,100.0,0.0,0.0,0.0
2024-08-30 22:00:00,21.8305,100.0,0.0,0.0,0.0
2024-08-30 23:00:00,21.7305,100.0,0.0,0.0,0.0
2024-08-31 00:00:00,21.630499,100.0,0.0,0.0,0.0
2024-08-31 01:00:00,21.630499,100.0,0.0,0.0,0.0
2024-08-31 02:00:00,21.4305,100.0,0.0,0.0,0.0
2024-08-31 03:00:00,21.280499,100.0,0.0,0.0,0.0
2024-08-31 04:00:00,20.9805,100.0,0.0,0.0,0.0
2024-08-31 05:00:00,21.130499,100.0,0.0,0.0,0.0
2024-08-31 06:00:00,21.4305,100.0,0.0,0.0,0.0
2024-08-31 07:00:00,22.0805,100.0,35.0,0.0,875.0
2024-08-31 08:00:00,22.4805,100.0,79.0,12.414233,1975.0
2024-08-31 09:00:00,22.6805,100.0,112.0,0.0,2800.0
2024-08-31 10:00:00,23.530499,100.0,218.0,2.5212026,5450.0
2024-08-31 11:00:00,24.1805,100.0,287.0,21.800556,7175.0
2024-08-31 12:00:00,24.380499,100.0,258.0,8.149411,6450.0
2024-08-31 13:00:00,24.8305,100.0,308.0,14.261613,7700.0
2024-08-31 14:00:00,24.030499,100.0,200.0,3.2702212,5000.0
2024-08-31 15:00:00,23.6805,100.0,196.0,2.5215018,4900.0
2024-08-31 16:00:00,22.780499,100.0,89.0,0.0,2225.0
2024-08-31 17:00:00,22.030499,100.0,78.0,0.0,1950.0
2024-08-31 18:00:00,22.380499,100.0,31.0,0.0,775.0
2024-08-31 19:00:00,22.030499,100.0,0.0,0.0,0.0
2024-08-31 20:00:00,21.780499,100.0,0.0,0.0,0.0
2024-08-31 21:00:00,21.7305,100.0,0.0,0.0,0.0
2024-08-31 22:00:00,21.6805,100.0,0.0,0.0,0.0
2024-08-31 23:00:00,21.5805,100.0,0.0,0.0,0.0
2024-09-01 00:00:00,21.4805,100.0,0.0,0.0,0.0
2024-09-01 01:00:00,21.4305,100.0,0.0,0.0,0.0
2024-09-01 02:00:00,21.380499,100.0,0.0,0.0,0.0
2024-09-01 03:00:00,21.3305,100.0,0.0,0.0,0.0
2024-09-01 04:00:00,21.3305,100.0,0.0,0.0,0.0
2024-09-01 05:00:00,21.380499,100.0,0.0,0.0,0.0
2024-09-01 06:00:00,21.4305,100.0,0.0,0.0,0.0
2024-09-01 07:00:00,21.530499,100.0,15.0,0.0,375.0
2024-09-01 08:00:00,21.530499,100.0,36.0,0.0,900.0
2024-09-01 09:00:00,22.4805,100.0,123.0,0.0,3075.0
2024-09-01 10:00:00,23.380499,100.0,198.0,1.2608573,4950.0
2024-09-01 11:00:00,23.8305,100.0,234.0,3.2713375,5850.0
2024-09-01 12:00:00,23.280499,100.0,209.0,5.096669,5225.0
2024-09-01 13:00:00,23.530499,100.0,226.0,3.059133,5650.0
2024-09-01 14:00:00,23.280499,100.0,153.0,0.0,3825.0
2024-09-01 15:00:00,23.0805,100.0,196.0,1.2636311,4900.0
2024-09-01 16:00:00,22.630499,100.0,120.0,3.2503312,3000.0
2024-09-01 17:00:00,22.1805,100.0,56.0,0.0,1400.0
2024-09-01 18:00:00,22.4805,100.0,18.0,0.0,450.0
2024-09-01 19:00:00,22.0805,100.0,0.0,0.0,0.0
2024-09-01 20:00:00,21.880499,100.0,0.0,0.0,0.0
2024-09-01 21:00:00,21.8305,100.0,0.0,0.0,0.0
2024-09-01 22:00:00,21.7305,100.0,0.0,0.0,0.0
2024-09-01 23:00:00,21.5805,100.0,0.0,0.0,0.0
2024-09-02 00:00:00,21.5805,100.0,0.0,0.0,0.0
2024-09-02 01:00:00,21.530499,100.0,0.0,0.0,0.0
2024-09-02 02:00:00,21.6805,100.0,0.0,0.0,0.0
2024-09-02 03:00:00,21.8305,100.0,0.0,0.0,0.0
2024-09-02 04:00:00,21.8305,100.0,0.0,0.0,0.0
2024-09-02 05:00:00,21.880499,100.0,0.0,0.0,0.0
2024-09-02 06:00:00,21.6805,100.0,0.0,0.0,0.0
2024-09-02 07:00:00,21.8305,100.0,42.0,16.699879,1050.0
2024-09-02 08:00:00,22.030499,100.0,66.0,0.0,1650.0
2024-09-02 09:00:00,22.8305,100.0,115.0,0.0,2875.0
2024-09-02 10:00:00,23.8305,98.0,219.0,16.395082,5475.0
2024-09-02 11:00:00,25.9305,100.0,703.0,371.9998,17575.0
2024-09-02 12:00:00,25.8305,100.0,517.0,154.02565,12925.0
2024-09-02 13:00:00,24.4305,100.0,204.0,6.1247253,5100.0
2024-09-02 14:00:00,23.4305,100.0,213.0,15.308145,5325.0
2024-09-02 15:00:00,24.9805,100.0,441.0,198.85622,11025.0
2024-09-02 16:00:00,23.9305,83.0,308.0,143.5425,7700.0
2024-09-02 17:00:00,23.5805,83.0,158.0,120.845955,3950.0
2024-09-02 18:00:00,22.9805,100.0,23.0,11.317112,575.0
2024-09-02 19:00:00,22.3305,100.0,0.0,0.0,0.0
2024-09-02 20:00:00,21.880499,100.0,0.0,0.0,0.0
2024-09-02 21:00:00,21.780499,100.0,0.0,0.0,0.0
2024-09-02 22:00:00,21.630499,100.0,0.0,0.0,0.0
2024-09-02 23:00:00,21.630499,100.0,0.0,0.0,0.0
2024-09-03 00:00:00,21.4805,100.0,0.0,0.0,0.0
2024-09-03 01:00:00,21.280499,100.0,0.0,0.0,0.0
2024-09-03 02:00:00,21.4305,100.0,0.0,0.0,0.0
2024-09-03 03:00:00,21.280499,100.0,0.0,0.0,0.0
2024-09-03 04:00:00,21.3305,100.0,0.0,0.0,0.0
2024-09-03 05:00:00,21.280499,100.0,0.0,0.0,0.0
2024-09-03 06:00:00,21.4305,100.0,0.0,0.0,0.0
2024-09-03 07:00:00,22.130499,92.0,54.0,44.55111,1350.0
2024-09-03 08:00:00,23.380499,88.0,221.0,258.42523,5525.0
2024-09-03 09:00:00,24.0805,89.0,368.0,330.39282,9200.0
2024-09-03 10:00:00,25.630499,100.0,574.0,420.08334,14350.0
2024-09-03 11:00:00,24.4805,68.0,347.0,68.75931,8675.0
2024-09-03 12:00:00,26.3305,100.0,765.0,453.23007,19125.0
2024-09-03 13:00:00,24.9805,82.0,428.0,134.89288,10700.0
2024-09-03 14:00:00,24.780499,100.0,557.0,317.61273,13925.0
2024-09-03 15:00:00,24.880499,100.0,507.0,308.5268,12675.0
2024-09-03 16:00:00,24.4305,100.0,311.0,99.876396,7775.0
2024-09-03 17:00:00,23.780499,94.0,202.0,141.93933,5050.0
2024-09-03 18:00:00,22.530499,100.0,36.0,11.409317,900.0
2024-09-03 19:00:00,22.280499,100.0,0.0,0.0,0.0
2024-09-03 20:00:00,22.130499,100.0,0.0,0.0,0.0
2024-09-03 21:00:00,21.9305,100.0,0.0,0.0,0.0
2024-09-03 22:00:00,21.630499,100.0,0.0,0.0,0.0
2024-09-03 23:00:00,21.4805,100.0,0.0,0.0,0.0
2024-09-04 00:00:00,21.380499,100.0,0.0,0.0,0.0
2024-09-04 01:00:00,21.2305,100.0,0.0,0.0,0.0
2024-09-04 02:00:00,21.1805,100.0,0.0,0.0,0.0
2024-09-04 03:00:00,21.0805,100.0,0.0,0.0,0.0
2024-09-04 04:00:00,21.0805,98.0,0.0,0.0,0.0
2024-09-04 05:00:00,20.6805,100.0,0.0,0.0,0.0
2024-09-04 06:00:00,20.880499,100.0,1.0,0.0,25.0
2024-09-04 07:00:00,21.5805,100.0,50.0,50.141552,1250.0
2024-09-04 08:00:00,22.8305,100.0,148.0,49.713493,3700.0
2024-09-04 09:00:00,23.9805,100.0,335.0,176.5731,8375.0
2024-09-04 10:00:00,24.9805,100.0,518.0,301.5976,12950.0
2024-09-04 11:00:00,25.9805,100.0,768.0,577.65436,19200.0
2024-09-04 12:00:00,26.030499,95.0,692.0,405.57,17300.0
2024-09-04 13:00:00,26.1805,100.0,750.0,433.79254,18750.0
2024-09-04 14:00:00,26.4305,100.0,684.0,444.30734,17100.0
2024-09-04 15:00:00,25.880499,100.0,529.0,362.74786,13225.0
2024-09-04 16:00:00,24.4305,99.0,344.0,187.37254,8600.0
2024-09-04 17:00:00,23.5805,99.0,116.0,81.66585,2900.0
2024-09-04 18:00:00,23.2305,88.0,65.0,138.04631,1625.0
2024-09-04 19:00:00,22.3305,100.0,0.0,0.0,0.0
2024-09-04 20:00:00,22.4305,100.0,0.0,0.0,0.0
2024-09-04 21:00:00,22.3305,100.0,0.0,0.0,0.0
2024-09-04 22:00:00,22.1805,100.0,0.0,0.0,0.0
2024-09-04 23:00:00,21.8305,100.0,0.0,0.0,0.0
2024-09-05 00:00:00,21.8305,100.0,0.0,0.0,0.0
2024-09-05 01:00:00,21.780499,100.0,0.0,0.0,0.0
2024-09-05 02:00:00,21.630499,100.0,0.0,0.0,0.0
2024-09-05 03:00:00,21.5805,100.0,0.0,0.0,0.0
2024-09-05 04:00:00,21.4305,100.0,0.0,0.0,0.0
2024-09-05 05:00:00,21.130499,100.0,0.0,0.0,0.0
2024-09-05 06:00:00,21.3305,100.0,1.0,0.0,25.0
2024-09-05 07:00:00,22.280499,91.0,65.0,105.90262,1625.0
2024-09-05 08:00:00,23.2305,93.0,195.0,176.54724,4875.0
2024-09-05 09:00:00,24.8305,52.0,438.0,379.16583,10950.0
2024-09-05 10:00:00,25.880499,26.0,593.0,463.29044,14825.0
2024-09-05 11:00:00,27.0805,42.0,786.0,623.86304,19650.0
2024-09-05 12:00:00,25.6805,57.0,887.0,672.761,22175.0
2024-09-05 13:00:00,26.3305,93.0,747.0,508.06583,18675.0
2024-09-05 14:00:00,26.030499,100.0,623.0,405.514,15575.0
2024-09-05 15:00:00,26.130499,43.0,534.0,325.38586,13350.0
2024-09-05 16:00:00,25.030499,88.0,431.0,445.5162,10775.0
2024-09-05 17:00:00,24.2305,100.0,205.0,231.29044,5125.0
2024-09-05 18:00:00,23.1805,37.0,67.0,162.40854,1675.0
2024-09-05 19:00:00,22.3305,69.0,0.0,0.0,0.0
2024-09-05 20:00:00,22.130499,93.0,0.0,0.0,0.0
2024-09-05 21:00:00,22.1805,77.0,0.0,0.0,0.0
2024-09-05 22:00:00,21.4805,93.0,0.0,0.0,0.0
2024-09-05 23:00:00,21.3305,100.0,0.0,0.0,0.0
2024-09-06 00:00:00,21.530499,100.0,0.0,0.0,0.0
2024-09-06 01:00:00,21.4805,100.0,0.0,0.0,0.0
2024-09-06 02:00:00,21.1805,100.0,0.0,0.0,0.0
2024-09-06 03:00:00,20.9805,100.0,0.0,0.0,0.0
2024-09-06 04:00:00,20.9805,100.0,0.0,0.0,0.0
2024-09-06 05:00:00,20.880499,100.0,0.0,0.0,0.0
2024-09-06 06:00:00,21.6805,94.0,1.0,0.0,25.0
2024-09-06 07:00:00,22.280499,79.0,68.0,83.64857,1700.0
2024-09-06 08:00:00,23.530499,78.0,223.0,216.42125,5575.0
2024-09-06 09:00:00,24.780499,100.0,384.0,290.13583,9600.0
2024-09-06 10:00:00,25.2305,99.0,391.0,149.02054,9775.0
2024-09-06 11:00:00,26.630499,100.0,788.0,602.37225,19700.0
2024-09-06 12:00:00,27.5805,96.0,844.0,575.1099,21100.0
2024-09-06 13:00:00,27.380499,99.0,934.0,797.9225,23350.0
2024-09-06 14:00:00,26.780499,64.0,759.0,605.5012,18975.0
2024-09-06 15:00:00,26.630499,54.0,563.0,482.30518,14075.0
2024-09-06 16:00:00,25.8305,48.0,400.0,424.09854,10000.0
2024-09-06 17:00:00,25.030499,38.0,245.0,383.04172,6125.0
2024-09-06 18:00:00,23.5805,81.0,65.0,169.64398,1625.0
2024-09-06 19:00:00,22.630499,30.0,0.0,0.0,0.0
2024-09-06 20:00:00,22.030499,38.0,0.0,0.0,0.0
2024-09-06 21:00:00,21.5805,78.0,0.0,0.0,0.0
2024-09-06 22:00:00,21.3305,99.0,0.0,0.0,0.0
2024-09-06 23:00:00,21.630499,100.0,0.0,0.0,0.0
2024-09-07 00:00:00,21.7305,100.0,0.0,0.0,0.0
2024-09-07 01:00:00,21.780499,100.0,0.0,0.0,0.0
2024-09-07 02:00:00,21.530499,100.0,0.0,0.0,0.0
2024-09-07 03:00:00,21.380499,100.0,0.0,0.0,0.0
2024-09-07 04:00:00,21.4805,100.0,0.0,0.0,0.0
2024-09-07 05:00:00,21.3305,100.0,0.0,0.0,0.0
2024-09-07 06:00:00,21.6805,93.0,1.0,0.0,25.0
2024-09-07 07:00:00,22.3305,100.0,82.0,167.38661,2050.0
2024-09-07 08:00:00,23.8305,99.0,245.0,241.40785,6125.0
2024-09-07 09:00:00,24.9805,100.0,386.0,356.7186,9650.0
2024-09-07 10:00:00,25.280499,100.0,453.0,171.83025,11325.0
2024-09-07 11:00:00,26.130499,100.0,559.0,223.16388,13975.0
2024-09-07 12:00:00,25.9805,100.0,564.0,153.64041,14100.0
2024-09-07 13:00:00,25.130499,100.0,430.0,77.02034,10750.0
2024-09-07 14:00:00,25.1805,100.0,365.0,65.07257,9125.0
2024-09-07 15:00:00,25.130499,100.0,399.0,137.24892,9975.0
2024-09-07 16:00:00,24.9805,100.0,306.0,126.413605,7650.0
2024-09-07 17:00:00,24.0805,100.0,173.0,88.62866,4325.0
2024-09-07 18:00:00,22.780499,100.0,51.0,76.70408,1275.0
2024-09-07 19:00:00,22.380499,100.0,0.0,0.0,0.0
2024-09-07 20:00:00,22.2305,100.0,0.0,0.0,0.0
2024-09-07 21:00:00,22.0805,100.0,0.0,0.0,0.0
2024-09-07 22:00:00,21.9305,100.0,0.0,0.0,0.0
2024-09-07 23:00:00,21.7305,100.0,0.0,0.0,0.0
2024-09-08 00:00:00,21.5805,100.0,0.0,0.0,0.0
2024-09-08 01:00:00,21.280499,100.0,0.0,0.0,0.0
2024-09-08 02:00:00,21.280499,100.0,0.0,0.0,0.0
2024-09-08 03:00:00,21.3305,100.0,0.0,0.0,0.0
2024-09-08 04:00:00,21.380499,95.0,0.0,0.0,0.0
2024-09-08 05:00:00,21.2305,100.0,0.0,0.0,0.0
2024-09-08 06:00:00,21.5805,100.0,1.0,0.0,25.0
2024-09-08 07:00:00,21.7305,100.0,49.0,33.49673,1225.0
2024-09-08 08:00:00,22.530499,100.0,110.0,19.920134,2750.0
2024-09-08 09:00:00,23.9805,91.0,343.0,176.80981,8575.0
2024-09-08 10:00:00,25.030499,100.0,544.0,342.5686,13600.0
2024-09-08 11:00:00,25.3305,100.0,558.0,236.45479,13950.0
2024-09-08 12:00:00,25.630499,100.0,431.0,140.46059,10775.0
2024-09-08 13:00:00,24.0805,100.0,494.0,186.12541,12350.0
2024-09-08 14:00:00,24.0805,100.0,324.0,92.819435,8100.0
2024-09-08 15:00:00,24.280499,100.0,429.0,186.49121,10725.0
2024-09-08 16:00:00,23.130499,100.0,305.0,168.68587,7625.0
2024-09-08 17:00:00,22.4805,100.0,75.0,0.0,1875.0
2024-09-08 18:00:00,22.380499,100.0,48.0,53.56664,1200.0
2024-09-08 19:00:00,21.880499,100.0,0.0,0.0,0.0
2024-09-08 20:00:00,21.9305,100.0,0.0,0.0,0.0
2024-09-08 21:00:00,21.530499,100.0,0.0,0.0,0.0
2024-09-08 22:00:00,21.6805,100.0,0.0,0.0,0.0
2024-09-08 23:00:00,21.380499,100.0,0.0,0.0,0.0
2024-09-09 00:00:00,21.1805,100.0,0.0,0.0,0.0
2024-09-09 01:00:00,21.1805,100.0,0.0,0.0,0.0
2024-09-09 02:00:00,20.9805,100.0,0.0,0.0,0.0
2024-09-09 03:00:00,20.880499,100.0,0.0,0.0,0.0
2024-09-09 04:00:00,20.9805,100.0,0.0,0.0,0.0
2024-09-09 05:00:00,20.9805,100.0,0.0,0.0,0.0
2024-09-09 06:00:00,21.030499,97.0,1.0,0.0,25.0
2024-09-09 07:00:00,21.880499,100.0,74.0,122.89899,1850.0
2024-09-09 08:00:00,23.0805,100.0,195.0,77.234634,4875.0
2024-09-09 09:00:00,24.530499,100.0,372.0,217.46223,9300.0
2024-09-09 10:00:00,25.530499,95.0,476.0,201.10112,11900.0
2024-09-09 11:00:00,25.9305,86.0,560.0,174.18573,14000.0
2024-09-09 12:00:00,27.030499,100.0,845.0,632.19934,21125.0
2024-09-09 13:00:00,26.380499,100.0,648.0,250.22803,16200.0
2024-09-09 14:00:00,26.0805,100.0,701.0,433.98956,17525.0
2024-09-09 15:00:00,25.530499,100.0,432.0,162.49777,10800.0
2024-09-09 16:00:00,25.130499,100.0,408.0,276.72205,10200.0
2024-09-09 17:00:00,23.780499,100.0,181.0,129.60669,4525.0
2024-09-09 18:00:00,23.0805,100.0,55.0,42.031334,1375.0
2024-09-09 19:00:00,22.380499,100.0,0.0,0.0,0.0
2024-09-09 20:00:00,21.5805,100.0,0.0,0.0,0.0
2024-09-09 21:00:00,21.4305,100.0,0.0,0.0,0.0
2024-09-09 22:00:00,21.3305,100.0,0.0,0.0,0.0
2024-09-09 23:00:00,21.030499,100.0,0.0,0.0,0.0
2024-09-10 00:00:00,20.780499,100.0,0.0,0.0,0.0
2024-09-10 01:00:00,20.7305,100.0,0.0,0.0,0.0
2024-09-10 02:00:00,20.7305,100.0,0.0,0.0,0.0
2024-09-10 03:00:00,20.780499,100.0,0.0,0.0,0.0
2024-09-10 04:00:00,20.880499,100.0,0.0,0.0,0.0
2024-09-10 05:00:00,20.780499,100.0,0.0,0.0,0.0
2024-09-10 06:00:00,21.130499,100.0,0.0,0.0,0.0
2024-09-10 07:00:00,22.030499,100.0,53.0,27.949608,1325.0
2024-09-10 08:00:00,23.4305,100.0,249.0,286.68454,6225.0
2024-09-10 09:00:00,24.1805,100.0,400.0,313.36368,10000.0
2024-09-10 10:00:00,25.130499,100.0,654.0,587.20514,16350.0
2024-09-10 11:00:00,26.1805,100.0,693.0,442.93127,17325.0
2024-09-10 12:00:00,27.130499,100.0,858.0,684.2405,21450.0
2024-09-10 13:00:00,27.4805,99.0,906.0,677.5213,22650.0
2024-09-10 14:00:00,27.280499,100.0,869.0,798.7109,21725.0
2024-09-10 15:00:00,26.7305,99.0,704.0,707.4386,17600.0
2024-09-10 16:00:00,25.7305,100.0,495.0,542.3379,12375.0
2024-09-10 17:00:00,24.380499,100.0,256.0,418.41675,6400.0
2024-09-10 18:00:00,23.280499,100.0,60.0,109.0627,1500.0
2024-09-10 19:00:00,22.0805,100.0,0.0,0.0,0.0
2024-09-10 20:00:00,21.8305,100.0,0.0,0.0,0.0
2024-09-10 21:00:00,21.780499,100.0,0.0,0.0,0.0
2024-09-10 22:00:00,21.630499,100.0,0.0,0.0,0.0
2024-09-10 23:00:00,21.4805,100.0,0.0,0.0,0.0
2024-09-11 00:00:00,21.130499,100.0,0.0,0.0,0.0
2024-09-11 01:00:00,20.880499,100.0,0.0,0.0,0.0
2024-09-11 02:00:00,20.8305,100.0,0.0,0.0,0.0
2024-09-11 03:00:00,21.030499,100.0,0.0,0.0,0.0
2024-09-11 04:00:00,20.630499,100.0,0.0,0.0,0.0
2024-09-11 05:00:00,20.880499,100.0,0.0,0.0,0.0
2024-09-11 06:00:00,21.130499,100.0,0.0,0.0,0.0
2024-09-11 07:00:00,21.380499,100.0,52.0,78.30694,1300.0
2024-09-11 08:00:00,22.6805,100.0,248.0,251.93138,6200.0
2024-09-11 09:00:00,23.380499,100.0,456.0,472.72104,11400.0
2024-09-11 10:00:00,25.280499,100.0,709.0,671.14526,17725.0
2024-09-11 11:00:00,26.2305,98.0,784.0,646.2918,19600.0
2024-09-11 12:00:00,26.9305,99.0,878.0,657.23285,21950.0
2024-09-11 13:00:00,26.280499,99.0,860.0,723.9866,21500.0
2024-09-11 14:00:00,26.780499,99.0,816.0,695.8698,20400.0
2024-09-11 15:00:00,26.1805,99.0,715.0,743.22644,17875.0
2024-09-11 16:00:00,25.1805,94.0,452.0,539.65314,11300.0
2024-09-11 17:00:00,24.4805,92.0,275.0,480.76718,6875.0
2024-09-11 18:00:00,23.030499,86.0,70.0,220.16393,1750.0
2024-09-11 19:00:00,21.880499,98.0,0.0,0.0,0.0
2024-09-11 20:00:00,21.280499,100.0,0.0,0.0,0.0
2024-09-11 21:00:00,21.3305,100.0,0.0,0.0,0.0
2024-09-11 22:00:00,21.4305,100.0,0.0,0.0,0.0
2024-09-11 23:00:00,21.380499,100.0,0.0,0.0,0.0
2024-09-12 00:00:00,21.0805,100.0,0.0,0.0,0.0
2024-09-12 01:00:00,21.3305,100.0,0.0,0.0,0.0
2024-09-12 02:00:00,21.3305,100.0,0.0,0.0,0.0
2024-09-12 03:00:00,21.1805,100.0,0.0,0.0,0.0
2024-09-12 04:00:00,20.7305,76.0,0.0,0.0,0.0
2024-09-12 05:00:00,20.4805,100.0,0.0,0.0,0.0
2024-09-12 06:00:00,20.4305,100.0,1.0,0.0,25.0
2024-09-12 07:00:00,21.530499,54.0,78.0,145.51515,1950.0
2024-09-12 08:00:00,22.8305,63.0,243.0,311.98068,6075.0
2024-09-12 09:00:00,23.530499,35.0,423.0,411.21,10575.0
2024-09-12 10:00:00,24.7305,48.0,654.0,580.3511,16350.0
2024-09-12 11:00:00,25.630499,34.0,661.0,498.59378,16525.0
2024-09-12 12:00:00,26.8305,29.0,883.0,710.5167,22075.0
2024-09-12 13:00:00,26.9305,42.0,834.0,648.5777,20850.0
2024-09-12 14:00:00,27.3305,49.0,747.0,591.5297,18675.0
2024-09-12 15:00:00,27.130499,15.0,700.0,722.0445,17500.0
2024-09-12 16:00:00,26.130499,39.0,505.0,644.05975,12625.0
2024-09-12 17:00:00,24.9305,24.0,261.0,471.07986,6525.0
2024-09-12 18:00:00,23.8305,33.0,68.0,222.27649,1700.0
2024-09-12 19:00:00,22.780499,11.0,0.0,0.0,0.0
2024-09-12 20:00:00,21.780499,86.0,0.0,0.0,0.0
2024-09-12 21:00:00,21.5805,100.0,0.0,0.0,0.0
2024-09-12 22:00:00,21.4805,100.0,0.0,0.0,0.0
2024-09-12 23:00:00,21.130499,100.0,0.0,0.0,0.0
2024-09-13 00:00:00,21.0805,100.0,0.0,0.0,0.0
2024-09-13 01:00:00,20.6805,100.0,0.0,0.0,0.0
2024-09-13 02:00:00,20.780499,100.0,0.0,0.0,0.0
2024-09-13 03:00:00,20.780499,100.0,0.0,0.0,0.0
2024-09-13 04:00:00,20.630499,100.0,0.0,0.0,0.0
2024-09-13 05:00:00,20.380499,100.0,0.0,0.0,0.0
2024-09-13 06:00:00,20.5805,99.0,0.0,0.0,0.0
2024-09-13 07:00:00,21.280499,100.0,57.0,39.200596,1425.0
2024-09-13 08:00:00,22.630499,99.0,204.0,152.33817,5100.0
2024-09-13 09:00:00,24.2305,99.0,438.0,395.1783,10950.0
2024-09-13 10:00:00,25.030499,76.0,537.0,333.48944,13425.0
2024-09-13 11:00:00,26.030499,96.0,704.0,511.14215,17600.0
2024-09-13 12:00:00,27.0805,99.0,860.0,700.0436,21500.0
2024-09-13 13:00:00,27.280499,100.0,906.0,711.8032,22650.0
2024-09-13 14:00:00,27.280499,100.0,717.0,544.8308,17925.0
2024-09-13 15:00:00,26.4305,100.0,633.0,595.08435,15825.0
2024-09-13 16:00:00,25.530499,100.0,397.0,389.25677,9925.0
2024-09-13 17:00:00,24.7305,100.0,262.0,398.51883,6550.0
2024-09-13 18:00:00,23.3305,100.0,60.0,137.17053,1500.0
2024-09-13 19:00:00,22.380499,100.0,0.0,0.0,0.0
2024-09-13 20:00:00,21.4805,100.0,0.0,0.0,0.0
2024-09-13 21:00:00,20.880499,100.0,0.0,0.0,0.0
2024-09-13 22:00:00,20.7305,100.0,0.0,0.0,0.0
2024-09-13 23:00:00,20.8305,100.0,0.0,0.0,0.0
2024-09-14 00:00:00,20.9305,100.0,0.0,0.0,0.0
2024-09-14 01:00:00,20.4805,100.0,0.0,0.0,0.0
2024-09-14 02:00:00,20.5805,100.0,0.0,0.0,0.0
2024-09-14 03:00:00,20.630499,100.0,0.0,0.0,0.0
2024-09-14 04:00:00,20.5805,100.0,0.0,0.0,0.0
2024-09-14 05:00:00,20.7305,100.0,0.0,0.0,0.0
2024-09-14 06:00:00,20.6805,100.0,1.0,0.0,25.0
2024-09-14 07:00:00,21.280499,92.0,59.0,50.431084,1475.0
2024-09-14 08:00:00,22.7305,80.0,206.0,157.43097,5150.0
2024-09-14 09:00:00,24.4805,100.0,460.0,431.21213,11500.0
2024-09-14 10:00:00,25.5805,91.0,565.0,360.38272,14125.0
2024-09-14 11:00:00,26.380499,23.0,627.0,313.58273,15675.0
2024-09-14 12:00:00,27.6805,18.0,912.0,740.1641,22800.0
2024-09-14 13:00:00,28.130499,9.0,898.0,742.0693,22450.0
2024-09-14 14:00:00,28.280499,27.0,818.0,753.0905,20450.0
2024-09-14 15:00:00,27.7305,42.0,704.0,750.1493,17600.0
2024-09-14 16:00:00,26.0805,25.0,459.0,571.2261,11475.0
2024-09-14 17:00:00,24.8305,89.0,274.0,514.7208,6850.0
2024-09-14 18:00:00,23.630499,15.0,67.0,195.2289,1675.0
2024-09-14 19:00:00,22.0805,14.0,0.0,0.0,0.0
2024-09-14 20:00:00,21.4805,100.0,0.0,0.0,0.0
2024-09-14 21:00:00,20.9305,100.0,0.0,0.0,0.0
2024-09-14 22:00:00,20.7305,100.0,0.0,0.0,0.0
2024-09-14 23:00:00,21.030499,100.0,0.0,0.0,0.0
2024-09-15 00:00:00,21.130499,100.0,0.0,0.0,0.0
2024-09-15 01:00:00,20.8305,100.0,0.0,0.0,0.0
2024-09-15 02:00:00,21.0805,100.0,0.0,0.0,0.0
2024-09-15 03:00:00,20.9305,100.0,0.0,0.0,0.0
2024-09-15 04:00:00,20.8305,100.0,0.0,0.0,0.0
2024-09-15 05:00:00,20.780499,100.0,0.0,0.0,0.0
2024-09-15 06:00:00,21.0805,79.0,1.0,0.0,25.0
2024-09-15 07:00:00,21.880499,99.0,79.0,168.20744,1975.0
2024-09-15 08:00:00,23.4305,54.0,275.0,402.5848,6875.0
2024-09-15 09:00:00,24.7305,95.0,469.0,439.626,11725.0
2024-09-15 10:00:00,26.1805,21.0,740.0,754.3462,18500.0
2024-09-15 11:00:00,27.030499,100.0,855.0,755.5644,21375.0
2024-09-15 12:00:00,27.4805,100.0,881.0,753.55286,22025.0
2024-09-15 13:00:00,27.9305,100.0,849.0,666.435,21225.0
2024-09-15 14:00:00,27.9805,89.0,764.0,610.17004,19100.0
2024-09-15 15:00:00,27.8305,100.0,680.0,710.56647,17000.0
2024-09-15 16:00:00,26.5805,45.0,487.0,642.95575,12175.0
2024-09-15 17:00:00,25.4805,13.0,254.0,474.7215,6350.0
2024-09-15 18:00:00,24.030499,98.0,69.0,216.3217,1725.0
2024-09-15 19:00:00,22.780499,98.0,0.0,0.0,0.0
2024-09-15 20:00:00,21.630499,99.0,0.0,0.0,0.0
2024-09-15 21:00:00,20.880499,66.0,0.0,0.0,0.0
2024-09-15 22:00:00,20.2305,93.0,0.0,0.0,0.0
2024-09-15 23:00:00,20.0805,100.0,0.0,0.0,0.0
2024-09-16 00:00:00,20.630499,100.0,0.0,0.0,0.0
2024-09-16 01:00:00,20.9305,100.0,0.0,0.0,0.0
2024-09-16 02:00:00,20.880499,100.0,0.0,0.0,0.0
2024-09-16 03:00:00,20.880499,99.0,0.0,0.0,0.0
2024-09-16 04:00:00,20.630499,100.0,0.0,0.0,0.0
2024-09-16 05:00:00,20.9805,100.0,0.0,0.0,0.0
2024-09-16 06:00:00,21.0805,100.0,1.0,0.0,25.0
2024-09-16 07:00:00,21.8305,100.0,67.0,78.54664,1675.0
2024-09-16 08:00:00,23.2305,100.0,199.0,112.60066,4975.0
2024-09-16 09:00:00,24.2305,100.0,307.0,87.984604,7675.0
2024-09-16 10:00:00,25.4805,100.0,620.0,452.4738,15500.0
2024-09-16 11:00:00,25.630499,100.0,414.0,78.28306,10350.0
2024-09-16 12:00:00,23.2305,100.0,464.0,67.28225,11600.0
2024-09-16 13:00:00,26.0805,100.0,717.0,405.16934,17925.0
2024-09-16 14:00:00,24.6805,99.0,503.0,276.58936,12575.0
2024-09-16 15:00:00,26.380499,41.0,568.0,441.46866,14200.0
2024-09-16 16:00:00,24.630499,65.0,446.0,557.802,11150.0
2024-09-16 17:00:00,24.280499,11.0,159.0,198.83269,3975.0
2024-09-16 18:00:00,23.5805,55.0,59.0,186.44092,1475.0
2024-09-16 19:00:00,22.6805,76.0,0.0,0.0,0.0
2024-09-16 20:00:00,21.5805,97.0,0.0,0.0,0.0
2024-09-16 21:00:00,21.0805,100.0,0.0,0.0,0.0
2024-09-16 22:00:00,20.530499,98.0,0.0,0.0,0.0
2024-09-16 23:00:00,20.380499,100.0,0.0,0.0,0.0
2024-09-17 00:00:00,20.9305,100.0,0.0,0.0,0.0
2024-09-17 01:00:00,20.8305,100.0,0.0,0.0,0.0
2024-09-17 02:00:00,20.9805,100.0,0.0,0.0,0.0
2024-09-17 03:00:00,20.9305,100.0,0.0,0.0,0.0
2024-09-17 04:00:00,20.780499,100.0,0.0,0.0,0.0
2024-09-17 05:00:00,20.8305,100.0,0.0,0.0,0.0
2024-09-17 06:00:00,21.4805,100.0,0.0,0.0,0.0
2024-09-17 07:00:00,21.8305,100.0,70.0,129.12703,1750.0
2024-09-17 08:00:00,23.280499,100.0,235.0,237.8853,5875.0
2024-09-17 09:00:00,24.1805,100.0,373.0,239.68663,9325.0
2024-09-17 10:00:00,25.2305,100.0,465.0,178.095,11625.0
2024-09-17 11:00:00,25.7305,81.0,475.0,149.01427,11875.0
2024-09-17 12:00:00,26.030499,100.0,447.0,130.61182,11175.0
2024-09-17 13:00:00,27.280499,100.0,686.0,258.79227,17150.0
2024-09-17 14:00:00,27.630499,99.0,652.0,324.61554,16300.0
2024-09-17 15:00:00,26.5805,99.0,590.0,542.14886,14750.0
2024-09-17 16:00:00,26.030499,97.0,425.0,497.9464,10625.0
2024-09-17 17:00:00,25.0805,92.0,198.0,307.9735,4950.0
2024-09-17 18:00:00,23.9305,28.0,61.0,201.42268,1525.0
2024-09-17 19:00:00,23.0805,17.0,0.0,0.0,0.0
2024-09-17 20:00:00,22.0805,7.0,0.0,0.0,0.0
2024-09-17 21:00:00,21.3305,6.0,0.0,0.0,0.0
2024-09-17 22:00:00,20.5805,3.0,0.0,0.0,0.0
2024-09-17 23:00:00,20.030499,1.0,0.0,0.0,0.0
2024-09-18 00:00:00,19.630499,2.0,0.0,0.0,0.0
2024-09-18 01:00:00,19.3305,0.0,0.0,0.0,0.0
2024-09-18 02:00:00,19.030499,1.0,0.0,0.0,0.0
2024-09-18 03:00:00,18.630499,0.0,0.0,0.0,0.0
2024-09-18 04:00:00,18.4305,3.0,0.0,0.0,0.0
2024-09-18 05:00:00,18.280499,5.0,0.0,0.0,0.0
2024-09-18 06:00:00,18.780499,1.0,1.0,0.0,25.0
2024-09-18 07:00:00,20.4305,1.0,105.0,359.56378,2625.0
2024-09-18 08:00:00,22.4305,6.0,338.0,644.0428,8450.0
2024-09-18 09:00:00,24.280499,0.0,566.0,744.0922,14150.0
2024-09-18 10:00:00,25.8305,20.0,778.0,845.4627,19450.0
2024-09-18 11:00:00,26.9305,11.0,833.0,734.89166,20825.0
2024-09-18 12:00:00,27.880499,13.0,955.0,833.63513,23875.0
2024-09-18 13:00:00,28.280499,19.0,944.0,837.47064,23600.0
2024-09-18 14:00:00,28.380499,22.0,852.0,807.952,21300.0
2024-09-18 15:00:00,27.9805,32.0,700.0,760.3244,17500.0
2024-09-18 16:00:00,26.1805,40.0,440.0,558.2613,11000.0
2024-09-18 17:00:00,24.880499,31.0,234.0,390.5971,5850.0
2024-09-18 18:00:00,23.630499,25.0,58.0,183.90152,1450.0
2024-09-18 19:00:00,22.5805,16.0,0.0,0.0,0.0
2024-09-18 20:00:00,21.4805,10.0,0.0,0.0,0.0
2024-09-18 21:00:00,20.6805,9.0,0.0,0.0,0.0
2024-09-18 22:00:00,20.1805,13.0,0.0,0.0,0.0
2024-09-18 23:00:00,19.780499,100.0,0.0,0.0,0.0
2024-09-19 00:00:00,20.0805,100.0,0.0,0.0,0.0
2024-09-19 01:00:00,20.0805,100.0,0.0,0.0,0.0
2024-09-19 02:00:00,20.2305,100.0,0.0,0.0,0.0
2024-09-19 03:00:00,20.1805,81.0,0.0,0.0,0.0
2024-09-19 04:00:00,20.030499,75.0,0.0,0.0,0.0
2024-09-19 05:00:00,19.880499,100.0,0.0,0.0,0.0
2024-09-19 06:00:00,19.4805,31.0,1.0,0.0,25.0
2024-09-19 07:00:00,20.780499,100.0,88.0,224.89655,2200.0
2024-09-19 08:00:00,22.530499,56.0,259.0,288.4306,6475.0
2024-09-19 09:00:00,24.030499,22.0,433.0,354.38934,10825.0
2024-09-19 10:00:00,25.3305,19.0,679.0,583.7379,16975.0
2024-09-19 11:00:00,26.4805,33.0,853.0,765.6649,21325.0
2024-09-19 12:00:00,27.4305,11.0,898.0,742.38776,22450.0
2024-09-19 13:00:00,27.7305,17.0,919.0,805.6106,22975.0
2024-09-19 14:00:00,28.030499,41.0,821.0,769.2681,20525.0
2024-09-19 15:00:00,24.030499,86.0,543.0,491.36954,13575.0
2024-09-19 16:00:00,24.280499,100.0,329.0,299.06125,8225.0
2024-09-19 17:00:00,23.530499,39.0,145.0,71.93326,3625.0
2024-09-19 18:00:00,22.9305,100.0,53.0,166.00314,1325.0
2024-09-19 19:00:00,22.530499,100.0,0.0,0.0,0.0
2024-09-19 20:00:00,22.280499,100.0,0.0,0.0,0.0
2024-09-19 21:00:00,21.880499,100.0,0.0,0.0,0.0
2024-09-19 22:00:00,21.4805,100.0,0.0,0.0,0.0
2024-09-19 23:00:00,21.1805,100.0,0.0,0.0,0.0
2024-09-20 00:00:00,20.8305,100.0,0.0,0.0,0.0
2024-09-20 01:00:00,20.7305,100.0,0.0,0.0,0.0
2024-09-20 02:00:00,20.530499,100.0,0.0,0.0,0.0
2024-09-20 03:00:00,20.4305,100.0,0.0,0.0,0.0
2024-09-20 04:00:00,20.3305,100.0,0.0,0.0,0.0
2024-09-20 05:00:00,20.1805,100.0,0.0,0.0,0.0
2024-09-20 06:00:00,20.7305,100.0,1.0,0.0,25.0
2024-09-20 07:00:00,21.3305,90.0,61.0,56.269737,1525.0
2024-09-20 08:00:00,22.880499,100.0,232.0,235.97269,5800.0
2024-09-20 09:00:00,24.280499,100.0,386.0,192.88014,9650.0
2024-09-20 10:00:00,25.630499,100.0,531.0,252.62009,13275.0
2024-09-20 11:00:00,26.880499,100.0,685.0,362.27225,17125.0
2024-09-20 12:00:00,27.7305,100.0,870.0,699.838,21750.0
2024-09-20 13:00:00,28.4305,100.0,863.0,645.59357,21575.0
2024-09-20 14:00:00,28.280499,99.0,634.0,307.84338,15850.0
2024-09-20 15:00:00,25.8305,81.0,568.0,458.39474,14200.0
2024-09-20 16:00:00,26.0805,69.0,308.0,236.98032,7700.0
2024-09-20 17:00:00,25.1805,72.0,180.0,258.4732,4500.0
2024-09-20 18:00:00,24.1805,30.0,52.0,167.85243,1300.0
2024-09-20 19:00:00,22.780499,28.0,0.0,0.0,0.0
2024-09-20 20:00:00,22.1805,35.0,0.0,0.0,0.0
2024-09-20 21:00:00,21.5805,10.0,0.0,0.0,0.0
2024-09-20 22:00:00,21.030499,84.0,0.0,0.0,0.0
2024-09-20 23:00:00,20.9805,100.0,0.0,0.0,0.0
2024-09-21 00:00:00,21.1805,100.0,0.0,0.0,0.0
2024-09-21 01:00:00,21.2305,100.0,0.0,0.0,0.0
2024-09-21 02:00:00,21.280499,100.0,0.0,0.0,0.0
2024-09-21 03:00:00,21.0805,100.0,0.0,0.0,0.0
2024-09-21 04:00:00,21.130499,100.0,0.0,0.0,0.0
2024-09-21 05:00:00,21.030499,100.0,0.0,0.0,0.0
2024-09-21 06:00:00,21.280499,100.0,0.0,0.0,0.0
2024-09-21 07:00:00,21.880499,93.0,70.0,95.742134,1750.0
2024-09-21 08:00:00,23.3305,79.0,279.0,366.86588,6975.0
2024-09-21 09:00:00,24.9305,97.0,507.0,556.2827,12675.0
2024-09-21 10:00:00,26.2305,99.0,707.0,688.44135,17675.0
2024-09-21 11:00:00,27.0805,100.0,835.0,692.23,20875.0
2024-09-21 12:00:00,27.780499,55.0,863.0,601.8981,21575.0
2024-09-21 13:00:00,28.2305,51.0,786.0,596.4518,19650.0
2024-09-21 14:00:00,28.280499,89.0,748.0,568.37726,18700.0
2024-09-21 15:00:00,27.880499,46.0,477.0,246.80322,11925.0
2024-09-21 16:00:00,26.380499,57.0,372.0,414.274,9300.0
2024-09-21 17:00:00,25.8305,77.0,176.0,272.6416,4400.0
2024-09-21 18:00:00,24.530499,91.0,38.0,81.477516,950.0
2024-09-21 19:00:00,23.0805,100.0,0.0,0.0,0.0
2024-09-21 20:00:00,22.880499,100.0,0.0,0.0,0.0
2024-09-21 21:00:00,22.3305,100.0,0.0,0.0,0.0
2024-09-21 22:00:00,21.6805,87.0,0.0,0.0,0.0
2024-09-21 23:00:00,21.280499,67.0,0.0,0.0,0.0
2024-09-22 00:00:00,20.9805,100.0,0.0,0.0,0.0
2024-09-22 01:00:00,21.030499,100.0,0.0,0.0,0.0
2024-09-22 02:00:00,20.9805,100.0,0.0,0.0,0.0
2024-09-22 03:00:00,20.880499,100.0,0.0,0.0,0.0
2024-09-22 04:00:00,20.8305,100.0,0.0,0.0,0.0
2024-09-22 05:00:00,20.780499,63.0,0.0,0.0,0.0
2024-09-22 06:00:00,20.880499,51.0,1.0,0.0,25.0
2024-09-22 07:00:00,21.9305,79.0,82.0,174.75397,2050.0
2024-09-22 08:00:00,23.4805,100.0,241.0,243.99467,6025.0
2024-09-22 09:00:00,24.530499,71.0,322.0,155.58931,8050.0
2024-09-22 10:00:00,25.6805,57.0,492.0,313.2893,12300.0
2024-09-22 11:00:00,27.030499,43.0,685.0,502.11945,17125.0
2024-09-22 12:00:00,28.3305,100.0,761.0,519.3322,19025.0
2024-09-22 13:00:00,26.4305,76.0,380.0,148.64201,9500.0
2024-09-22 14:00:00,27.030499,17.0,584.0,456.87057,14600.0
2024-09-22 15:00:00,27.530499,69.0,603.0,530.4428,15075.0
2024-09-22 16:00:00,23.4805,100.0,280.0,248.48215,7000.0
2024-09-22 17:00:00,23.1805,94.0,59.0,26.63652,1475.0
2024-09-22 18:00:00,22.8305,67.0,27.0,41.202232,675.0
2024-09-22 19:00:00,22.4805,24.0,0.0,0.0,0.0
2024-09-22 20:00:00,22.130499,56.0,0.0,0.0,0.0
2024-09-22 21:00:00,22.0805,100.0,0.0,0.0,0.0
2024-09-22 22:00:00,21.9305,87.0,0.0,0.0,0.0
2024-09-22 23:00:00,21.630499,34.0,0.0,0.0,0.0
2024-09-23 00:00:00,21.2305,42.0,0.0,0.0,0.0
2024-09-23 01:00:00,21.0805,81.0,0.0,0.0,0.0
2024-09-23 02:00:00,20.780499,100.0,0.0,0.0,0.0
2024-09-23 03:00:00,20.5805,100.0,0.0,0.0,0.0
2024-09-23 04:00:00,20.780499,100.0,0.0,0.0,0.0
2024-09-23 05:00:00,20.8305,100.0,0.0,0.0,0.0
2024-09-23 06:00:00,21.280499,100.0,1.0,0.0,25.0
2024-09-23 07:00:00,21.7305,100.0,30.0,0.0,750.0
2024-09-23 08:00:00,22.9305,100.0,125.0,12.59128,3125.0
2024-09-23 09:00:00,24.4805,100.0,270.0,75.4195,6750.0
2024-09-23 10:00:00,25.780499,100.0,470.0,218.92896,11750.0
2024-09-23 11:00:00,26.380499,83.0,572.0,244.74751,14300.0
2024-09-23 12:00:00,27.6805,100.0,831.0,641.6728,20775.0
2024-09-23 13:00:00,27.630499,100.0,480.0,124.66821,12000.0
2024-09-23 14:00:00,27.4305,100.0,461.0,180.9703,11525.0
2024-09-23 15:00:00,25.8305,100.0,469.0,294.59653,11725.0
2024-09-23 16:00:00,24.6805,100.0,193.0,28.758764,4825.0
2024-09-23 17:00:00,23.7305,100.0,106.0,47.809895,2650.0
2024-09-23 18:00:00,23.280499,100.0,38.0,48.62104,950.0
2024-09-23 19:00:00,22.880499,100.0,0.0,0.0,0.0
2024-09-23 20:00:00,22.380499,98.0,0.0,0.0,0.0
2024-09-23 21:00:00,21.880499,100.0,0.0,0.0,0.0
2024-09-23 22:00:00,21.880499,100.0,0.0,0.0,0.0
2024-09-23 23:00:00,21.7305,100.0,0.0,0.0,0.0
2024-09-24 00:00:00,21.1805,100.0,0.0,0.0,0.0
2024-09-24 01:00:00,21.0805,100.0,0.0,0.0,0.0
2024-09-24 02:00:00,21.030499,100.0,0.0,0.0,0.0
2024-09-24 03:00:00,21.1805,100.0,0.0,0.0,0.0
2024-09-24 04:00:00,21.130499,100.0,0.0,0.0,0.0
2024-09-24 05:00:00,21.280499,100.0,0.0,0.0,0.0
2024-09-24 06:00:00,21.4305,100.0,0.0,0.0,0.0
2024-09-24 07:00:00,22.030499,100.0,36.0,0.0,900.0
2024-09-24 08:00:00,22.8305,100.0,100.0,0.0,2500.0
2024-09-24 09:00:00,22.9805,100.0,100.0,0.0,2500.0
2024-09-24 10:00:00,23.9805,100.0,269.0,25.638454,6725.0
2024-09-24 11:00:00,24.4805,100.0,273.0,27.853952,6825.0
2024-09-24 12:00:00,26.2305,93.0,649.0,233.8538,16225.0
2024-09-24 13:00:00,27.2305,33.0,760.0,499.78967,19000.0
2024-09-24 14:00:00,28.0805,100.0,711.0,591.552,17775.0
2024-09-24 15:00:00,24.280499,100.0,173.0,0.0,4325.0
2024-09-24 16:00:00,23.630499,100.0,189.0,63.256493,4725.0
2024-09-24 17:00:00,23.030499,100.0,80.0,3.0170965,2000.0
2024-09-24 18:00:00,23.030499,100.0,20.0,28.104609,500.0
2024-09-24 19:00:00,22.5805,100.0,0.0,0.0,0.0
2024-09-24 20:00:00,22.1805,100.0,0.0,0.0,0.0
2024-09-24 21:00:00,22.1805,100.0,0.0,0.0,0.0
2024-09-24 22:00:00,22.0805,100.0,0.0,0.0,0.0
2024-09-24 23:00:00,21.880499,100.0,0.0,0.0,0.0
2024-09-25 00:00:00,21.7305,100.0,0.0,0.0,0.0
2024-09-25 01:00:00,21.780499,100.0,0.0,0.0,0.0
2024-09-25 02:00:00,21.7305,100.0,0.0,0.0,0.0
2024-09-25 03:00:00,21.630499,100.0,0.0,0.0,0.0
2024-09-25 04:00:00,21.7305,100.0,0.0,0.0,0.0
2024-09-25 05:00:00,21.530499,100.0,0.0,0.0,0.0
2024-09-25 06:00:00,21.630499,100.0,0.0,0.0,0.0
2024-09-25 07:00:00,22.2305,100.0,49.0,28.2811,1225.0
2024-09-25 08:00:00,23.1805,100.0,180.0,100.9865,4500.0
2024-09-25 09:00:00,22.6805,100.0,113.0,31.225817,2825.0
2024-09-25 10:00:00,22.5805,100.0,189.0,55.196644,4725.0
2024-09-25 11:00:00,22.8305,100.0,171.0,13.390707,4275.0
2024-09-25 12:00:00,23.2305,100.0,179.0,0.0,4475.0
2024-09-25 13:00:00,25.2305,100.0,513.0,150.70378,12825.0
2024-09-25 14:00:00,24.130499,100.0,154.0,0.0,3850.0
2024-09-25 15:00:00,23.630499,100.0,100.0,0.0,2500.0
2024-09-25 16:00:00,23.4305,100.0,104.0,0.0,2600.0
2024-09-25 17:00:00,22.9305,100.0,62.0,0.0,1550.0
2024-09-25 18:00:00,22.5805,99.0,29.0,35.538383,725.0
2024-09-25 19:00:00,22.030499,100.0,0.0,0.0,0.0
2024-09-25 20:00:00,21.4805,100.0,0.0,0.0,0.0
2024-09-25 21:00:00,21.5805,100.0,0.0,0.0,0.0
2024-09-25 22:00:00,21.380499,100.0,0.0,0.0,0.0
2024-09-25 23:00:00,21.280499,100.0,0.0,0.0,0.0
2024-09-26 00:00:00,21.3305,100.0,0.0,0.0,0.0
2024-09-26 01:00:00,21.3305,100.0,0.0,0.0,0.0
2024-09-26 02:00:00,21.1805,100.0,0.0,0.0,0.0
2024-09-26 03:00:00,21.1805,100.0,0.0,0.0,0.0
2024-09-26 04:00:00,21.0805,100.0,0.0,0.0,0.0
2024-09-26 05:00:00,20.9305,100.0,0.0,0.0,0.0
2024-09-26 06:00:00,21.030499,100.0,0.0,0.0,0.0
2024-09-26 07:00:00,21.780499,100.0,31.0,0.0,775.0
2024-09-26 08:00:00,22.880499,100.0,139.0,22.75434,3475.0
2024-09-26 09:00:00,23.4305,100.0,206.0,6.5824437,5150.0
2024-09-26 10:00:00,24.280499,100.0,292.0,46.27615,7300.0
2024-09-26 11:00:00,25.130499,100.0,295.0,5.588457,7375.0
2024-09-26 12:00:00,26.3305,67.0,730.0,444.21057,18250.0
2024-09-26 13:00:00,26.880499,91.0,793.0,581.8777,19825.0
2024-09-26 14:00:00,26.3305,83.0,708.0,584.59595,17700.0
2024-09-26 15:00:00,25.9805,100.0,583.0,564.5462,14575.0
2024-09-26 16:00:00,25.130499,100.0,380.0,385.59302,9500.0
2024-09-26 17:00:00,24.0805,100.0,182.0,190.73195,4550.0
2024-09-26 18:00:00,23.3305,99.0,43.0,107.85683,1075.0
2024-09-26 19:00:00,22.3305,100.0,0.0,0.0,0.0
2024-09-26 20:00:00,22.130499,100.0,0.0,0.0,0.0
2024-09-26 21:00:00,21.530499,100.0,0.0,0.0,0.0
2024-09-26 22:00:00,21.530499,100.0,0.0,0.0,0.0
2024-09-26 23:00:00,21.6805,100.0,0.0,0.0,0.0
2024-09-27 00:00:00,21.630499,100.0,0.0,0.0,0.0
2024-09-27 01:00:00,21.4805,100.0,0.0,0.0,0.0
2024-09-27 02:00:00,21.4305,100.0,0.0,0.0,0.0
2024-09-27 03:00:00,21.130499,100.0,0.0,0.0,0.0
2024-09-27 04:00:00,21.1805,100.0,0.0,0.0,0.0
2024-09-27 05:00:00,21.130499,100.0,0.0,0.0,0.0
2024-09-27 06:00:00,21.380499,100.0,0.0,0.0,0.0
2024-09-27 07:00:00,21.7305,100.0,38.0,0.0,950.0
2024-09-27 08:00:00,23.030499,100.0,185.0,129.13913,4625.0
2024-09-27 09:00:00,23.5805,100.0,343.0,217.52228,8575.0
2024-09-27 10:00:00,24.4805,100.0,458.0,276.77853,11450.0
2024-09-27 11:00:00,25.8305,100.0,614.0,277.64984,15350.0
2024-09-27 12:00:00,26.1805,100.0,633.0,202.50085,15825.0
2024-09-27 13:00:00,27.130499,100.0,671.0,419.04666,16775.0
2024-09-27 14:00:00,26.1805,100.0,679.0,468.13068,16975.0
2024-09-27 15:00:00,24.9805,100.0,423.0,204.4643,10575.0
2024-09-27 16:00:00,24.3305,100.0,263.0,132.31046,6575.0
2024-09-27 17:00:00,23.0805,100.0,126.0,49.70354,3150.0
2024-09-27 18:00:00,22.4305,100.0,36.0,72.742966,900.0
2024-09-27 19:00:00,21.9805,100.0,0.0,0.0,0.0
2024-09-27 20:00:00,21.630499,100.0,0.0,0.0,0.0
2024-09-27 21:00:00,21.780499,96.0,0.0,0.0,0.0
2024-09-27 22:00:00,21.3305,100.0,0.0,0.0,0.0
2024-09-27 23:00:00,21.4305,95.0,0.0,0.0,0.0
2024-09-28 00:00:00,21.1805,97.0,0.0,0.0,0.0
2024-09-28 01:00:00,21.030499,100.0,0.0,0.0,0.0
2024-09-28 02:00:00,21.1805,100.0,0.0,0.0,0.0
2024-09-28 03:00:00,21.280499,98.0,0.0,0.0,0.0
2024-09-28 04:00:00,21.0805,100.0,0.0,0.0,0.0
2024-09-28 05:00:00,21.1805,100.0,0.0,0.0,0.0
2024-09-28 06:00:00,20.9805,94.0,1.0,0.0,25.0
2024-09-28 07:00:00,21.8305,93.0,64.0,113.61384,1600.0
2024-09-28 08:00:00,23.2305,100.0,243.0,314.5034,6075.0
2024-09-28 09:00:00,24.5805,93.0,344.0,257.4502,8600.0
2024-09-28 10:00:00,25.530499,100.0,457.0,224.34229,11425.0
2024-09-28 11:00:00,26.280499,72.0,506.0,135.6996,12650.0
2024-09-28 12:00:00,27.6805,36.0,861.0,718.6268,21525.0
2024-09-28 13:00:00,27.9305,36.0,802.0,632.7505,20050.0
2024-09-28 14:00:00,27.9305,62.0,684.0,559.0139,17100.0
2024-09-28 15:00:00,27.8305,40.0,577.0,495.9313,14425.0
2024-09-28 16:00:00,26.6805,34.0,384.0,450.886,9600.0
2024-09-28 17:00:00,25.9305,62.0,193.0,345.0607,4825.0
2024-09-28 18:00:00,24.4305,26.0,38.0,117.74492,950.0
2024-09-28 19:00:00,23.4305,5.0,0.0,0.0,0.0
2024-09-28 20:00:00,22.530499,5.0,0.0,0.0,0.0
2024-09-28 21:00:00,21.9805,4.0,0.0,0.0,0.0
2024-09-28 22:00:00,21.4305,11.0,0.0,0.0,0.0
2024-09-28 23:00:00,21.0805,13.0,0.0,0.0,0.0
2024-09-29 00:00:00,20.780499,11.0,0.0,0.0,0.0
2024-09-29 01:00:00,20.530499,12.0,0.0,0.0,0.0
2024-09-29 02:00:00,20.380499,39.0,0.0,0.0,0.0
2024-09-29 03:00:00,20.2305,57.0,0.0,0.0,0.0
2024-09-29 04:00:00,20.0805,100.0,0.0,0.0,0.0
2024-09-29 05:00:00,19.9305,100.0,0.0,0.0,0.0
2024-09-29 06:00:00,20.2305,32.0,1.0,0.0,25.0
2024-09-29 07:00:00,21.4805,7.0,89.0,261.75305,2225.0
2024-09-29 08:00:00,23.4305,5.0,311.0,564.06146,7775.0
2024-09-29 09:00:00,25.3305,0.0,542.0,709.09125,13550.0
2024-09-29 10:00:00,26.7305,30.0,736.0,789.04224,18400.0
2024-09-29 11:00:00,27.7305,30.0,774.0,663.97516,19350.0
2024-09-29 12:00:00,28.530499,38.0,849.0,701.036,21225.0
2024-09-29 13:00:00,28.7305,42.0,768.0,586.0761,19200.0
2024-09-29 14:00:00,28.6805,24.0,682.0,571.1844,17050.0
2024-09-29 15:00:00,28.880499,25.0,618.0,632.018,15450.0
2024-09-29 16:00:00,28.6805,54.0,436.0,590.90936,10900.0
2024-09-29 17:00:00,26.880499,100.0,196.0,307.26456,4900.0
2024-09-29 18:00:00,24.2305,75.0,28.0,67.00346,700.0
2024-09-29 19:00:00,23.9805,77.0,0.0,0.0,0.0
2024-09-29 20:00:00,23.530499,96.0,0.0,0.0,0.0
2024-09-29 21:00:00,23.2305,100.0,0.0,0.0,0.0
2024-09-29 22:00:00,22.7305,100.0,0.0,0.0,0.0
2024-09-29 23:00:00,21.9305,99.0,0.0,0.0,0.0
2024-09-30 00:00:00,21.530499,100.0,0.0,0.0,0.0
2024-09-30 01:00:00,21.4805,100.0,0.0,0.0,0.0
2024-09-30 02:00:00,21.2305,100.0,0.0,0.0,0.0
2024-09-30 03:00:00,21.1805,100.0,0.0,0.0,0.0
2024-09-30 04:00:00,20.8305,100.0,0.0,0.0,0.0
2024-09-30 05:00:00,20.8305,86.0,0.0,0.0,0.0
2024-09-30 06:00:00,21.2305,79.0,1.0,0.0,25.0
2024-09-30 07:00:00,22.3305,74.0,90.0,250.81567,2250.0
2024-09-30 08:00:00,23.9805,17.0,309.0,554.9264,7725.0
2024-09-30 09:00:00,25.630499,0.0,540.0,706.9312,13500.0
2024-09-30 10:00:00,27.030499,18.0,732.0,781.30194,18300.0
2024-09-30 11:00:00,27.9305,35.0,800.0,697.8329,20000.0
2024-09-30 12:00:00,28.380499,43.0,762.0,577.2885,19050.0
2024-09-30 13:00:00,28.6805,33.0,784.0,625.12915,19600.0
2024-09-30 14:00:00,28.9305,100.0,771.0,685.1817,19275.0
2024-09-30 15:00:00,28.5805,100.0,423.0,202.71626,10575.0
2024-09-30 16:00:00,25.6805,100.0,181.0,57.93069,4525.0
2024-09-30 17:00:00,25.630499,66.0,107.0,60.78542,2675.0
2024-09-30 18:00:00,23.630499,96.0,28.0,67.79691,700.0
2024-09-30 19:00:00,23.3305,90.0,0.0,0.0,0.0
2024-09-30 20:00:00,23.130499,81.0,0.0,0.0,0.0
2024-09-30 21:00:00,22.3305,53.0,0.0,0.0,0.0
2024-09-30 22:00:00,21.9805,75.0,0.0,0.0,0.0
2024-09-30 23:00:00,21.780499,93.0,0.0,0.0,0.0
2024-10-01 00:00:00,21.6805,29.0,0.0,0.0,0.0
2024-10-01 01:00:00,21.3305,1.0,0.0,0.0,0.0
2024-10-01 02:00:00,21.030499,0.0,0.0,0.0,0.0
2024-10-01 03:00:00,20.780499,27.0,0.0,0.0,0.0
2024-10-01 04:00:00,20.780499,52.0,0.0,0.0,0.0
2024-10-01 05:00:00,20.880499,78.0,0.0,0.0,0.0
2024-10-01 06:00:00,21.5805,0.0,1.0,0.0,25.0
2024-10-01 07:00:00,23.1805,3.0,93.0,302.66977,2325.0
2024-10-01 08:00:00,24.8305,0.0,314.0,584.04443,7850.0
2024-10-01 09:00:00,26.630499,5.0,544.0,724.7031,13600.0
2024-10-01 10:00:00,28.1805,13.0,738.0,800.7884,18450.0
2024-10-01 11:00:00,29.130499,17.0,828.0,765.68427,20700.0
2024-10-01 12:00:00,29.530499,35.0,858.0,740.1849,21450.0
2024-10-01 13:00:00,29.530499,46.0,825.0,650.4142,20625.0
2024-10-01 14:00:00,29.530499,24.0,692.0,616.9498,17300.0
2024-10-01 15:00:00,29.3305,13.0,602.0,646.85693,15050.0
2024-10-01 16:00:00,29.4305,9.0,434.0,614.5936,10850.0
2024-10-01 17:00:00,26.630499,75.0,218.0,462.12564,5450.0
2024-10-01 18:00:00,24.9805,75.0,32.0,99.10854,800.0
2024-10-01 19:00:00,23.630499,81.0,0.0,0.0,0.0
2024-10-01 20:00:00,23.030499,73.0,0.0,0.0,0.0
2024-10-01 21:00:00,23.130499,41.0,0.0,0.0,0.0
2024-10-01 22:00:00,22.7305,11.0,0.0,0.0,0.0
2024-10-01 23:00:00,22.2305,83.0,0.0,0.0,0.0
2024-10-02 00:00:00,21.630499,53.0,0.0,0.0,0.0
2024-10-02 01:00:00,21.6805,79.0,0.0,0.0,0.0
2024-10-02 02:00:00,21.3305,86.0,0.0,0.0,0.0
2024-10-02 03:00:00,21.280499,100.0,0.0,0.0,0.0
2024-10-02 04:00:00,21.0805,100.0,0.0,0.0,0.0
2024-10-02 05:00:00,21.6805,100.0,0.0,0.0,0.0
2024-10-02 06:00:00,20.9805,90.0,1.0,0.0,25.0
2024-10-02 07:00:00,22.780499,21.0,92.0,280.35315,2300.0
2024-10-02 08:00:00,24.380499,86.0,307.0,541.7589,7675.0
2024-10-02 09:00:00,26.0805,95.0,536.0,696.06323,13400.0
2024-10-02 10:00:00,27.5805,77.0,704.0,716.5409,17600.0
2024-10-02 11:00:00,28.4305,84.0,810.0,744.5784,20250.0
2024-10-02 12:00:00,28.630499,74.0,828.0,671.4807,20700.0
2024-10-02 13:00:00,29.030499,18.0,828.0,669.38605,20700.0
2024-10-02 14:00:00,29.280499,100.0,782.0,750.7023,19550.0
2024-10-02 15:00:00,24.880499,95.0,379.0,197.37541,9475.0
2024-10-02 16:00:00,24.3305,91.0,335.0,319.48975,8375.0
2024-10-02 17:00:00,23.9805,95.0,112.0,111.00647,2800.0
2024-10-02 18:00:00,24.5805,94.0,29.0,77.169876,725.0
2024-10-02 19:00:00,23.7305,82.0,0.0,0.0,0.0
2024-10-02 20:00:00,23.2305,100.0,0.0,0.0,0.0
2024-10-02 21:00:00,22.8305,100.0,0.0,0.0,0.0
2024-10-02 22:00:00,22.4305,100.0,0.0,0.0,0.0
2024-10-02 23:00:00,22.130499,100.0,0.0,0.0,0.0
2024-10-03 00:00:00,21.880499,100.0,0.0,0.0,0.0
2024-10-03 01:00:00,21.7305,100.0,0.0,0.0,0.0
2024-10-03 02:00:00,21.6805,100.0,0.0,0.0,0.0
2024-10-03 03:00:00,21.8305,100.0,0.0,0.0,0.0
2024-10-03 04:00:00,21.8305,100.0,0.0,0.0,0.0
2024-10-03 05:00:00,21.7305,100.0,0.0,0.0,0.0
2024-10-03 06:00:00,21.4305,100.0,0.0,0.0,0.0
2024-10-03 07:00:00,21.7305,100.0,58.0,22.9305,1450.0
2024-10-03 08:00:00,23.780499,96.0,231.0,199.73602,5775.0
2024-10-03 09:00:00,25.630499,99.0,472.0,446.01794,11800.0
2024-10-03 10:00:00,27.2305,92.0,700.0,684.04706,17500.0
2024-10-03 11:00:00,27.9805,98.0,776.0,595.49866,19400.0
2024-10-03 12:00:00,28.7305,100.0,849.0,710.3971,21225.0
2024-10-03 13:00:00,28.880499,99.0,783.0,557.505,19575.0
2024-10-03 14:00:00,27.8305,100.0,754.0,662.2442,18850.0
2024-10-03 15:00:00,26.0805,100.0,426.0,299.4091,10650.0
2024-10-03 16:00:00,24.4805,100.0,277.0,209.18343,6925.0
2024-10-03 17:00:00,24.3305,100.0,173.0,263.917,4325.0
2024-10-03 18:00:00,24.2305,100.0,28.0,54.688866,700.0
2024-10-03 19:00:00,23.530499,100.0,0.0,0.0,0.0
2024-10-03 20:00:00,23.030499,100.0,0.0,0.0,0.0
2024-10-03 21:00:00,22.630499,100.0,0.0,0.0,0.0
2024-10-03 22:00:00,22.1805,100.0,0.0,0.0,0.0
2024-10-03 23:00:00,21.780499,100.0,0.0,0.0,0.0
2024-10-04 00:00:00,21.4305,100.0,0.0,0.0,0.0
2024-10-04 01:00:00,21.4305,100.0,0.0,0.0,0.0
2024-10-04 02:00:00,21.380499,100.0,0.0,0.0,0.0
2024-10-04 03:00:00,21.380499,100.0,0.0,0.0,0.0
2024-10-04 04:00:00,21.130499,100.0,0.0,0.0,0.0
2024-10-04 05:00:00,21.030499,100.0,0.0,0.0,0.0
2024-10-04 06:00:00,21.3305,100.0,0.0,0.0,0.0
2024-10-04 07:00:00,21.9305,100.0,52.0,51.6979,1300.0
2024-10-04 08:00:00,23.6805,93.0,213.0,148.83846,5325.0
2024-10-04 09:00:00,25.280499,98.0,442.0,415.17245,11050.0
2024-10-04 10:00:00,26.6805,98.0,689.0,654.0765,17225.0
2024-10-04 11:00:00,27.8305,97.0,847.0,771.4341,21175.0
2024-10-04 12:00:00,28.7305,83.0,912.0,800.925,22800.0
2024-10-04 13:00:00,29.1805,100.0,896.0,790.2293,22400.0
2024-10-04 14:00:00,28.9305,91.0,752.0,709.43787,18800.0
2024-10-04 15:00:00,27.6805,32.0,556.0,567.47656,13900.0
2024-10-04 16:00:00,26.4305,68.0,390.0,506.96063,9750.0
2024-10-04 17:00:00,25.880499,74.0,199.0,420.06006,4975.0
2024-10-04 18:00:00,24.130499,81.0,32.0,102.8393,800.0
2024-10-04 19:00:00,23.6805,9.0,0.0,0.0,0.0
2024-10-04 20:00:00,23.030499,7.0,0.0,0.0,0.0
2024-10-04 21:00:00,22.530499,85.0,0.0,0.0,0.0
2024-10-04 22:00:00,21.9805,76.0,0.0,0.0,0.0
2024-10-04 23:00:00,21.6805,100.0,0.0,0.0,0.0
2024-10-05 00:00:00,21.6805,100.0,0.0,0.0,0.0
2024-10-05 01:00:00,21.8305,99.0,0.0,0.0,0.0
2024-10-05 02:00:00,21.8305,64.0,0.0,0.0,0.0
2024-10-05 03:00:00,21.030499,99.0,0.0,0.0,0.0
2024-10-05 04:00:00,21.130499,100.0,0.0,0.0,0.0
2024-10-05 05:00:00,21.130499,49.0,0.0,0.0,0.0
2024-10-05 06:00:00,20.9305,98.0,0.0,0.0,0.0
2024-10-05 07:00:00,22.030499,81.0,77.0,120.881294,1925.0
2024-10-05 08:00:00,23.630499,6.0,285.0,429.5023,7125.0
2024-10-05 09:00:00,25.380499,8.0,525.0,673.24884,13125.0
2024-10-05 10:00:00,26.6805,40.0,683.0,685.3861,17075.0
2024-10-05 11:00:00,27.7305,100.0,821.0,734.41583,20525.0
2024-10-05 12:00:00,28.4305,100.0,829.0,627.88513,20725.0
2024-10-05 13:00:00,28.4805,100.0,690.0,410.36087,17250.0
2024-10-05 14:00:00,28.630499,100.0,668.0,408.79004,16700.0
2024-10-05 15:00:00,27.9305,100.0,479.0,267.94308,11975.0
2024-10-05 16:00:00,24.780499,100.0,281.0,161.66917,7025.0
2024-10-05 17:00:00,24.780499,100.0,133.0,124.66786,3325.0
2024-10-05 18:00:00,23.280499,83.0,17.0,8.011052,425.0
2024-10-05 19:00:00,22.1805,94.0,0.0,0.0,0.0
2024-10-05 20:00:00,21.5805,97.0,0.0,0.0,0.0
2024-10-05 21:00:00,21.380499,95.0,0.0,0.0,0.0
2024-10-05 22:00:00,21.4805,57.0,0.0,0.0,0.0
2024-10-05 23:00:00,21.130499,61.0,0.0,0.0,0.0
2024-10-06 00:00:00,20.6805,100.0,0.0,0.0,0.0
2024-10-06 01:00:00,20.9805,100.0,0.0,0.0,0.0
2024-10-06 02:00:00,20.7305,100.0,0.0,0.0,0.0
2024-10-06 03:00:00,21.0805,100.0,0.0,0.0,0.0
2024-10-06 04:00:00,21.130499,100.0,0.0,0.0,0.0
2024-10-06 05:00:00,21.130499,100.0,0.0,0.0,0.0
2024-10-06 06:00:00,21.0805,94.0,0.0,0.0,0.0
2024-10-06 07:00:00,22.030499,52.0,78.0,167.29597,1950.0
2024-10-06 08:00:00,23.9305,53.0,282.0,407.29236,7050.0
2024-10-06 09:00:00,25.5805,31.0,483.0,562.44696,12075.0
2024-10-06 10:00:00,26.530499,37.0,666.0,669.7675,16650.0
2024-10-06 11:00:00,27.4805,51.0,707.0,563.97375,17675.0
2024-10-06 12:00:00,28.530499,100.0,830.0,712.26117,20750.0
2024-10-06 13:00:00,28.0805,100.0,409.0,80.77569,10225.0
2024-10-06 14:00:00,26.9305,77.0,308.0,59.619247,7700.0
2024-10-06 15:00:00,26.3305,69.0,450.0,383.0118,11250.0
2024-10-06 16:00:00,24.9805,30.0,320.0,398.89423,8000.0
2024-10-06 17:00:00,24.630499,28.0,192.0,361.00436,4800.0
2024-10-06 18:00:00,23.7305,15.0,29.0,97.36275,725.0
2024-10-06 19:00:00,22.8305,19.0,0.0,0.0,0.0
2024-10-06 20:00:00,22.2305,23.0,0.0,0.0,0.0
2024-10-06 21:00:00,22.030499,17.0,0.0,0.0,0.0
2024-10-06 22:00:00,21.6805,25.0,0.0,0.0,0.0
2024-10-06 23:00:00,21.1805,28.0,0.0,0.0,0.0
2024-10-07 00:00:00,20.7305,55.0,0.0,0.0,0.0
2024-10-07 01:00:00,20.4805,87.0,0.0,0.0,0.0
2024-10-07 02:00:00,19.9805,94.0,0.0,0.0,0.0
2024-10-07 03:00:00,20.4305,99.0,0.0,0.0,0.0
2024-10-07 04:00:00,21.0805,66.0,0.0,0.0,0.0
2024-10-07 05:00:00,20.9805,100.0,0.0,0.0,0.0
2024-10-07 06:00:00,21.2305,81.0,0.0,0.0,0.0
2024-10-07 07:00:00,22.4305,33.0,87.0,254.40662,2175.0
2024-10-07 08:00:00,24.0805,4.0,298.0,537.46906,7450.0
2024-10-07 09:00:00,25.630499,8.0,526.0,692.7812,13150.0
2024-10-07 10:00:00,27.0805,14.0,708.0,751.1278,17700.0
2024-10-07 11:00:00,28.030499,14.0,808.0,726.2385,20200.0
2024-10-07 12:00:00,28.7305,26.0,862.0,758.2557,21550.0
2024-10-07 13:00:00,29.0805,16.0,835.0,708.2683,20875.0
2024-10-07 14:00:00,28.9305,23.0,756.0,728.6638,18900.0
2024-10-07 15:00:00,28.1805,61.0,494.0,490.51337,12350.0
2024-10-07 16:00:00,26.3305,58.0,321.0,370.17273,8025.0
2024-10-07 17:00:00,26.6805,44.0,145.0,237.54422,3625.0
2024-10-07 18:00:00,25.030499,62.0,25.0,73.96306,625.0
2024-10-07 19:00:00,24.780499,46.0,0.0,0.0,0.0
2024-10-07 20:00:00,23.630499,40.0,0.0,0.0,0.0
2024-10-07 21:00:00,22.880499,80.0,0.0,0.0,0.0
2024-10-07 22:00:00,23.0805,100.0,0.0,0.0,0.0
2024-10-07 23:00:00,22.880499,100.0,0.0,0.0,0.0
2024-10-08 00:00:00,21.4805,100.0,0.0,0.0,0.0
2024-10-08 01:00:00,20.8305,100.0,0.0,0.0,0.0
2024-10-08 02:00:00,22.130499,100.0,0.0,0.0,0.0
2024-10-08 03:00:00,20.9305,100.0,0.0,0.0,0.0
2024-10-08 04:00:00,21.3305,100.0,0.0,0.0,0.0
2024-10-08 05:00:00,21.0805,100.0,0.0,0.0,0.0
2024-10-08 06:00:00,21.6805,100.0,0.0,0.0,0.0
2024-10-08 07:00:00,22.4805,100.0,73.0,104.3229,1825.0
2024-10-08 08:00:00,23.3305,100.0,201.0,82.89402,5025.0
2024-10-08 09:00:00,24.2305,100.0,280.0,48.750584,7000.0
2024-10-08 10:00:00,25.8305,99.0,500.0,191.79831,12500.0
2024-10-08 11:00:00,27.1805,87.0,730.0,479.5442,18250.0
2024-10-08 12:00:00,28.380499,63.0,854.0,726.6579,21350.0
2024-10-08 13:00:00,28.9805,100.0,814.0,638.9695,20350.0
2024-10-08 14:00:00,28.630499,100.0,588.0,279.75372,14700.0
2024-10-08 15:00:00,27.880499,100.0,306.0,43.09125,7650.0
2024-10-08 16:00:00,27.4305,100.0,190.0,62.72998,4750.0
2024-10-08 17:00:00,24.7305,96.0,80.0,73.08521,2000.0
2024-10-08 18:00:00,24.030499,100.0,12.0,16.649137,300.0
2024-10-08 19:00:00,23.280499,88.0,0.0,0.0,0.0
2024-10-08 20:00:00,22.880499,100.0,0.0,0.0,0.0
2024-10-08 21:00:00,22.0805,100.0,0.0,0.0,0.0
2024-10-08 22:00:00,21.5805,100.0,0.0,0.0,0.0
2024-10-08 23:00:00,21.4305,100.0,0.0,0.0,0.0
2024-10-09 00:00:00,21.3305,100.0,0.0,0.0,0.0
2024-10-09 01:00:00,21.2305,100.0,0.0,0.0,0.0
2024-10-09 02:00:00,21.280499,100.0,0.0,0.0,0.0
2024-10-09 03:00:00,21.0805,93.0,0.0,0.0,0.0
2024-10-09 04:00:00,20.9805,100.0,0.0,0.0,0.0
2024-10-09 05:00:00,21.0805,100.0,0.0,0.0,0.0
2024-10-09 06:00:00,21.1805,100.0,0.0,0.0,0.0
2024-10-09 07:00:00,21.4805,100.0,29.0,0.0,725.0
2024-10-09 08:00:00,22.4305,100.0,137.0,20.777435,3425.0
2024-10-09 09:00:00,23.6805,100.0,296.0,64.022804,7400.0
2024-10-09 10:00:00,25.4305,100.0,481.0,192.22278,12025.0
2024-10-09 11:00:00,26.380499,97.0,521.0,170.92943,13025.0
2024-10-09 12:00:00,27.5805,89.0,780.0,494.3634,19500.0
2024-10-09 13:00:00,28.4805,73.0,794.0,613.3289,19850.0
2024-10-09 14:00:00,28.4805,99.0,660.0,471.10934,16500.0
2024-10-09 15:00:00,26.780499,66.0,240.0,36.068745,6000.0
2024-10-09 16:00:00,24.280499,77.0,306.0,291.92462,7650.0
2024-10-09 17:00:00,24.0805,70.0,159.0,246.2866,3975.0
2024-10-09 18:00:00,22.6805,100.0,24.0,50.596878,600.0
2024-10-09 19:00:00,22.4305,100.0,0.0,0.0,0.0
2024-10-09 20:00:00,21.380499,100.0,0.0,0.0,0.0
2024-10-09 21:00:00,20.9805,99.0,0.0,0.0,0.0
2024-10-09 22:00:00,20.8305,99.0,0.0,0.0,0.0
2024-10-09 23:00:00,20.8305,100.0,0.0,0.0,0.0
2024-10-10 00:00:00,20.9305,100.0,0.0,0.0,0.0
2024-10-10 01:00:00,20.7305,55.0,0.0,0.0,0.0
2024-10-10 02:00:00,20.380499,31.0,0.0,0.0,0.0
2024-10-10 03:00:00,20.280499,9.0,0.0,0.0,0.0
2024-10-10 04:00:00,20.130499,8.0,0.0,0.0,0.0
2024-10-10 05:00:00,20.130499,20.0,0.0,0.0,0.0
2024-10-10 06:00:00,20.630499,62.0,0.0,0.0,0.0
2024-10-10 07:00:00,21.4305,82.0,76.0,168.93054,1900.0
2024-10-10 08:00:00,23.1805,100.0,244.0,278.65186,6100.0
2024-10-10 09:00:00,24.030499,89.0,255.0,55.72735,6375.0
2024-10-10 10:00:00,25.8305,57.0,542.0,277.1142,13550.0
2024-10-10 11:00:00,26.9305,100.0,715.0,492.16788,17875.0
2024-10-10 12:00:00,27.7305,100.0,683.0,248.91853,17075.0
2024-10-10 13:00:00,27.780499,55.0,485.0,147.99268,12125.0
2024-10-10 14:00:00,27.780499,58.0,594.0,357.9102,14850.0
2024-10-10 15:00:00,25.3305,98.0,465.0,392.72855,11625.0
2024-10-10 16:00:00,23.9305,90.0,275.0,216.33388,6875.0
2024-10-10 17:00:00,22.9305,99.0,129.0,103.15366,3225.0
2024-10-10 18:00:00,22.3305,100.0,7.0,0.0,175.0
2024-10-10 19:00:00,21.9805,100.0,0.0,0.0,0.0
2024-10-10 20:00:00,21.9305,100.0,0.0,0.0,0.0
2024-10-10 21:00:00,21.5805,100.0,0.0,0.0,0.0
2024-10-10 22:00:00,21.4805,100.0,0.0,0.0,0.0
2024-10-10 23:00:00,21.1805,99.0,0.0,0.0,0.0
2024-10-11 00:00:00,21.0805,100.0,0.0,0.0,0.0
2024-10-11 01:00:00,20.9805,95.0,0.0,0.0,0.0
2024-10-11 02:00:00,20.9305,97.0,0.0,0.0,0.0
2024-10-11 03:00:00,20.8305,90.0,0.0,0.0,0.0
2024-10-11 04:00:00,20.7305,76.0,0.0,0.0,0.0
2024-10-11 05:00:00,20.5805,75.0,0.0,0.0,0.0
2024-10-11 06:00:00,20.780499,100.0,0.0,0.0,0.0
2024-10-11 07:00:00,21.5805,100.0,69.0,105.138054,1725.0
2024-10-11 08:00:00,22.8305,100.0,179.0,99.23991,4475.0
2024-10-11 09:00:00,24.280499,74.0,328.0,172.6603,8200.0
2024-10-11 10:00:00,25.780499,80.0,584.0,435.1615,14600.0
2024-10-11 11:00:00,26.6805,97.0,684.0,465.7067,17100.0
2024-10-11 12:00:00,27.9305,95.0,879.0,786.8964,21975.0
2024-10-11 13:00:00,28.4805,33.0,801.0,703.43005,20025.0
2024-10-11 14:00:00,28.1805,20.0,719.0,644.3545,17975.0
2024-10-11 15:00:00,25.280499,77.0,568.0,548.78516,14200.0
2024-10-11 16:00:00,25.1805,44.0,308.0,327.5149,7700.0
2024-10-11 17:00:00,23.9805,55.0,176.0,352.41684,4400.0
2024-10-11 18:00:00,22.9305,69.0,20.0,51.923332,500.0
2024-10-11 19:00:00,22.2305,36.0,0.0,0.0,0.0
2024-10-11 20:00:00,21.880499,57.0,0.0,0.0,0.0
2024-10-11 21:00:00,21.530499,98.0,0.0,0.0,0.0
2024-10-11 22:00:00,21.4805,47.0,0.0,0.0,0.0
2024-10-11 23:00:00,20.9805,100.0,0.0,0.0,0.0
2024-10-12 00:00:00,20.880499,54.0,0.0,0.0,0.0
2024-10-12 01:00:00,20.4305,43.0,0.0,0.0,0.0
2024-10-12 02:00:00,20.4305,100.0,0.0,0.0,0.0
2024-10-12 03:00:00,20.530499,83.0,0.0,0.0,0.0
2024-10-12 04:00:00,20.280499,43.0,0.0,0.0,0.0
2024-10-12 05:00:00,20.3305,16.0,0.0,0.0,0.0
2024-10-12 06:00:00,20.530499,59.0,0.0,0.0,0.0
2024-10-12 07:00:00,21.5805,98.0,72.0,158.15524,1800.0
2024-10-12 08:00:00,23.0805,100.0,243.0,293.35718,6075.0
2024-10-12 09:00:00,24.1805,100.0,293.0,117.08865,7325.0
2024-10-12 10:00:00,25.2305,100.0,403.0,137.88916,10075.0
2024-10-12 11:00:00,26.0805,100.0,535.0,223.03436,13375.0
2024-10-12 12:00:00,27.530499,99.0,800.0,552.97656,20000.0
2024-10-12 13:00:00,28.2305,96.0,735.0,470.01553,18375.0
2024-10-12 14:00:00,28.1805,70.0,569.0,260.61563,14225.0
2024-10-12 15:00:00,27.4305,26.0,427.0,296.82288,10675.0
2024-10-12 16:00:00,27.3305,100.0,390.0,558.62036,9750.0
2024-10-12 17:00:00,25.380499,78.0,169.0,287.20633,4225.0
2024-10-12 18:00:00,24.1805,64.0,19.0,52.59781,475.0
2024-10-12 19:00:00,23.4805,59.0,0.0,0.0,0.0
2024-10-12 20:00:00,22.630499,99.0,0.0,0.0,0.0
2024-10-12 21:00:00,22.7305,99.0,0.0,0.0,0.0
2024-10-12 22:00:00,21.9305,95.0,0.0,0.0,0.0
2024-10-12 23:00:00,21.530499,29.0,0.0,0.0,0.0
2024-10-13 00:00:00,21.5805,12.0,0.0,0.0,0.0
2024-10-13 01:00:00,20.9305,70.0,0.0,0.0,0.0
2024-10-13 02:00:00,21.280499,99.0,0.0,0.0,0.0
2024-10-13 03:00:00,21.280499,94.0,0.0,0.0,0.0
2024-10-13 04:00:00,21.0805,98.0,0.0,0.0,0.0
2024-10-13 05:00:00,20.630499,93.0,0.0,0.0,0.0
2024-10-13 06:00:00,21.280499,19.0,0.0,0.0,0.0
2024-10-13 07:00:00,22.4805,16.0,81.0,223.24974,2025.0
2024-10-13 08:00:00,23.8305,100.0,293.0,517.5763,7325.0
2024-10-13 09:00:00,25.3305,29.0,402.0,324.94388,10050.0
2024-10-13 10:00:00,26.5805,18.0,612.0,576.841,15300.0
2024-10-13 11:00:00,27.6805,35.0,774.0,711.35657,19350.0
2024-10-13 12:00:00,28.4305,98.0,776.0,539.15466,19400.0
2024-10-13 13:00:00,26.530499,40.0,368.0,78.01995,9200.0
2024-10-13 14:00:00,27.880499,15.0,669.0,576.88684,16725.0
2024-10-13 15:00:00,28.4305,8.0,605.0,694.70703,15125.0
2024-10-13 16:00:00,25.9305,44.0,368.0,513.5473,9200.0
2024-10-13 17:00:00,23.4305,26.0,159.0,301.36868,3975.0
2024-10-13 18:00:00,23.380499,18.0,16.0,53.277645,400.0
2024-10-13 19:00:00,22.6805,27.0,0.0,0.0,0.0
2024-10-13 20:00:00,22.3305,76.0,0.0,0.0,0.0
2024-10-13 21:00:00,22.0805,92.0,0.0,0.0,0.0
2024-10-13 22:00:00,21.2305,100.0,0.0,0.0,0.0
2024-10-13 23:00:00,20.9805,91.0,0.0,0.0,0.0
2024-10-14 00:00:00,20.4305,35.0,0.0,0.0,0.0
2024-10-14 01:00:00,20.380499,20.0,0.0,0.0,0.0
2024-10-14 02:00:00,19.880499,5.0,0.0,0.0,0.0
2024-10-14 03:00:00,19.6805,56.0,0.0,0.0,0.0
2024-10-14 04:00:00,20.030499,16.0,0.0,0.0,0.0
2024-10-14 05:00:00,19.9805,22.0,0.0,0.0,0.0
2024-10-14 06:00:00,20.4305,78.0,0.0,0.0,0.0
2024-10-14 07:00:00,21.780499,95.0,84.0,253.41087,2100.0
2024-10-14 08:00:00,23.530499,96.0,292.0,513.9571,7300.0
2024-10-14 09:00:00,25.3305,100.0,511.0,639.66425,12775.0
2024-10-14 10:00:00,26.3305,33.0,553.0,455.7104,13825.0
2024-10-14 11:00:00,27.530499,61.0,728.0,612.1452,18200.0
2024-10-14 12:00:00,28.4305,100.0,832.0,698.8954,20800.0
2024-10-14 13:00:00,28.6805,56.0,715.0,453.9196,17875.0
2024-10-14 14:00:00,28.9305,66.0,772.0,767.8709,19300.0
2024-10-14 15:00:00,27.780499,99.0,585.0,652.0761,14625.0
2024-10-14 16:00:00,26.880499,100.0,301.0,349.89276,7525.0
2024-10-14 17:00:00,25.9805,100.0,138.0,156.03519,3450.0
2024-10-14 18:00:00,24.2305,100.0,12.0,0.0,300.0
2024-10-14 19:00:00,23.3305,100.0,0.0,0.0,0.0
2024-10-14 20:00:00,22.7305,100.0,0.0,0.0,0.0
2024-10-14 21:00:00,22.5805,100.0,0.0,0.0,0.0
2024-10-14 22:00:00,21.9805,100.0,0.0,0.0,0.0
2024-10-14 23:00:00,22.0805,100.0,0.0,0.0,0.0
2024-10-15 00:00:00,21.3305,100.0,0.0,0.0,0.0
2024-10-15 01:00:00,21.0805,100.0,0.0,0.0,0.0
2024-10-15 02:00:00,21.1805,100.0,0.0,0.0,0.0
2024-10-15 03:00:00,20.880499,100.0,0.0,0.0,0.0
2024-10-15 04:00:00,20.6805,100.0,0.0,0.0,0.0
2024-10-15 05:00:00,21.380499,100.0,0.0,0.0,0.0
2024-10-15 06:00:00,21.1805,100.0,0.0,0.0,0.0
2024-10-15 07:00:00,21.380499,100.0,13.0,0.0,325.0
2024-10-15 08:00:00,21.8305,100.0,73.0,0.0,1825.0
2024-10-15 09:00:00,22.5805,100.0,161.0,8.552113,4025.0
2024-10-15 10:00:00,23.8305,100.0,243.0,9.351559,6075.0
2024-10-15 11:00:00,23.780499,100.0,179.0,1.1646308,4475.0
2024-10-15 12:00:00,24.0805,100.0,230.0,12.121824,5750.0
2024-10-15 13:00:00,24.9805,100.0,330.0,23.551846,8250.0
2024-10-15 14:00:00,24.8305,100.0,225.0,30.776554,5625.0
2024-10-15 15:00:00,24.6805,100.0,197.0,41.49175,4925.0
2024-10-15 16:00:00,24.4805,100.0,105.0,0.0,2625.0
2024-10-15 17:00:00,23.9805,100.0,70.0,0.0,1750.0
2024-10-15 18:00:00,22.630499,100.0,10.0,0.0,250.0
2024-10-15 19:00:00,22.3305,100.0,0.0,0.0,0.0
2024-10-15 20:00:00,22.3305,100.0,0.0,0.0,0.0
2024-10-15 21:00:00,21.3305,100.0,0.0,0.0,0.0
2024-10-15 22:00:00,21.530499,100.0,0.0,0.0,0.0
2024-10-15 23:00:00,21.0805,100.0,0.0,0.0,0.0
2024-10-16 00:00:00,20.880499,100.0,0.0,0.0,0.0
2024-10-16 01:00:00,20.780499,100.0,0.0,0.0,0.0
2024-10-16 02:00:00,20.6805,98.0,0.0,0.0,0.0
2024-10-16 03:00:00,20.7305,99.0,0.0,0.0,0.0
2024-10-16 04:00:00,20.6805,100.0,0.0,0.0,0.0
2024-10-16 05:00:00,20.780499,100.0,0.0,0.0,0.0
2024-10-16 06:00:00,20.8305,100.0,0.0,0.0,0.0
2024-10-16 07:00:00,21.4805,100.0,44.0,11.865131,1100.0
2024-10-16 08:00:00,22.130499,100.0,101.0,29.189371,2525.0
2024-10-16 09:00:00,23.8305,100.0,343.0,234.98665,8575.0
2024-10-16 10:00:00,24.380499,100.0,348.0,57.597507,8700.0
2024-10-16 11:00:00,24.0805,100.0,286.0,11.677537,7150.0
2024-10-16 12:00:00,24.4805,100.0,353.0,16.57673,8825.0
2024-10-16 13:00:00,24.5805,100.0,326.0,19.125502,8150.0
2024-10-16 14:00:00,24.6805,100.0,306.0,18.53257,7650.0
2024-10-16 15:00:00,23.8305,100.0,152.0,7.442007,3800.0
2024-10-16 16:00:00,23.130499,100.0,116.0,0.0,2900.0
2024-10-16 17:00:00,23.280499,100.0,66.0,11.385325,1650.0
2024-10-16 18:00:00,22.8305,100.0,12.0,0.0,300.0
2024-10-16 19:00:00,22.530499,100.0,0.0,0.0,0.0
2024-10-16 20:00:00,22.5805,100.0,0.0,0.0,0.0
2024-10-16 21:00:00,22.4305,100.0,0.0,0.0,0.0
2024-10-16 22:00:00,22.280499,100.0,0.0,0.0,0.0
2024-10-16 23:00:00,22.0805,100.0,0.0,0.0,0.0
2024-10-17 00:00:00,21.8305,100.0,0.0,0.0,0.0
2024-10-17 01:00:00,21.380499,100.0,0.0,0.0,0.0
2024-10-17 02:00:00,20.7305,100.0,0.0,0.0,0.0
2024-10-17 03:00:00,20.380499,100.0,0.0,0.0,0.0
2024-10-17 04:00:00,20.630499,100.0,0.0,0.0,0.0
2024-10-17 05:00:00,20.6805,100.0,0.0,0.0,0.0
2024-10-17 06:00:00,21.2305,100.0,0.0,0.0,0.0
2024-10-17 07:00:00,21.6805,100.0,28.0,0.0,700.0
2024-10-17 08:00:00,22.8305,100.0,137.0,34.620613,3425.0
2024-10-17 09:00:00,22.280499,100.0,91.0,3.4404044,2275.0
2024-10-17 10:00:00,22.3305,100.0,90.0,0.0,2250.0
2024-10-17 11:00:00,23.880499,100.0,282.0,28.102375,7050.0
2024-10-17 12:00:00,25.530499,100.0,540.0,205.03226,13500.0
2024-10-17 13:00:00,25.380499,100.0,521.0,126.39901,13025.0
2024-10-17 14:00:00,24.9305,100.0,402.0,92.996254,10050.0
2024-10-17 15:00:00,24.4305,99.0,164.0,26.90876,4100.0
2024-10-17 16:00:00,24.6805,100.0,209.0,86.994446,5225.0
2024-10-17 17:00:00,24.3305,100.0,136.0,141.8939,3400.0
2024-10-17 18:00:00,21.9305,100.0,7.0,0.0,175.0
2024-10-17 19:00:00,21.880499,100.0,0.0,0.0,0.0
2024-10-17 20:00:00,21.4805,100.0,0.0,0.0,0.0
2024-10-17 21:00:00,21.530499,100.0,0.0,0.0,0.0
2024-10-17 22:00:00,21.7305,100.0,0.0,0.0,0.0
2024-10-17 23:00:00,21.5805,100.0,0.0,0.0,0.0
2024-10-18 00:00:00,21.3305,100.0,0.0,0.0,0.0
2024-10-18 01:00:00,20.880499,100.0,0.0,0.0,0.0
2024-10-18 02:00:00,20.880499,100.0,0.0,0.0,0.0
2024-10-18 03:00:00,20.9805,100.0,0.0,0.0,0.0
2024-10-18 04:00:00,20.9305,100.0,0.0,0.0,0.0
2024-10-18 05:00:00,20.880499,100.0,0.0,0.0,0.0
2024-10-18 06:00:00,21.530499,100.0,0.0,0.0,0.0
2024-10-18 07:00:00,22.030499,100.0,37.0,17.927359,925.0
2024-10-18 08:00:00,23.280499,100.0,230.0,267.30835,5750.0
2024-10-18 09:00:00,24.7305,100.0,378.0,267.4273,9450.0
2024-10-18 10:00:00,25.780499,100.0,576.0,435.0237,14400.0
2024-10-18 11:00:00,25.9805,99.0,455.0,164.38295,11375.0
2024-10-18 12:00:00,27.030499,100.0,686.0,414.58267,17150.0
2024-10-18 13:00:00,27.1805,100.0,554.0,253.5928,13850.0
2024-10-18 14:00:00,25.5805,98.0,272.0,31.109762,6800.0
2024-10-18 15:00:00,23.8305,100.0,245.0,78.07404,6125.0
2024-10-18 16:00:00,23.6805,100.0,136.0,41.669373,3400.0
2024-10-18 17:00:00,22.880499,100.0,61.0,15.498395,1525.0
2024-10-18 18:00:00,22.280499,100.0,14.0,18.900192,350.0
2024-10-18 19:00:00,22.2305,68.0,0.0,0.0,0.0
2024-10-18 20:00:00,21.9805,88.0,0.0,0.0,0.0
2024-10-18 21:00:00,21.4805,79.0,0.0,0.0,0.0
2024-10-18 22:00:00,21.3305,95.0,0.0,0.0,0.0
2024-10-18 23:00:00,20.9805,100.0,0.0,0.0,0.0
2024-10-19 00:00:00,21.0805,100.0,0.0,0.0,0.0
2024-10-19 01:00:00,20.9805,100.0,0.0,0.0,0.0
2024-10-19 02:00:00,20.9805,100.0,0.0,0.0,0.0
2024-10-19 03:00:00,20.9805,100.0,0.0,0.0,0.0
2024-10-19 04:00:00,21.130499,100.0,0.0,0.0,0.0
2024-10-19 05:00:00,20.8305,99.0,0.0,0.0,0.0
2024-10-19 06:00:00,20.5805,100.0,0.0,0.0,0.0
2024-10-19 07:00:00,21.2305,100.0,52.0,23.996012,1300.0
2024-10-19 08:00:00,22.5805,100.0,165.0,72.453835,4125.0
2024-10-19 09:00:00,23.7305,100.0,234.0,29.42087,5850.0
2024-10-19 10:00:00,25.030499,100.0,432.0,144.51717,10800.0
2024-10-19 11:00:00,25.6805,99.0,556.0,267.2806,13900.0
2024-10-19 12:00:00,26.6805,67.0,704.0,488.2432,17600.0
2024-10-19 13:00:00,27.1805,60.0,686.0,490.60965,17150.0
2024-10-19 14:00:00,28.030499,100.0,721.0,671.8666,18025.0
2024-10-19 15:00:00,26.530499,94.0,340.0,122.13792,8500.0
2024-10-19 16:00:00,25.030499,92.0,185.0,117.3497,4625.0
2024-10-19 17:00:00,23.8305,100.0,135.0,246.58032,3375.0
2024-10-19 18:00:00,22.4805,95.0,14.0,28.688833,350.0
2024-10-19 19:00:00,21.8305,86.0,0.0,0.0,0.0
2024-10-19 20:00:00,21.6805,95.0,0.0,0.0,0.0
2024-10-19 21:00:00,21.280499,86.0,0.0,0.0,0.0
2024-10-19 22:00:00,21.280499,96.0,0.0,0.0,0.0
2024-10-19 23:00:00,20.8305,99.0,0.0,0.0,0.0
2024-10-20 00:00:00,20.780499,100.0,0.0,0.0,0.0
2024-10-20 01:00:00,21.030499,90.0,0.0,0.0,0.0
2024-10-20 02:00:00,20.7305,99.0,0.0,0.0,0.0
2024-10-20 03:00:00,20.530499,100.0,0.0,0.0,0.0
2024-10-20 04:00:00,20.780499,100.0,0.0,0.0,0.0
2024-10-20 05:00:00,20.6805,100.0,0.0,0.0,0.0
2024-10-20 06:00:00,20.5805,42.0,0.0,0.0,0.0
2024-10-20 07:00:00,21.1805,51.0,69.0,192.74251,1725.0
2024-10-20 08:00:00,22.630499,100.0,254.0,393.3625,6350.0
2024-10-20 09:00:00,24.130499,100.0,342.0,203.12436,8550.0
2024-10-20 10:00:00,25.2305,97.0,372.0,70.43552,9300.0
2024-10-20 11:00:00,26.1805,99.0,621.0,381.39777,15525.0
2024-10-20 12:00:00,26.880499,58.0,686.0,468.43832,17150.0
2024-10-20 13:00:00,27.880499,100.0,813.0,725.71747,20325.0
2024-10-20 14:00:00,27.6805,100.0,390.0,100.26351,9750.0
2024-10-20 15:00:00,27.380499,100.0,343.0,139.32172,8575.0
2024-10-20 16:00:00,24.8305,85.0,189.0,61.121826,4725.0
2024-10-20 17:00:00,24.1805,97.0,139.0,264.89767,3475.0
2024-10-20 18:00:00,23.380499,98.0,14.0,19.353437,350.0
2024-10-20 19:00:00,23.530499,91.0,0.0,0.0,0.0
2024-10-20 20:00:00,22.280499,49.0,0.0,0.0,0.0
2024-10-20 21:00:00,21.630499,82.0,0.0,0.0,0.0
2024-10-20 22:00:00,21.6805,44.0,0.0,0.0,0.0
2024-10-20 23:00:00,21.130499,13.0,0.0,0.0,0.0
2024-10-21 00:00:00,20.8305,47.0,0.0,0.0,0.0
2024-10-21 01:00:00,20.7305,100.0,0.0,0.0,0.0
2024-10-21 02:00:00,20.880499,100.0,0.0,0.0,0.0
2024-10-21 03:00:00,20.630499,100.0,0.0,0.0,0.0
2024-10-21 04:00:00,20.5805,100.0,0.0,0.0,0.0
2024-10-21 05:00:00,20.4305,100.0,0.0,0.0,0.0
2024-10-21 06:00:00,20.380499,100.0,0.0,0.0,0.0
2024-10-21 07:00:00,20.7305,100.0,29.0,0.0,725.0
2024-10-21 08:00:00,21.2305,100.0,40.0,5.410868,1000.0
2024-10-21 09:00:00,22.530499,100.0,193.0,12.192152,4825.0
2024-10-21 10:00:00,24.4305,100.0,341.0,80.15327,8525.0
2024-10-21 11:00:00,25.4305,100.0,444.0,138.55386,11100.0
2024-10-21 12:00:00,26.2305,80.0,593.0,276.96863,14825.0
2024-10-21 13:00:00,26.9305,42.0,726.0,546.3198,18150.0
2024-10-21 14:00:00,27.3305,100.0,672.0,584.8832,16800.0
2024-10-21 15:00:00,26.4805,49.0,360.0,159.69553,9000.0
2024-10-21 16:00:00,22.8305,98.0,220.0,122.9508,5500.0
2024-10-21 17:00:00,22.530499,94.0,49.0,35.944225,1225.0
2024-10-21 18:00:00,22.0805,100.0,12.0,29.375797,300.0
2024-10-21 19:00:00,22.030499,100.0,0.0,0.0,0.0
2024-10-21 20:00:00,21.5805,100.0,0.0,0.0,0.0
2024-10-21 21:00:00,21.3305,100.0,0.0,0.0,0.0
2024-10-21 22:00:00,20.6805,100.0,0.0,0.0,0.0
2024-10-21 23:00:00,20.8305,100.0,0.0,0.0,0.0
2024-10-22 00:00:00,20.6805,10.0,0.0,0.0,0.0
2024-10-22 01:00:00,19.9805,31.0,0.0,0.0,0.0
2024-10-22 02:00:00,20.4305,97.0,0.0,0.0,0.0
2024-10-22 03:00:00,20.2305,100.0,0.0,0.0,0.0
2024-10-22 04:00:00,20.380499,100.0,0.0,0.0,0.0
2024-10-22 05:00:00,20.1805,100.0,0.0,0.0,0.0
2024-10-22 06:00:00,20.1805,100.0,0.0,0.0,0.0
2024-10-22 07:00:00,21.030499,98.0,58.0,72.8918,1450.0
2024-10-22 08:00:00,22.530499,100.0,245.0,296.1517,6125.0
2024-10-22 09:00:00,24.130499,100.0,400.0,286.59476,10000.0
2024-10-22 10:00:00,25.1805,97.0,456.0,177.14188,11400.0
2024-10-22 11:00:00,25.8305,40.0,528.0,317.1197,13200.0
2024-10-22 12:00:00,26.9305,75.0,741.0,578.10895,18525.0
2024-10-22 13:00:00,27.3305,100.0,639.0,325.6432,15975.0
2024-10-22 14:00:00,26.130499,100.0,373.0,70.69313,9325.0
2024-10-22 15:00:00,26.2305,68.0,342.0,149.6946,8550.0
2024-10-22 16:00:00,25.530499,63.0,298.0,302.75742,7450.0
2024-10-22 17:00:00,24.630499,96.0,134.0,274.3279,3350.0
2024-10-22 18:00:00,24.530499,66.0,11.0,29.724144,275.0
2024-10-22 19:00:00,23.4805,61.0,0.0,0.0,0.0
2024-10-22 20:00:00,22.9805,45.0,0.0,0.0,0.0
2024-10-22 21:00:00,22.5805,54.0,0.0,0.0,0.0
2024-10-22 22:00:00,22.0805,67.0,0.0,0.0,0.0
2024-10-22 23:00:00,21.4805,51.0,0.0,0.0,0.0
2024-10-23 00:00:00,20.780499,36.0,0.0,0.0,0.0
2024-10-23 01:00:00,21.1805,41.0,0.0,0.0,0.0
2024-10-23 02:00:00,20.880499,80.0,0.0,0.0,0.0
2024-10-23 03:00:00,21.030499,13.0,0.0,0.0,0.0
2024-10-23 04:00:00,20.4305,74.0,0.0,0.0,0.0
2024-10-23 05:00:00,20.380499,100.0,0.0,0.0,0.0
2024-10-23 06:00:00,20.3305,99.0,0.0,0.0,0.0
2024-10-23 07:00:00,21.130499,83.0,77.0,231.848,1925.0
2024-10-23 08:00:00,22.880499,33.0,280.0,499.39505,7000.0
2024-10-23 09:00:00,24.7305,75.0,485.0,604.95294,12125.0
2024-10-23 10:00:00,26.1805,61.0,630.0,575.43384,15750.0
2024-10-23 11:00:00,27.2305,47.0,719.0,556.32587,17975.0
2024-10-23 12:00:00,27.630499,13.0,643.0,354.2465,16075.0
2024-10-23 13:00:00,28.4805,47.0,821.0,770.75275,20525.0
2024-10-23 14:00:00,28.630499,12.0,717.0,725.9785,17925.0
2024-10-23 15:00:00,27.9805,95.0,570.0,685.7496,14250.0
2024-10-23 16:00:00,25.630499,62.0,240.0,190.84999,6000.0
2024-10-23 17:00:00,24.530499,71.0,125.0,236.3459,3125.0
2024-10-23 18:00:00,22.9805,53.0,9.0,20.049658,225.0
2024-10-23 19:00:00,22.530499,36.0,0.0,0.0,0.0
2024-10-23 20:00:00,21.880499,49.0,0.0,0.0,0.0
2024-10-23 21:00:00,21.5805,99.0,0.0,0.0,0.0
2024-10-23 22:00:00,21.7305,100.0,0.0,0.0,0.0
2024-10-23 23:00:00,21.280499,100.0,0.0,0.0,0.0
2024-10-24 00:00:00,20.380499,30.0,0.0,0.0,0.0
2024-10-24 01:00:00,20.630499,42.0,0.0,0.0,0.0
2024-10-24 02:00:00,21.380499,89.0,0.0,0.0,0.0
2024-10-24 03:00:00,20.030499,54.0,0.0,0.0,0.0
2024-10-24 04:00:00,19.630499,1.0,0.0,0.0,0.0
2024-10-24 05:00:00,19.4805,28.0,0.0,0.0,0.0
2024-10-24 06:00:00,20.380499,98.0,0.0,0.0,0.0
2024-10-24 07:00:00,21.530499,100.0,78.0,251.29489,1950.0
2024-10-24 08:00:00,23.030499,100.0,279.0,487.94693,6975.0
2024-10-24 09:00:00,24.7305,100.0,501.0,644.0164,12525.0
2024-10-24 10:00:00,25.9805,100.0,628.0,656.7655,15700.0
2024-10-24 11:00:00,26.880499,100.0,743.0,675.11993,18575.0
2024-10-24 12:00:00,27.0805,100.0,695.0,576.02075,17375.0
2024-10-24 13:00:00,27.780499,100.0,803.0,697.1147,20075.0
2024-10-24 14:00:00,28.130499,98.0,721.0,643.43555,18025.0
2024-10-24 15:00:00,28.030499,87.0,586.0,673.31226,14650.0
2024-10-24 16:00:00,27.780499,99.0,386.0,601.7173,9650.0
2024-10-24 17:00:00,26.3305,100.0,161.0,362.19125,4025.0
2024-10-24 18:00:00,23.780499,96.0,14.0,30.4268,350.0
2024-10-24 19:00:00,22.9305,100.0,0.0,0.0,0.0
2024-10-24 20:00:00,23.0805,100.0,0.0,0.0,0.0
2024-10-24 21:00:00,23.8305,100.0,0.0,0.0,0.0
2024-10-24 22:00:00,21.130499,100.0,0.0,0.0,0.0
2024-10-24 23:00:00,20.380499,93.0,0.0,0.0,0.0
2024-10-25 00:00:00,19.6805,4.0,0.0,0.0,0.0
2024-10-25 01:00:00,19.280499,34.0,0.0,0.0,0.0
2024-10-25 02:00:00,19.530499,100.0,0.0,0.0,0.0
2024-10-25 03:00:00,20.280499,100.0,0.0,0.0,0.0
2024-10-25 04:00:00,19.9805,100.0,0.0,0.0,0.0
2024-10-25 05:00:00,19.880499,100.0,0.0,0.0,0.0
2024-10-25 06:00:00,18.9805,86.0,0.0,0.0,0.0
2024-10-25 07:00:00,19.8305,67.0,64.0,129.31831,1600.0
2024-10-25 08:00:00,22.9305,68.0,281.0,468.18268,7025.0
2024-10-25 09:00:00,24.9805,10.0,519.0,711.653,12975.0
2024-10-25 10:00:00,26.1805,1.0,714.0,825.3016,17850.0
2024-10-25 11:00:00,27.2305,0.0,846.0,871.3768,21150.0
2024-10-25 12:00:00,27.880499,10.0,903.0,884.3328,22575.0
2024-10-25 13:00:00,28.2305,27.0,847.0,815.2214,21175.0
2024-10-25 14:00:00,28.380499,16.0,713.0,708.3309,17825.0
2024-10-25 15:00:00,28.130499,18.0,578.0,704.07635,14450.0
2024-10-25 16:00:00,27.630499,21.0,381.0,607.32,9525.0
2024-10-25 17:00:00,25.9805,11.0,165.0,423.99228,4125.0
2024-10-25 18:00:00,23.6805,25.0,14.0,51.300495,350.0
2024-10-25 19:00:00,23.8305,46.0,0.0,0.0,0.0
2024-10-25 20:00:00,22.6805,28.0,0.0,0.0,0.0
2024-10-25 21:00:00,21.6805,41.0,0.0,0.0,0.0
2024-10-25 22:00:00,20.9805,34.0,0.0,0.0,0.0
2024-10-25 23:00:00,20.3305,3.0,0.0,0.0,0.0
2024-10-26 00:00:00,20.0805,59.0,0.0,0.0,0.0
2024-10-26 01:00:00,20.0805,15.0,0.0,0.0,0.0
2024-10-26 02:00:00,19.8305,6.0,0.0,0.0,0.0
2024-10-26 03:00:00,19.4805,0.0,0.0,0.0,0.0
2024-10-26 04:00:00,19.130499,31.0,0.0,0.0,0.0
2024-10-26 05:00:00,18.780499,51.0,0.0,0.0,0.0
2024-10-26 06:00:00,19.280499,4.0,0.0,0.0,0.0
2024-10-26 07:00:00,20.9805,0.0,82.0,297.01715,2050.0
2024-10-26 08:00:00,23.3305,1.0,301.0,611.54346,7525.0
2024-10-26 09:00:00,25.0805,0.0,530.0,760.3294,13250.0
2024-10-26 10:00:00,26.280499,1.0,720.0,840.4064,18000.0
2024-10-26 11:00:00,27.3305,83.0,857.0,890.9354,21425.0
2024-10-26 12:00:00,27.8305,97.0,911.0,899.6537,22775.0
2024-10-26 13:00:00,28.030499,96.0,890.0,891.129,22250.0
2024-10-26 14:00:00,28.0805,89.0,793.0,867.20355,19825.0
2024-10-26 15:00:00,27.9305,33.0,593.0,725.75757,14825.0
2024-10-26 16:00:00,27.380499,56.0,352.0,508.2393,8800.0
2024-10-26 17:00:00,25.7305,7.0,139.0,268.65878,3475.0
2024-10-26 18:00:00,25.3305,8.0,14.0,62.265903,350.0
2024-10-26 19:00:00,23.8305,6.0,0.0,0.0,0.0
2024-10-26 20:00:00,21.8305,5.0,0.0,0.0,0.0
2024-10-26 21:00:00,21.530499,5.0,0.0,0.0,0.0
2024-10-26 22:00:00,20.8305,4.0,0.0,0.0,0.0
2024-10-26 23:00:00,20.1805,2.0,0.0,0.0,0.0
2024-10-27 00:00:00,19.530499,1.0,0.0,0.0,0.0
2024-10-27 01:00:00,18.9305,3.0,0.0,0.0,0.0
2024-10-27 02:00:00,18.9305,19.0,0.0,0.0,0.0
2024-10-27 03:00:00,18.9805,79.0,0.0,0.0,0.0
2024-10-27 04:00:00,19.1805,98.0,0.0,0.0,0.0
2024-10-27 05:00:00,19.3305,100.0,0.0,0.0,0.0
2024-10-27 06:00:00,19.6805,2.0,0.0,0.0,0.0
2024-10-27 07:00:00,21.380499,0.0,75.0,230.09254,1875.0
2024-10-27 08:00:00,23.8305,0.0,297.0,603.4153,7425.0
2024-10-27 09:00:00,25.7305,0.0,523.0,748.9296,13075.0
2024-10-27 10:00:00,27.1805,20.0,713.0,830.72406,17825.0
2024-10-27 11:00:00,27.780499,48.0,772.0,727.30725,19300.0
2024-10-27 12:00:00,28.130499,42.0,760.0,623.7655,19000.0
2024-10-27 13:00:00,28.380499,49.0,738.0,594.5148,18450.0
2024-10-27 14:00:00,28.380499,19.0,650.0,597.82385,16250.0
2024-10-27 15:00:00,28.030499,18.0,544.0,653.9511,13600.0
2024-10-27 16:00:00,27.4805,8.0,388.0,636.12146,9700.0
2024-10-27 17:00:00,25.630499,80.0,164.0,436.58786,4100.0
2024-10-27 18:00:00,24.130499,7.0,14.0,52.47537,350.0
2024-10-27 19:00:00,23.4305,19.0,0.0,0.0,0.0
2024-10-27 20:00:00,21.5805,22.0,0.0,0.0,0.0
2024-10-27 21:00:00,20.530499,8.0,0.0,0.0,0.0
2024-10-27 22:00:00,20.0805,5.0,0.0,0.0,0.0
2024-10-27 23:00:00,19.9805,2.0,0.0,0.0,0.0
2024-10-28 00:00:00,19.7305,17.0,0.0,0.0,0.0
2024-10-28 01:00:00,19.780499,20.0,0.0,0.0,0.0
2024-10-28 02:00:00,19.630499,36.0,0.0,0.0,0.0
2024-10-28 03:00:00,19.4305,90.0,0.0,0.0,0.0
2024-10-28 04:00:00,19.530499,100.0,0.0,0.0,0.0
2024-10-28 05:00:00,19.4805,100.0,0.0,0.0,0.0
2024-10-28 06:00:00,20.530499,12.0,0.0,0.0,0.0
2024-10-28 07:00:00,21.6805,3.0,76.0,250.02434,1900.0
2024-10-28 08:00:00,23.9305,0.0,289.0,584.0882,7225.0
2024-10-28 09:00:00,25.780499,0.0,514.0,737.48926,12850.0
2024-10-28 10:00:00,27.030499,25.0,699.0,812.6745,17475.0
2024-10-28 11:00:00,27.380499,13.0,692.0,641.30365,17300.0
2024-10-28 12:00:00,27.8305,20.0,818.0,747.2494,20450.0
2024-10-28 13:00:00,27.9305,29.0,796.0,742.7049,19900.0
2024-10-28 14:00:00,27.8305,31.0,662.0,637.42847,16550.0
2024-10-28 15:00:00,27.3305,14.0,514.0,578.3637,12850.0
2024-10-28 16:00:00,27.2305,19.0,365.0,582.3015,9125.0
2024-10-28 17:00:00,26.2305,24.0,156.0,419.38687,3900.0
2024-10-28 18:00:00,23.3305,6.0,11.0,31.83598,275.0
2024-10-28 19:00:00,22.630499,40.0,0.0,0.0,0.0
2024-10-28 20:00:00,22.4305,33.0,0.0,0.0,0.0
2024-10-28 21:00:00,21.530499,65.0,0.0,0.0,0.0
2024-10-28 22:00:00,20.880499,7.0,0.0,0.0,0.0
2024-10-28 23:00:00,20.7305,60.0,0.0,0.0,0.0
2024-10-29 00:00:00,20.630499,100.0,0.0,0.0,0.0
2024-10-29 01:00:00,20.630499,100.0,0.0,0.0,0.0
2024-10-29 02:00:00,20.530499,100.0,0.0,0.0,0.0
2024-10-29 03:00:00,20.4305,100.0,0.0,0.0,0.0
2024-10-29 04:00:00,20.4805,100.0,0.0,0.0,0.0
2024-10-29 05:00:00,20.380499,100.0,0.0,0.0,0.0
2024-10-29 06:00:00,20.530499,100.0,0.0,0.0,0.0
2024-10-29 07:00:00,20.780499,100.0,46.0,75.40192,1150.0
2024-10-29 08:00:00,22.130499,47.0,161.0,134.83492,4025.0
2024-10-29 09:00:00,24.380499,5.0,455.0,507.30536,11375.0
2024-10-29 10:00:00,25.9805,5.0,676.0,747.13855,16900.0
2024-10-29 11:00:00,27.1805,8.0,805.0,812.1093,20125.0
2024-10-29 12:00:00,27.9305,20.0,833.0,799.0961,20825.0
2024-10-29 13:00:00,28.2305,87.0,783.0,728.7609,19575.0
2024-10-29 14:00:00,28.130499,18.0,647.0,545.2103,16175.0
2024-10-29 15:00:00,27.880499,40.0,543.0,639.04016,13575.0
2024-10-29 16:00:00,24.8305,93.0,308.0,396.97766,7700.0
2024-10-29 17:00:00,23.9305,93.0,99.0,181.43677,2475.0
2024-10-29 18:00:00,23.030499,97.0,11.0,32.183792,275.0
2024-10-29 19:00:00,22.530499,89.0,0.0,0.0,0.0
2024-10-29 20:00:00,22.130499,91.0,0.0,0.0,0.0
2024-10-29 21:00:00,21.530499,45.0,0.0,0.0,0.0
2024-10-29 22:00:00,21.2305,95.0,0.0,0.0,0.0
2024-10-29 23:00:00,21.280499,8.0,0.0,0.0,0.0
2024-10-30 00:00:00,20.6805,61.0,0.0,0.0,0.0
2024-10-30 01:00:00,20.6805,100.0,0.0,0.0,0.0
2024-10-30 02:00:00,20.7305,100.0,0.0,0.0,0.0
2024-10-30 03:00:00,20.630499,100.0,0.0,0.0,0.0
2024-10-30 04:00:00,20.530499,100.0,0.0,0.0,0.0
2024-10-30 05:00:00,20.4305,73.0,0.0,0.0,0.0
2024-10-30 06:00:00,21.1805,100.0,0.0,0.0,0.0
2024-10-30 07:00:00,21.530499,48.0,58.0,132.66615,1450.0
2024-10-30 08:00:00,23.280499,52.0,245.0,375.5726,6125.0
2024-10-30 09:00:00,24.9305,7.0,467.0,559.6944,11675.0
2024-10-30 10:00:00,26.4305,9.0,658.0,745.5186,16450.0
2024-10-30 11:00:00,27.4805,16.0,778.0,780.65405,19450.0
2024-10-30 12:00:00,27.9805,19.0,781.0,725.5481,19525.0
2024-10-30 13:00:00,28.4805,26.0,777.0,739.4396,19425.0
2024-10-30 14:00:00,28.280499,29.0,703.0,714.84735,17575.0
2024-10-30 15:00:00,27.7305,18.0,470.0,502.61697,11750.0
2024-10-30 16:00:00,27.2305,39.0,276.0,367.89996,6900.0
2024-10-30 17:00:00,24.9305,62.0,140.0,361.87936,3500.0
2024-10-30 18:00:00,23.4805,69.0,7.0,21.68523,175.0
2024-10-30 19:00:00,22.280499,68.0,0.0,0.0,0.0
2024-10-30 20:00:00,21.3305,84.0,0.0,0.0,0.0
2024-10-30 21:00:00,21.2305,99.0,0.0,0.0,0.0
2024-10-30 22:00:00,21.030499,54.0,0.0,0.0,0.0
2024-10-30 23:00:00,20.3305,19.0,0.0,0.0,0.0
2024-10-31 00:00:00,19.9805,1.0,0.0,0.0,0.0
2024-10-31 01:00:00,19.9305,1.0,0.0,0.0,0.0
2024-10-31 02:00:00,19.880499,0.0,0.0,0.0,0.0
2024-10-31 03:00:00,19.7305,0.0,0.0,0.0,0.0
2024-10-31 04:00:00,19.630499,3.0,0.0,0.0,0.0
2024-10-31 05:00:00,19.880499,2.0,0.0,0.0,0.0
2024-10-31 06:00:00,20.880499,1.0,0.0,0.0,0.0
2024-10-31 07:00:00,22.3305,0.0,70.0,235.04126,1750.0
2024-10-31 08:00:00,24.130499,0.0,275.0,536.5856,6875.0
2024-10-31 09:00:00,25.5805,1.0,499.0,713.7144,12475.0
2024-10-31 10:00:00,26.6805,18.0,676.0,781.8062,16900.0
2024-10-31 11:00:00,27.530499,43.0,737.0,714.7903,18425.0
2024-10-31 12:00:00,28.130499,58.0,717.0,576.30133,17925.0
2024-10-31 13:00:00,28.8305,93.0,791.0,770.2587,19775.0
2024-10-31 14:00:00,28.880499,100.0,670.0,597.4107,16750.0
2024-10-31 15:00:00,28.0805,52.0,361.0,149.18419,9025.0
2024-10-31 16:00:00,27.780499,81.0,315.0,486.40298,7875.0
2024-10-31 17:00:00,26.6805,43.0,153.0,417.95642,3825.0
2024-10-31 18:00:00,24.630499,45.0,7.0,21.910534,175.0
2024-10-31 19:00:00,24.0805,42.0,0.0,0.0,0.0
2024-10-31 20:00:00,22.880499,77.0,0.0,0.0,0.0
2024-10-31 21:00:00,21.780499,65.0,0.0,0.0,0.0
2024-10-31 22:00:00,21.5805,89.0,0.0,0.0,0.0
2024-10-31 23:00:00,21.6805,73.0,0.0,0.0,0.0
2024-11-01 00:00:00,21.280499,28.0,0.0,0.0,0.0
2024-11-01 01:00:00,20.9305,8.0,0.0,0.0,0.0
2024-11-01 02:00:00,20.130499,12.0,0.0,0.0,0.0
2024-11-01 03:00:00,19.780499,14.0,0.0,0.0,0.0
2024-11-01 04:00:00,20.0805,2.0,0.0,0.0,0.0
2024-11-01 05:00:00,20.130499,12.0,0.0,0.0,0.0
2024-11-01 06:00:00,20.380499,68.0,0.0,0.0,0.0
2024-11-01 07:00:00,21.130499,85.0,55.0,146.9365,1375.0
2024-11-01 08:00:00,22.9305,100.0,253.0,428.20776,6325.0
2024-11-01 09:00:00,24.280499,100.0,384.0,351.9602,9600.0
2024-11-01 10:00:00,25.380499,100.0,461.0,216.91713,11525.0
2024-11-01 11:00:00,25.9805,100.0,515.0,216.98337,12875.0
2024-11-01 12:00:00,26.9805,76.0,739.0,580.49207,18475.0
2024-11-01 13:00:00,27.7305,100.0,740.0,522.71844,18500.0
2024-11-01 14:00:00,27.5805,24.0,594.0,448.99808,14850.0
2024-11-01 15:00:00,27.5805,32.0,529.0,638.9962,13225.0
2024-11-01 16:00:00,27.3305,23.0,337.0,527.22504,8425.0
2024-11-01 17:00:00,24.2305,66.0,134.0,341.7611,3350.0
2024-11-01 18:00:00,24.9305,80.0,11.0,44.264515,275.0
2024-11-01 19:00:00,24.2305,18.0,0.0,0.0,0.0
2024-11-01 20:00:00,23.880499,13.0,0.0,0.0,0.0
2024-11-01 21:00:00,23.4805,56.0,0.0,0.0,0.0
2024-11-01 22:00:00,23.1805,25.0,0.0,0.0,0.0
2024-11-01 23:00:00,22.530499,19.0,0.0,0.0,0.0
2024-11-02 00:00:00,21.9805,38.0,0.0,0.0,0.0
2024-11-02 01:00:00,21.4305,55.0,0.0,0.0,0.0
2024-11-02 02:00:00,20.9805,64.0,0.0,0.0,0.0
2024-11-02 03:00:00,20.7305,45.0,0.0,0.0,0.0
2024-11-02 04:00:00,20.630499,22.0,0.0,0.0,0.0
2024-11-02 05:00:00,20.530499,6.0,0.0,0.0,0.0
2024-11-02 06:00:00,20.2305,13.0,0.0,0.0,0.0
2024-11-02 07:00:00,21.4305,0.0,72.0,263.4546,1800.0
2024-11-02 08:00:00,23.130499,0.0,280.0,579.8984,7000.0
2024-11-02 09:00:00,24.8305,0.0,499.0,725.04706,12475.0
2024-11-02 10:00:00,26.1805,3.0,680.0,800.0799,17000.0
2024-11-02 11:00:00,27.2305,26.0,792.0,813.002,19800.0
2024-11-02 12:00:00,27.8305,31.0,755.0,668.56476,18875.0
2024-11-02 13:00:00,28.030499,47.0,748.0,684.9892,18700.0
2024-11-02 14:00:00,28.030499,19.0,607.0,567.4915,15175.0
2024-11-02 15:00:00,27.8305,21.0,544.0,655.9443,13600.0
2024-11-02 16:00:00,27.780499,40.0,357.0,586.50543,8925.0
2024-11-02 17:00:00,26.3305,37.0,144.0,393.9399,3600.0
2024-11-02 18:00:00,24.8305,73.0,10.0,33.522926,250.0
2024-11-02 19:00:00,24.4305,69.0,0.0,0.0,0.0
2024-11-02 20:00:00,23.780499,18.0,0.0,0.0,0.0
2024-11-02 21:00:00,23.280499,17.0,0.0,0.0,0.0
2024-11-02 22:00:00,22.9305,17.0,0.0,0.0,0.0
2024-11-02 23:00:00,22.530499,12.0,0.0,0.0,0.0
2024-11-03 00:00:00,21.9805,3.0,0.0,0.0,0.0
2024-11-03 01:00:00,21.4805,1.0,0.0,0.0,0.0
2024-11-03 02:00:00,21.030499,7.0,0.0,0.0,0.0
2024-11-03 03:00:00,20.880499,4.0,0.0,0.0,0.0
2024-11-03 04:00:00,20.6805,4.0,0.0,0.0,0.0
2024-11-03 05:00:00,20.4805,3.0,0.0,0.0,0.0
2024-11-03 06:00:00,20.780499,0.0,0.0,0.0,0.0
2024-11-03 07:00:00,21.8305,0.0,70.0,252.0969,1750.0
2024-11-03 08:00:00,23.5805,0.0,279.0,580.343,6975.0
2024-11-03 09:00:00,25.280499,7.0,500.0,733.57465,12500.0
2024-11-03 10:00:00,26.6805,4.0,665.0,774.5805,16625.0
2024-11-03 11:00:00,27.6805,11.0,791.0,820.6414,19775.0
2024-11-03 12:00:00,28.3305,17.0,830.0,814.45447,20750.0
2024-11-03 13:00:00,28.7305,24.0,800.0,792.22876,20000.0
2024-11-03 14:00:00,28.8305,27.0,689.0,728.96387,17225.0
2024-11-03 15:00:00,28.5805,26.0,512.0,611.9325,12800.0
2024-11-03 16:00:00,28.0805,27.0,339.0,532.50415,8475.0
2024-11-03 17:00:00,26.530499,27.0,138.0,365.61917,3450.0
2024-11-03 18:00:00,24.530499,26.0,10.0,33.838024,250.0
2024-11-03 19:00:00,24.030499,14.0,0.0,0.0,0.0
2024-11-03 20:00:00,23.630499,4.0,0.0,0.0,0.0
2024-11-03 21:00:00,23.3305,8.0,0.0,0.0,0.0
2024-11-03 22:00:00,22.880499,8.0,0.0,0.0,0.0
2024-11-03 23:00:00,22.3305,3.0,0.0,0.0,0.0
2024-11-04 00:00:00,21.5805,3.0,0.0,0.0,0.0
2024-11-04 01:00:00,20.9805,1.0,0.0,0.0,0.0
2024-11-04 02:00:00,20.7305,0.0,0.0,0.0,0.0
2024-11-04 03:00:00,20.4305,1.0,0.0,0.0,0.0
2024-11-04 04:00:00,20.1805,1.0,0.0,0.0,0.0
2024-11-04 05:00:00,19.880499,0.0,0.0,0.0,0.0
2024-11-04 06:00:00,20.4305,0.0,0.0,0.0,0.0
2024-11-04 07:00:00,21.5805,1.0,71.0,266.64114,1775.0
2024-11-04 08:00:00,23.280499,3.0,279.0,586.6489,6975.0
2024-11-04 09:00:00,24.9305,29.0,498.0,727.5048,12450.0
2024-11-04 10:00:00,25.780499,24.0,571.0,600.8346,14275.0
2024-11-04 11:00:00,26.6805,29.0,754.0,749.086,18850.0
2024-11-04 12:00:00,27.2305,30.0,768.0,682.2673,19200.0
2024-11-04 13:00:00,27.4805,29.0,708.0,623.6322,17700.0
2024-11-04 14:00:00,27.7305,26.0,673.0,661.3531,16825.0
2024-11-04 15:00:00,27.530499,22.0,508.0,604.5998,12700.0
2024-11-04 16:00:00,27.2305,11.0,358.0,596.78784,8950.0
2024-11-04 17:00:00,26.030499,6.0,150.0,427.6991,3750.0
2024-11-04 18:00:00,24.2305,14.0,10.0,34.144447,250.0
2024-11-04 19:00:00,23.3305,19.0,0.0,0.0,0.0
2024-11-04 20:00:00,22.630499,35.0,0.0,0.0,0.0
2024-11-04 21:00:00,22.280499,7.0,0.0,0.0,0.0
2024-11-04 22:00:00,22.030499,22.0,0.0,0.0,0.0
2024-11-04 23:00:00,21.8305,100.0,0.0,0.0,0.0
2024-11-05 00:00:00,21.880499,30.0,0.0,0.0,0.0
2024-11-05 01:00:00,21.2305,29.0,0.0,0.0,0.0
2024-11-05 02:00:00,21.4305,32.0,0.0,0.0,0.0
2024-11-05 03:00:00,21.1805,71.0,0.0,0.0,0.0
2024-11-05 04:00:00,21.1805,94.0,0.0,0.0,0.0
2024-11-05 05:00:00,21.0805,57.0,0.0,0.0,0.0
2024-11-05 06:00:00,21.1805,0.0,0.0,0.0,0.0
2024-11-05 07:00:00,21.7305,0.0,70.0,261.76077,1750.0
2024-11-05 08:00:00,23.130499,2.0,284.0,610.6053,7100.0
2024-11-05 09:00:00,24.7305,0.0,506.0,756.46313,12650.0
2024-11-05 10:00:00,26.2305,23.0,693.0,834.5146,17325.0
2024-11-05 11:00:00,27.0805,28.0,747.0,720.5256,18675.0
2024-11-05 12:00:00,27.780499,19.0,838.0,786.77026,20950.0
2024-11-05 13:00:00,28.0805,25.0,797.0,752.9234,19925.0
2024-11-05 14:00:00,28.0805,35.0,713.0,725.9504,17825.0
2024-11-05 15:00:00,27.780499,27.0,534.0,637.60297,13350.0
2024-11-05 16:00:00,27.4805,21.0,347.0,544.41815,8675.0
2024-11-05 17:00:00,25.8305,10.0,149.0,417.2324,3725.0
2024-11-05 18:00:00,24.1805,11.0,10.0,34.437653,250.0
2024-11-05 19:00:00,23.530499,11.0,0.0,0.0,0.0
2024-11-05 20:00:00,22.780499,3.0,0.0,0.0,0.0
2024-11-05 21:00:00,22.0805,3.0,0.0,0.0,0.0
2024-11-05 22:00:00,21.530499,5.0,0.0,0.0,0.0
2024-11-05 23:00:00,20.880499,0.0,0.0,0.0,0.0
2024-11-06 00:00:00,20.2305,0.0,0.0,0.0,0.0
2024-11-06 01:00:00,19.530499,0.0,0.0,0.0,0.0
2024-11-06 02:00:00,18.7305,1.0,0.0,0.0,0.0
2024-11-06 03:00:00,18.530499,2.0,0.0,0.0,0.0
2024-11-06 04:00:00,18.530499,0.0,0.0,0.0,0.0
2024-11-06 05:00:00,19.2305,0.0,0.0,0.0,0.0
2024-11-06 06:00:00,18.8305,0.0,0.0,0.0,0.0
2024-11-06 07:00:00,20.380499,0.0,74.0,296.35852,1850.0
2024-11-06 08:00:00,22.780499,0.0,292.0,649.5955,7300.0
2024-11-06 09:00:00,24.5805,0.0,519.0,794.9613,12975.0
2024-11-06 10:00:00,26.1805,0.0,705.0,866.2525,17625.0
2024-11-06 11:00:00,27.130499,0.0,829.0,897.42474,20725.0
2024-11-06 12:00:00,27.7305,0.0,883.0,909.61365,22075.0
2024-11-06 13:00:00,28.130499,0.0,862.0,905.88983,21550.0
2024-11-06 14:00:00,28.280499,0.0,766.0,880.13324,19150.0
2024-11-06 15:00:00,28.1805,0.0,604.0,826.69385,15100.0
2024-11-06 16:00:00,27.5805,0.0,392.0,722.20386,9800.0
2024-11-06 17:00:00,25.1805,0.0,162.0,508.04272,4050.0
2024-11-06 18:00:00,23.380499,0.0,10.0,46.290966,250.0
2024-11-06 19:00:00,23.0805,0.0,0.0,0.0,0.0
2024-11-06 20:00:00,22.7305,0.0,0.0,0.0,0.0
2024-11-06 21:00:00,21.9805,0.0,0.0,0.0,0.0
2024-11-06 22:00:00,20.9305,0.0,0.0,0.0,0.0
2024-11-06 23:00:00,20.280499,6.0,0.0,0.0,0.0
2024-11-07 00:00:00,19.880499,67.0,0.0,0.0,0.0
2024-11-07 01:00:00,19.5805,25.0,0.0,0.0,0.0
2024-11-07 02:00:00,19.1805,42.0,0.0,0.0,0.0
2024-11-07 03:00:00,18.9805,0.0,0.0,0.0,0.0
2024-11-07 04:00:00,18.780499,0.0,0.0,0.0,0.0
2024-11-07 05:00:00,18.630499,0.0,0.0,0.0,0.0
2024-11-07 06:00:00,18.880499,16.0,0.0,0.0,0.0
2024-11-07 07:00:00,20.030499,0.0,71.0,285.03064,1775.0
2024-11-07 08:00:00,22.4805,0.0,287.0,635.87573,7175.0
2024-11-07 09:00:00,24.6805,0.0,512.0,783.5645,12800.0
2024-11-07 10:00:00,26.530499,0.0,699.0,859.35895,17475.0
2024-11-07 11:00:00,27.4805,0.0,825.0,894.15393,20625.0
2024-11-07 12:00:00,28.1805,1.0,879.0,906.56775,21975.0
2024-11-07 13:00:00,28.6805,0.0,858.0,903.8834,21450.0
2024-11-07 14:00:00,28.8305,0.0,763.0,878.9572,19075.0
2024-11-07 15:00:00,28.6805,0.0,602.0,826.3402,15050.0
2024-11-07 16:00:00,27.9805,0.0,391.0,720.6577,9775.0
2024-11-07 17:00:00,25.780499,0.0,161.0,506.92355,4025.0
2024-11-07 18:00:00,23.880499,5.0,10.0,46.645874,250.0
2024-11-07 19:00:00,23.380499,4.0,0.0,0.0,0.0
2024-11-07 20:00:00,22.780499,0.0,0.0,0.0,0.0
2024-11-07 21:00:00,21.9305,0.0,0.0,0.0,0.0
2024-11-07 22:00:00,20.6805,0.0,0.0,0.0,0.0
2024-11-07 23:00:00,20.130499,0.0,0.0,0.0,0.0
2024-11-08 00:00:00,20.030499,0.0,0.0,0.0,0.0
2024-11-08 01:00:00,19.8305,0.0,0.0,0.0,0.0
2024-11-08 02:00:00,19.1805,0.0,0.0,0.0,0.0
2024-11-08 03:00:00,18.4805,0.0,0.0,0.0,0.0
2024-11-08 04:00:00,18.280499,0.0,0.0,0.0,0.0
2024-11-08 05:00:00,18.030499,0.0,0.0,0.0,0.0
2024-11-08 06:00:00,18.3305,0.0,0.0,0.0,0.0
2024-11-08 07:00:00,19.8305,0.0,71.0,286.92706,1775.0
2024-11-08 08:00:00,22.030499,0.0,286.0,639.886,7150.0
2024-11-08 09:00:00,23.9305,0.0,512.0,788.9101,12800.0
2024-11-08 10:00:00,25.6805,0.0,698.0,861.0811,17450.0
2024-11-08 11:00:00,27.0805,0.0,824.0,897.11505,20600.0
2024-11-08 12:00:00,27.780499,0.0,879.0,910.58875,21975.0
2024-11-08 13:00:00,28.2305,0.0,859.0,909.08124,21475.0
2024-11-08 14:00:00,28.4805,0.0,763.0,883.0562,19075.0
2024-11-08 15:00:00,28.380499,0.0,601.0,829.1483,15025.0
2024-11-08 16:00:00,27.8305,5.0,388.0,711.97046,9700.0
2024-11-08 17:00:00,25.9305,26.0,156.0,472.8,3900.0
2024-11-08 18:00:00,24.630499,18.0,9.0,35.23334,225.0
2024-11-08 19:00:00,23.9305,82.0,0.0,0.0,0.0
2024-11-08 20:00:00,24.0805,32.0,0.0,0.0,0.0
2024-11-08 21:00:00,23.3305,92.0,0.0,0.0,0.0
2024-11-08 22:00:00,22.630499,25.0,0.0,0.0,0.0
2024-11-08 23:00:00,21.8305,16.0,0.0,0.0,0.0
2024-11-09 00:00:00,20.780499,10.0,0.0,0.0,0.0
2024-11-09 01:00:00,20.2305,20.0,0.0,0.0,0.0
2024-11-09 02:00:00,20.130499,1.0,0.0,0.0,0.0
2024-11-09 03:00:00,19.6805,3.0,0.0,0.0,0.0
2024-11-09 04:00:00,19.280499,91.0,0.0,0.0,0.0
2024-11-09 05:00:00,19.030499,96.0,0.0,0.0,0.0
2024-11-09 06:00:00,19.1805,29.0,0.0,0.0,0.0
2024-11-09 07:00:00,20.3305,84.0,67.0,262.01364,1675.0
2024-11-09 08:00:00,22.530499,100.0,275.0,599.08685,6875.0
2024-11-09 09:00:00,24.380499,100.0,494.0,739.88727,12350.0
2024-11-09 10:00:00,26.0805,90.0,675.0,801.9317,16875.0
2024-11-09 11:00:00,27.130499,39.0,697.0,703.7148,17425.0
2024-11-09 12:00:00,27.9805,49.0,745.0,666.9124,18625.0
2024-11-09 13:00:00,28.6805,38.0,739.0,654.1003,18475.0
2024-11-09 14:00:00,28.9805,27.0,690.0,728.5228,17250.0
2024-11-09 15:00:00,28.8305,39.0,544.0,690.78937,13600.0
2024-11-09 16:00:00,28.1805,22.0,343.0,572.2927,8575.0
2024-11-09 17:00:00,26.630499,6.0,142.0,405.09787,3550.0
2024-11-09 18:00:00,24.630499,2.0,9.0,35.471485,225.0
2024-11-09 19:00:00,23.630499,10.0,0.0,0.0,0.0
2024-11-09 20:00:00,22.8305,1.0,0.0,0.0,0.0
2024-11-09 21:00:00,22.0805,11.0,0.0,0.0,0.0
2024-11-09 22:00:00,21.780499,18.0,0.0,0.0,0.0
2024-11-09 23:00:00,21.7305,2.0,0.0,0.0,0.0
2024-11-10 00:00:00,20.9305,12.0,0.0,0.0,0.0
2024-11-10 01:00:00,19.9805,10.0,0.0,0.0,0.0
2024-11-10 02:00:00,19.530499,0.0,0.0,0.0,0.0
2024-11-10 03:00:00,19.4805,0.0,0.0,0.0,0.0
2024-11-10 04:00:00,19.1805,0.0,0.0,0.0,0.0
2024-11-10 05:00:00,19.130499,1.0,0.0,0.0,0.0
2024-11-10 06:00:00,19.1805,0.0,0.0,0.0,0.0
2024-11-10 07:00:00,20.9305,0.0,67.0,270.62192,1675.0
2024-11-10 08:00:00,22.9805,0.0,277.0,621.1488,6925.0
2024-11-10 09:00:00,24.9305,0.0,498.0,765.9265,12450.0
2024-11-10 10:00:00,26.530499,15.0,684.0,845.7148,17100.0
2024-11-10 11:00:00,27.530499,19.0,751.0,757.86053,18775.0
2024-11-10 12:00:00,28.130499,12.0,781.0,719.1717,19525.0
2024-11-10 13:00:00,28.6805,17.0,784.0,765.83466,19600.0
2024-11-10 14:00:00,28.9305,19.0,689.0,733.44257,17225.0
2024-11-10 15:00:00,28.9805,47.0,556.0,706.20044,13900.0
2024-11-10 16:00:00,28.5805,46.0,359.0,619.0288,8975.0
2024-11-10 17:00:00,26.6805,50.0,136.0,379.07773,3400.0
2024-11-10 18:00:00,25.630499,25.0,7.0,11.899026,175.0
2024-11-10 19:00:00,24.6805,6.0,0.0,0.0,0.0
2024-11-10 20:00:00,24.030499,15.0,0.0,0.0,0.0
2024-11-10 21:00:00,23.1805,12.0,0.0,0.0,0.0
2024-11-10 22:00:00,22.530499,2.0,0.0,0.0,0.0
2024-11-10 23:00:00,21.9305,0.0,0.0,0.0,0.0
2024-11-11 00:00:00,21.2305,1.0,0.0,0.0,0.0
2024-11-11 01:00:00,20.380499,5.0,0.0,0.0,0.0
2024-11-11 02:00:00,19.9305,1.0,0.0,0.0,0.0
2024-11-11 03:00:00,19.8305,0.0,0.0,0.0,0.0
2024-11-11 04:00:00,19.380499,0.0,0.0,0.0,0.0
2024-11-11 05:00:00,18.880499,0.0,0.0,0.0,0.0
2024-11-11 06:00:00,18.4805,0.0,0.0,0.0,0.0
2024-11-11 07:00:00,19.630499,0.0,67.0,272.57843,1675.0
2024-11-11 08:00:00,21.9305,24.0,279.0,640.54626,6975.0
2024-11-11 09:00:00,23.9805,46.0,504.0,788.4626,12600.0
2024-11-11 10:00:00,25.7305,55.0,692.0,866.47614,17300.0
2024-11-11 11:00:00,26.9805,86.0,819.0,903.6265,20475.0
2024-11-11 12:00:00,27.630499,77.0,871.0,911.9601,21775.0
2024-11-11 13:00:00,28.130499,81.0,845.0,888.0068,21125.0
2024-11-11 14:00:00,28.280499,79.0,751.0,874.93494,18775.0
2024-11-11 15:00:00,28.130499,67.0,590.0,822.38324,14750.0
2024-11-11 16:00:00,27.530499,4.0,381.0,715.4454,9525.0
2024-11-11 17:00:00,25.630499,5.0,154.0,495.58334,3850.0
2024-11-11 18:00:00,23.880499,69.0,9.0,35.90876,225.0
2024-11-11 19:00:00,23.4805,44.0,0.0,0.0,0.0
2024-11-11 20:00:00,22.9305,4.0,0.0,0.0,0.0
2024-11-11 21:00:00,22.380499,0.0,0.0,0.0,0.0
2024-11-11 22:00:00,22.0805,0.0,0.0,0.0,0.0
2024-11-11 23:00:00,21.3305,0.0,0.0,0.0,0.0
2024-11-12 00:00:00,20.6805,1.0,0.0,0.0,0.0
2024-11-12 01:00:00,20.0805,2.0,0.0,0.0,0.0
2024-11-12 02:00:00,19.630499,0.0,0.0,0.0,0.0
2024-11-12 03:00:00,19.4305,1.0,0.0,0.0,0.0
2024-11-12 04:00:00,19.4305,5.0,0.0,0.0,0.0
2024-11-12 05:00:00,19.280499,0.0,0.0,0.0,0.0
2024-11-12 06:00:00,18.880499,0.0,0.0,0.0,0.0
2024-11-12 07:00:00,19.9305,0.0,63.0,260.86896,1575.0
2024-11-12 08:00:00,22.3305,63.0,268.0,611.36896,6700.0
2024-11-12 09:00:00,24.530499,89.0,484.0,750.3119,12100.0
2024-11-12 10:00:00,26.2305,99.0,661.0,815.54395,16525.0
2024-11-12 11:00:00,27.4305,96.0,785.0,857.09125,19625.0
2024-11-12 12:00:00,28.2305,88.0,839.0,871.5292,20975.0
2024-11-12 13:00:00,30.2305,100.0,802.0,826.86224,20050.0
2024-11-12 14:00:00,29.530499,100.0,605.0,592.7021,15125.0
2024-11-12 15:00:00,28.4305,96.0,203.0,102.701164,5075.0
2024-11-12 16:00:00,28.380499,96.0,328.0,557.37726,8200.0
2024-11-12 17:00:00,26.9805,48.0,108.0,215.57715,2700.0
2024-11-12 18:00:00,26.9805,100.0,4.0,0.0,100.0
2024-11-12 19:00:00,25.9305,96.0,0.0,0.0,0.0
2024-11-12 20:00:00,24.530499,97.0,0.0,0.0,0.0
2024-11-12 21:00:00,24.0805,90.0,0.0,0.0,0.0
2024-11-12 22:00:00,23.530499,99.0,0.0,0.0,0.0
2024-11-12 23:00:00,23.0805,85.0,0.0,0.0,0.0
2024-11-13 00:00:00,22.7305,84.0,0.0,0.0,0.0
2024-11-13 01:00:00,22.2305,82.0,0.0,0.0,0.0
2024-11-13 02:00:00,21.7305,97.0,0.0,0.0,0.0
2024-11-13 03:00:00,21.4305,99.0,0.0,0.0,0.0
2024-11-13 04:00:00,20.9305,100.0,0.0,0.0,0.0
2024-11-13 05:00:00,20.4805,100.0,0.0,0.0,0.0
2024-11-13 06:00:00,20.880499,6.0,0.0,0.0,0.0
2024-11-13 07:00:00,21.9805,0.0,60.0,235.18074,1500.0
2024-11-13 08:00:00,23.9805,33.0,261.0,581.8392,6525.0
2024-11-13 09:00:00,25.9305,40.0,457.0,656.3365,11425.0
2024-11-13 10:00:00,27.2305,81.0,593.0,639.06775,14825.0
2024-11-13 11:00:00,27.7305,35.0,518.0,287.09225,12950.0
2024-11-13 12:00:00,28.880499,21.0,686.0,565.5427,17150.0
2024-11-13 13:00:00,29.630499,64.0,764.0,760.4014,19100.0
2024-11-13 14:00:00,29.7305,94.0,636.0,673.3193,15900.0
2024-11-13 15:00:00,29.5805,79.0,445.0,466.8663,11125.0
2024-11-13 16:00:00,27.8305,100.0,288.0,428.93204,7200.0
2024-11-13 17:00:00,25.9805,100.0,110.0,255.1736,2750.0
2024-11-13 18:00:00,26.380499,26.0,8.0,24.19484,200.0
2024-11-13 19:00:00,25.4805,100.0,0.0,0.0,0.0
2024-11-13 20:00:00,24.1805,8.0,0.0,0.0,0.0
2024-11-13 21:00:00,23.0805,12.0,0.0,0.0,0.0
2024-11-13 22:00:00,22.4305,100.0,0.0,0.0,0.0
2024-11-13 23:00:00,22.030499,100.0,0.0,0.0,0.0
2024-11-14 00:00:00,22.1805,100.0,0.0,0.0,0.0
2024-11-14 01:00:00,21.6805,74.0,0.0,0.0,0.0
2024-11-14 02:00:00,21.3305,19.0,0.0,0.0,0.0
2024-11-14 03:00:00,21.0805,99.0,0.0,0.0,0.0
2024-11-14 04:00:00,20.9305,100.0,0.0,0.0,0.0
2024-11-14 05:00:00,20.7305,90.0,0.0,0.0,0.0
2024-11-14 06:00:00,21.130499,100.0,0.0,0.0,0.0
2024-11-14 07:00:00,22.2305,100.0,54.0,153.35507,1350.0
2024-11-14 08:00:00,23.880499,100.0,228.0,412.40082,5700.0
2024-11-14 09:00:00,25.880499,100.0,437.0,559.54926,10925.0
2024-11-14 10:00:00,27.3305,100.0,598.0,684.4378,14950.0
2024-11-14 11:00:00,28.630499,95.0,744.0,746.4165,18600.0
2024-11-14 12:00:00,28.780499,45.0,713.0,592.6947,17825.0
2024-11-14 13:00:00,29.380499,31.0,688.0,652.79486,17200.0
2024-11-14 14:00:00,27.630499,89.0,602.0,608.39746,15050.0
2024-11-14 15:00:00,25.9805,85.0,422.0,419.90424,10550.0
2024-11-14 16:00:00,25.130499,37.0,186.0,156.91399,4650.0
2024-11-14 17:00:00,25.030499,44.0,132.0,357.9469,3300.0
2024-11-14 18:00:00,26.0805,53.0,8.0,24.306995,200.0
2024-11-14 19:00:00,25.3305,83.0,0.0,0.0,0.0
2024-11-14 20:00:00,22.3305,100.0,0.0,0.0,0.0
2024-11-14 21:00:00,21.880499,100.0,0.0,0.0,0.0
2024-11-14 22:00:00,22.1805,99.0,0.0,0.0,0.0
2024-11-14 23:00:00,22.530499,100.0,0.0,0.0,0.0
2024-11-15 00:00:00,22.0805,100.0,0.0,0.0,0.0
2024-11-15 01:00:00,21.5805,100.0,0.0,0.0,0.0
2024-11-15 02:00:00,21.4805,96.0,0.0,0.0,0.0
2024-11-15 03:00:00,20.9805,20.0,0.0,0.0,0.0
2024-11-15 04:00:00,20.780499,16.0,0.0,0.0,0.0
2024-11-15 05:00:00,20.630499,31.0,0.0,0.0,0.0
2024-11-15 06:00:00,21.1805,9.0,0.0,0.0,0.0
2024-11-15 07:00:00,22.0805,69.0,55.0,196.72401,1375.0
2024-11-15 08:00:00,23.6805,81.0,234.0,431.0511,5850.0
2024-11-15 09:00:00,25.3305,60.0,412.0,517.8636,10300.0
2024-11-15 10:00:00,26.780499,83.0,582.0,633.7028,14550.0
2024-11-15 11:00:00,28.380499,91.0,763.0,827.3166,19075.0
2024-11-15 12:00:00,29.130499,88.0,812.0,833.539,20300.0
2024-11-15 13:00:00,29.380499,97.0,782.0,787.0975,19550.0
2024-11-15 14:00:00,29.4305,60.0,627.0,641.55835,15675.0
2024-11-15 15:00:00,29.630499,97.0,416.0,300.77795,10400.0
2024-11-15 16:00:00,25.0805,98.0,332.0,515.126,8300.0
2024-11-15 17:00:00,24.4805,95.0,70.0,72.87203,1750.0
2024-11-15 18:00:00,23.4305,92.0,6.0,12.205568,150.0
2024-11-15 19:00:00,22.8305,67.0,0.0,0.0,0.0
2024-11-15 20:00:00,22.380499,71.0,0.0,0.0,0.0
2024-11-15 21:00:00,22.130499,99.0,0.0,0.0,0.0
2024-11-15 22:00:00,21.8305,99.0,0.0,0.0,0.0
2024-11-15 23:00:00,21.630499,99.0,0.0,0.0,0.0
2024-11-16 00:00:00,21.5805,97.0,0.0,0.0,0.0
2024-11-16 01:00:00,21.3305,86.0,0.0,0.0,0.0
2024-11-16 02:00:00,20.9805,52.0,0.0,0.0,0.0
2024-11-16 03:00:00,20.7305,10.0,0.0,0.0,0.0
2024-11-16 04:00:00,20.630499,16.0,0.0,0.0,0.0
2024-11-16 05:00:00,20.5805,20.0,0.0,0.0,0.0
2024-11-16 06:00:00,21.380499,99.0,0.0,0.0,0.0
2024-11-16 07:00:00,22.280499,83.0,54.0,205.39227,1350.0
2024-11-16 08:00:00,23.9305,81.0,245.0,528.67615,6125.0
2024-11-16 09:00:00,25.530499,53.0,445.0,654.43274,11125.0
2024-11-16 10:00:00,26.9805,99.0,592.0,676.4325,14800.0
2024-11-16 11:00:00,27.530499,83.0,597.0,439.55255,14925.0
2024-11-16 12:00:00,28.4305,39.0,735.0,746.02527,18375.0
2024-11-16 13:00:00,29.030499,17.0,735.0,709.90393,18375.0
2024-11-16 14:00:00,29.280499,5.0,651.0,711.8908,16275.0
2024-11-16 15:00:00,29.280499,5.0,546.0,740.5892,13650.0
2024-11-16 16:00:00,28.880499,7.0,355.0,655.36523,8875.0
2024-11-16 17:00:00,27.3305,30.0,138.0,419.47183,3450.0
2024-11-16 18:00:00,25.880499,93.0,7.0,24.503214,175.0
2024-11-16 19:00:00,25.4805,81.0,0.0,0.0,0.0
2024-11-16 20:00:00,24.7305,88.0,0.0,0.0,0.0
2024-11-16 21:00:00,24.2305,25.0,0.0,0.0,0.0
2024-11-16 22:00:00,23.6805,30.0,0.0,0.0,0.0
2024-11-16 23:00:00,23.280499,20.0,0.0,0.0,0.0
2024-11-17 00:00:00,22.7305,1.0,0.0,0.0,0.0
2024-11-17 01:00:00,22.3305,1.0,0.0,0.0,0.0
2024-11-17 02:00:00,21.4805,7.0,0.0,0.0,0.0
2024-11-17 03:00:00,20.780499,5.0,0.0,0.0,0.0
2024-11-17 04:00:00,20.530499,23.0,0.0,0.0,0.0
2024-11-17 05:00:00,20.3305,90.0,0.0,0.0,0.0
2024-11-17 06:00:00,20.8305,0.0,0.0,0.0,0.0
2024-11-17 07:00:00,21.880499,1.0,55.0,214.2164,1375.0
2024-11-17 08:00:00,23.8305,47.0,250.0,570.73096,6250.0
2024-11-17 09:00:00,25.4305,96.0,446.0,644.0511,11150.0
2024-11-17 10:00:00,26.780499,58.0,613.0,734.45374,15325.0
2024-11-17 11:00:00,27.8305,38.0,722.0,730.7527,18050.0
2024-11-17 12:00:00,28.380499,39.0,752.0,736.0744,18800.0
2024-11-17 13:00:00,28.6805,32.0,723.0,695.70844,18075.0
2024-11-17 14:00:00,29.0805,55.0,626.0,675.2746,15650.0
2024-11-17 15:00:00,29.2305,59.0,518.0,683.7344,12950.0
2024-11-17 16:00:00,28.880499,48.0,332.0,590.0261,8300.0
2024-11-17 17:00:00,27.2305,33.0,141.0,445.48135,3525.0
2024-11-17 18:00:00,24.9805,5.0,8.0,24.585217,200.0
2024-11-17 19:00:00,23.7305,72.0,0.0,0.0,0.0
2024-11-17 20:00:00,23.0805,99.0,0.0,0.0,0.0
2024-11-17 21:00:00,22.530499,100.0,0.0,0.0,0.0
2024-11-17 22:00:00,21.9305,100.0,0.0,0.0,0.0
2024-11-17 23:00:00,21.1805,98.0,0.0,0.0,0.0
2024-11-18 00:00:00,20.630499,78.0,0.0,0.0,0.0
2024-11-18 01:00:00,20.280499,37.0,0.0,0.0,0.0
2024-11-18 02:00:00,20.030499,47.0,0.0,0.0,0.0
2024-11-18 03:00:00,19.8305,99.0,0.0,0.0,0.0
2024-11-18 04:00:00,19.630499,100.0,0.0,0.0,0.0
2024-11-18 05:00:00,19.0805,98.0,0.0,0.0,0.0
2024-11-18 06:00:00,18.9305,9.0,0.0,0.0,0.0
2024-11-18 07:00:00,19.630499,11.0,56.0,237.59932,1400.0
2024-11-18 08:00:00,21.4305,72.0,256.0,603.8654,6400.0
2024-11-18 09:00:00,23.9305,79.0,435.0,627.68207,10875.0
2024-11-18 10:00:00,25.1805,5.0,617.0,698.31445,15425.0
2024-11-18 11:00:00,26.4805,1.0,770.0,844.8138,19250.0
2024-11-18 12:00:00,27.5805,36.0,839.0,894.9907,20975.0
2024-11-18 13:00:00,28.2305,43.0,822.0,894.79614,20550.0
2024-11-18 14:00:00,28.380499,73.0,732.0,871.4395,18300.0
2024-11-18 15:00:00,28.1805,84.0,576.0,816.82135,14400.0
2024-11-18 16:00:00,27.4305,6.0,370.0,699.779,9250.0
2024-11-18 17:00:00,25.780499,7.0,150.0,496.06696,3750.0
2024-11-18 18:00:00,24.3305,7.0,8.0,36.983955,200.0
2024-11-18 19:00:00,23.6805,95.0,0.0,0.0,0.0
2024-11-18 20:00:00,22.9305,10.0,0.0,0.0,0.0
2024-11-18 21:00:00,22.130499,0.0,0.0,0.0,0.0
2024-11-18 22:00:00,21.3305,0.0,0.0,0.0,0.0
2024-11-18 23:00:00,20.7305,0.0,0.0,0.0,0.0
2024-11-19 00:00:00,20.3305,0.0,0.0,0.0,0.0
2024-11-19 01:00:00,19.880499,0.0,0.0,0.0,0.0
2024-11-19 02:00:00,19.4805,0.0,0.0,0.0,0.0
2024-11-19 03:00:00,19.130499,0.0,0.0,0.0,0.0
2024-11-19 04:00:00,18.780499,0.0,0.0,0.0,0.0
2024-11-19 05:00:00,18.4305,2.0,0.0,0.0,0.0
2024-11-19 06:00:00,18.4305,0.0,0.0,0.0,0.0
2024-11-19 07:00:00,19.3305,0.0,55.0,232.34363,1375.0
2024-11-19 08:00:00,21.3305,13.0,260.0,624.64923,6500.0
2024-11-19 09:00:00,23.030499,9.0,474.0,747.1746,11850.0
2024-11-19 10:00:00,24.9305,7.0,651.0,805.10425,16275.0
2024-11-19 11:00:00,26.380499,2.0,773.0,845.0309,19325.0
2024-11-19 12:00:00,27.530499,4.0,828.0,850.96967,20700.0
2024-11-19 13:00:00,28.130499,13.0,791.0,795.8429,19775.0
2024-11-19 14:00:00,28.0805,9.0,694.0,772.7153,17350.0
2024-11-19 15:00:00,27.880499,6.0,564.0,771.51715,14100.0
2024-11-19 16:00:00,27.1805,2.0,369.0,691.84143,9225.0
2024-11-19 17:00:00,25.4805,0.0,149.0,487.6736,3725.0
2024-11-19 18:00:00,23.8305,1.0,8.0,37.074684,200.0
2024-11-19 19:00:00,23.280499,1.0,0.0,0.0,0.0
2024-11-19 20:00:00,22.9805,5.0,0.0,0.0,0.0
2024-11-19 21:00:00,22.2305,0.0,0.0,0.0,0.0
2024-11-19 22:00:00,21.0805,0.0,0.0,0.0,0.0
2024-11-19 23:00:00,20.0805,5.0,0.0,0.0,0.0
2024-11-20 00:00:00,19.4805,16.0,0.0,0.0,0.0
2024-11-20 01:00:00,18.880499,2.0,0.0,0.0,0.0
2024-11-20 02:00:00,18.130499,0.0,0.0,0.0,0.0
2024-11-20 03:00:00,17.4305,0.0,0.0,0.0,0.0
2024-11-20 04:00:00,16.880499,0.0,0.0,0.0,0.0
2024-11-20 05:00:00,16.5805,0.0,0.0,0.0,0.0
2024-11-20 06:00:00,16.9805,7.0,0.0,0.0,0.0
2024-11-20 07:00:00,18.280499,18.0,57.0,248.97466,1425.0
2024-11-20 08:00:00,20.4805,56.0,265.0,645.7675,6625.0
2024-11-20 09:00:00,22.7305,82.0,491.0,802.48517,12275.0
2024-11-20 10:00:00,24.630499,88.0,679.0,880.93066,16975.0
2024-11-20 11:00:00,25.780499,73.0,805.0,914.453,20125.0
2024-11-20 12:00:00,26.630499,17.0,858.0,924.87115,21450.0
2024-11-20 13:00:00,27.1805,28.0,839.0,920.8842,20975.0
2024-11-20 14:00:00,27.380499,9.0,744.0,892.37067,18600.0
2024-11-20 15:00:00,27.1805,44.0,582.0,822.3578,14550.0
2024-11-20 16:00:00,26.630499,73.0,376.0,722.3981,9400.0
2024-11-20 17:00:00,24.9805,97.0,149.0,479.05145,3725.0
2024-11-20 18:00:00,23.0805,27.0,8.0,24.765902,200.0
2024-11-20 19:00:00,23.0805,42.0,0.0,0.0,0.0
2024-11-20 20:00:00,22.3305,67.0,0.0,0.0,0.0
2024-11-20 21:00:00,21.380499,97.0,0.0,0.0,0.0
2024-11-20 22:00:00,20.380499,82.0,0.0,0.0,0.0
2024-11-20 23:00:00,19.4805,7.0,0.0,0.0,0.0
2024-11-21 00:00:00,19.1805,0.0,0.0,0.0,0.0
2024-11-21 01:00:00,18.7305,9.0,0.0,0.0,0.0
2024-11-21 02:00:00,18.1805,29.0,0.0,0.0,0.0
2024-11-21 03:00:00,17.7305,0.0,0.0,0.0,0.0
2024-11-21 04:00:00,17.4305,0.0,0.0,0.0,0.0
2024-11-21 05:00:00,17.2305,0.0,0.0,0.0,0.0
2024-11-21 06:00:00,17.3305,0.0,0.0,0.0,0.0
2024-11-21 07:00:00,18.5805,0.0,54.0,236.35352,1350.0
2024-11-21 08:00:00,20.9805,0.0,259.0,634.5143,6475.0
2024-11-21 09:00:00,23.3305,0.0,483.0,790.6314,12075.0
2024-11-21 10:00:00,25.130499,0.0,670.0,872.2288,16750.0
2024-11-21 11:00:00,26.3305,0.0,797.0,909.5848,19925.0
2024-11-21 12:00:00,27.1805,0.0,852.0,921.33795,21300.0
2024-11-21 13:00:00,27.6805,0.0,833.0,915.69366,20825.0
2024-11-21 14:00:00,27.880499,1.0,739.0,886.123,18475.0
2024-11-21 15:00:00,27.780499,0.0,581.0,827.53687,14525.0
2024-11-21 16:00:00,27.3305,3.0,372.0,706.95496,9300.0
2024-11-21 17:00:00,25.630499,5.0,148.0,485.0547,3700.0
2024-11-21 18:00:00,24.1805,18.0,7.0,37.206276,175.0
2024-11-21 19:00:00,23.780499,69.0,0.0,0.0,0.0
2024-11-21 20:00:00,23.030499,76.0,0.0,0.0,0.0
2024-11-21 21:00:00,21.780499,59.0,0.0,0.0,0.0
2024-11-21 22:00:00,21.130499,67.0,0.0,0.0,0.0
2024-11-21 23:00:00,20.530499,70.0,0.0,0.0,0.0
2024-11-22 00:00:00,19.380499,78.0,0.0,0.0,0.0
2024-11-22 01:00:00,18.6805,74.0,0.0,0.0,0.0
2024-11-22 02:00:00,18.9305,80.0,0.0,0.0,0.0
2024-11-22 03:00:00,18.8305,100.0,0.0,0.0,0.0
2024-11-22 04:00:00,18.0805,99.0,0.0,0.0,0.0
2024-11-22 05:00:00,17.280499,95.0,0.0,0.0,0.0
2024-11-22 06:00:00,17.4305,3.0,0.0,0.0,0.0
2024-11-22 07:00:00,19.130499,0.0,53.0,230.96362,1325.0
2024-11-22 08:00:00,21.6805,32.0,257.0,632.9647,6425.0
2024-11-22 09:00:00,23.630499,86.0,481.0,792.6453,12025.0
2024-11-22 10:00:00,25.4805,78.0,669.0,872.5758,16725.0
2024-11-22 11:00:00,26.8305,37.0,799.0,913.8419,19975.0
2024-11-22 12:00:00,27.7305,14.0,857.0,931.3502,21425.0
2024-11-22 13:00:00,28.380499,18.0,837.0,925.5374,20925.0
2024-11-22 14:00:00,28.7305,37.0,744.0,899.24915,18600.0
2024-11-22 15:00:00,28.630499,29.0,585.0,841.12836,14625.0
2024-11-22 16:00:00,28.1805,13.0,377.0,730.1271,9425.0
2024-11-22 17:00:00,25.780499,7.0,151.0,510.7313,3775.0
2024-11-22 18:00:00,23.030499,74.0,8.0,37.244164,200.0
2024-11-22 19:00:00,22.2305,100.0,0.0,0.0,0.0
2024-11-22 20:00:00,21.5805,96.0,0.0,0.0,0.0
2024-11-22 21:00:00,21.3305,99.0,0.0,0.0,0.0
2024-11-22 22:00:00,20.7305,8.0,0.0,0.0,0.0
2024-11-22 23:00:00,20.1805,0.0,0.0,0.0,0.0
2024-11-23 00:00:00,19.530499,0.0,0.0,0.0,0.0
2024-11-23 01:00:00,18.9805,88.0,0.0,0.0,0.0
2024-11-23 02:00:00,18.4305,0.0,0.0,0.0,0.0
2024-11-23 03:00:00,17.9805,7.0,0.0,0.0,0.0
2024-11-23 04:00:00,17.630499,11.0,0.0,0.0,0.0
2024-11-23 05:00:00,17.130499,7.0,0.0,0.0,0.0
2024-11-23 06:00:00,16.9305,92.0,0.0,0.0,0.0
2024-11-23 07:00:00,18.8305,8.0,51.0,217.96123,1275.0
2024-11-23 08:00:00,21.3305,46.0,254.0,624.7295,6350.0
2024-11-23 09:00:00,23.6805,99.0,477.0,786.6026,11925.0
2024-11-23 10:00:00,25.530499,88.0,659.0,849.9139,16475.0
2024-11-23 11:00:00,26.630499,32.0,786.0,882.4592,19650.0
2024-11-23 12:00:00,27.4305,61.0,848.0,917.75806,21200.0
2024-11-23 13:00:00,27.880499,95.0,829.0,911.3378,20725.0
2024-11-23 14:00:00,28.1805,99.0,736.0,878.86084,18400.0
2024-11-23 15:00:00,28.0805,100.0,571.0,779.7521,14275.0
2024-11-23 16:00:00,27.5805,99.0,367.0,673.0576,9175.0
2024-11-23 17:00:00,25.3305,100.0,148.0,471.74133,3700.0
2024-11-23 18:00:00,23.380499,94.0,8.0,37.26692,200.0
2024-11-23 19:00:00,22.280499,100.0,0.0,0.0,0.0
2024-11-23 20:00:00,21.4805,86.0,0.0,0.0,0.0
2024-11-23 21:00:00,21.130499,100.0,0.0,0.0,0.0
2024-11-23 22:00:00,20.780499,99.0,0.0,0.0,0.0
2024-11-23 23:00:00,19.8305,100.0,0.0,0.0,0.0
2024-11-24 00:00:00,19.3305,95.0,0.0,0.0,0.0
2024-11-24 01:00:00,18.780499,99.0,0.0,0.0,0.0
2024-11-24 02:00:00,18.3305,98.0,0.0,0.0,0.0
2024-11-24 03:00:00,18.030499,93.0,0.0,0.0,0.0
2024-11-24 04:00:00,17.530499,88.0,0.0,0.0,0.0
2024-11-24 05:00:00,17.130499,96.0,0.0,0.0,0.0
2024-11-24 06:00:00,16.780499,98.0,0.0,0.0,0.0
2024-11-24 07:00:00,18.4305,97.0,50.0,212.30669,1250.0
2024-11-24 08:00:00,21.280499,100.0,249.0,599.59186,6225.0
2024-11-24 09:00:00,23.630499,69.0,472.0,768.33185,11800.0
2024-11-24 10:00:00,25.4805,99.0,660.0,853.1647,16500.0
2024-11-24 11:00:00,26.6805,98.0,789.0,891.84143,19725.0
2024-11-24 12:00:00,27.4805,85.0,844.0,895.3079,21100.0
2024-11-24 13:00:00,28.0805,77.0,833.0,921.0623,20825.0
2024-11-24 14:00:00,28.4305,90.0,743.0,900.2299,18575.0
2024-11-24 15:00:00,28.3305,14.0,586.0,845.95874,14650.0
2024-11-24 16:00:00,27.780499,8.0,379.0,739.7797,9475.0
2024-11-24 17:00:00,25.5805,4.0,153.0,521.9477,3825.0
2024-11-24 18:00:00,22.780499,1.0,8.0,37.272583,200.0
2024-11-24 19:00:00,21.9805,12.0,0.0,0.0,0.0
2024-11-24 20:00:00,22.280499,23.0,0.0,0.0,0.0
2024-11-24 21:00:00,21.9305,97.0,0.0,0.0,0.0
2024-11-24 22:00:00,20.880499,100.0,0.0,0.0,0.0
2024-11-24 23:00:00,20.1805,100.0,0.0,0.0,0.0
2024-11-25 00:00:00,19.630499,100.0,0.0,0.0,0.0
2024-11-25 01:00:00,19.130499,99.0,0.0,0.0,0.0
2024-11-25 02:00:00,18.4305,100.0,0.0,0.0,0.0
2024-11-25 03:00:00,17.9805,100.0,0.0,0.0,0.0
2024-11-25 04:00:00,17.4805,100.0,0.0,0.0,0.0
2024-11-25 05:00:00,16.9305,100.0,0.0,0.0,0.0
2024-11-25 06:00:00,16.6805,100.0,0.0,0.0,0.0
2024-11-25 07:00:00,17.780499,82.0,49.0,214.19398,1225.0
2024-11-25 08:00:00,20.0805,93.0,250.0,624.66907,6250.0
2024-11-25 09:00:00,22.5805,93.0,473.0,784.38,11825.0
2024-11-25 10:00:00,24.5805,100.0,659.0,861.0168,16475.0
2024-11-25 11:00:00,25.880499,99.0,787.0,902.5473,19675.0
2024-11-25 12:00:00,26.8305,99.0,845.0,920.1097,21125.0
2024-11-25 13:00:00,27.380499,92.0,826.0,914.2397,20650.0
2024-11-25 14:00:00,27.8305,98.0,736.0,892.17194,18400.0
2024-11-25 15:00:00,27.8305,100.0,579.0,826.85474,14475.0
2024-11-25 16:00:00,27.2305,100.0,373.0,721.2593,9325.0
2024-11-25 17:00:00,25.630499,97.0,150.0,497.4213,3750.0
2024-11-25 18:00:00,22.9805,99.0,8.0,24.837725,200.0
2024-11-25 19:00:00,22.0805,100.0,0.0,0.0,0.0
2024-11-25 20:00:00,21.280499,100.0,0.0,0.0,0.0
2024-11-25 21:00:00,20.7305,100.0,0.0,0.0,0.0
2024-11-25 22:00:00,20.130499,100.0,0.0,0.0,0.0
2024-11-25 23:00:00,19.5805,100.0,0.0,0.0,0.0
2024-11-26 00:00:00,18.780499,100.0,0.0,0.0,0.0
2024-11-26 01:00:00,17.9805,100.0,0.0,0.0,0.0
2024-11-26 02:00:00,17.5805,100.0,0.0,0.0,0.0
2024-11-26 03:00:00,17.130499,99.0,0.0,0.0,0.0
2024-11-26 04:00:00,16.9805,100.0,0.0,0.0,0.0
2024-11-26 05:00:00,16.7305,93.0,0.0,0.0,0.0
2024-11-26 06:00:00,16.5805,100.0,0.0,0.0,0.0
2024-11-26 07:00:00,17.280499,99.0,45.0,131.20709,1125.0
2024-11-26 08:00:00,19.5805,97.0,239.0,544.59674,5975.0
2024-11-26 09:00:00,22.0805,38.0,471.0,782.1594,11775.0
2024-11-26 10:00:00,24.1805,100.0,659.0,867.32056,16475.0
2024-11-26 11:00:00,25.780499,100.0,788.0,906.5945,19700.0
2024-11-26 12:00:00,26.8305,100.0,826.0,836.07153,20650.0
2024-11-26 13:00:00,27.4805,88.0,812.0,851.30835,20300.0
2024-11-26 14:00:00,27.8305,53.0,727.0,858.7245,18175.0
2024-11-26 15:00:00,27.7305,14.0,575.0,824.68005,14375.0
2024-11-26 16:00:00,27.1805,6.0,372.0,722.0597,9300.0
2024-11-26 17:00:00,25.4305,1.0,150.0,502.5275,3750.0
2024-11-26 18:00:00,23.530499,100.0,7.0,24.817415,175.0
2024-11-26 19:00:00,23.530499,100.0,0.0,0.0,0.0
2024-11-26 20:00:00,22.9805,100.0,0.0,0.0,0.0
2024-11-26 21:00:00,22.2305,100.0,0.0,0.0,0.0
2024-11-26 22:00:00,21.4805,100.0,0.0,0.0,0.0
2024-11-26 23:00:00,20.4305,100.0,0.0,0.0,0.0
2024-11-27 00:00:00,19.7305,100.0,0.0,0.0,0.0
2024-11-27 01:00:00,19.0805,99.0,0.0,0.0,0.0
2024-11-27 02:00:00,18.630499,100.0,0.0,0.0,0.0
2024-11-27 03:00:00,18.280499,100.0,0.0,0.0,0.0
2024-11-27 04:00:00,17.9805,93.0,0.0,0.0,0.0
2024-11-27 05:00:00,17.630499,84.0,0.0,0.0,0.0
2024-11-27 06:00:00,17.2305,100.0,0.0,0.0,0.0
2024-11-27 07:00:00,17.9805,100.0,41.0,116.8057,1025.0
2024-11-27 08:00:00,20.130499,100.0,222.0,456.3302,5550.0
2024-11-27 09:00:00,22.280499,100.0,428.0,599.26227,10700.0
2024-11-27 10:00:00,24.130499,100.0,620.0,739.92194,15500.0
2024-11-27 11:00:00,25.530499,100.0,712.0,663.5838,17800.0
2024-11-27 12:00:00,26.5805,98.0,738.0,579.6522,18450.0
2024-11-27 13:00:00,27.4305,87.0,764.0,706.4168,19100.0
2024-11-27 14:00:00,27.9305,100.0,713.0,812.40564,17825.0
2024-11-27 15:00:00,27.8305,100.0,512.0,548.25073,12800.0
2024-11-27 16:00:00,27.130499,100.0,274.0,253.92555,6850.0
2024-11-27 17:00:00,25.530499,100.0,115.0,174.11896,2875.0
2024-11-27 18:00:00,23.3305,100.0,6.0,0.0,150.0
2024-11-27 19:00:00,22.9305,100.0,0.0,0.0,0.0
2024-11-27 20:00:00,22.4305,100.0,0.0,0.0,0.0
2024-11-27 21:00:00,21.880499,100.0,0.0,0.0,0.0
2024-11-27 22:00:00,20.7305,100.0,0.0,0.0,0.0
2024-11-27 23:00:00,19.6805,100.0,0.0,0.0,0.0
2024-11-28 00:00:00,19.030499,100.0,0.0,0.0,0.0
2024-11-28 01:00:00,18.5805,100.0,0.0,0.0,0.0
2024-11-28 02:00:00,17.880499,99.0,0.0,0.0,0.0
2024-11-28 03:00:00,17.4305,100.0,0.0,0.0,0.0
2024-11-28 04:00:00,16.9805,100.0,0.0,0.0,0.0
2024-11-28 05:00:00,16.4305,100.0,0.0,0.0,0.0
2024-11-28 06:00:00,16.0805,100.0,0.0,0.0,0.0
2024-11-28 07:00:00,16.630499,100.0,42.0,125.70749,1050.0
2024-11-28 08:00:00,18.530499,100.0,220.0,425.39786,5500.0
2024-11-28 09:00:00,20.880499,100.0,455.0,705.299,11375.0
2024-11-28 10:00:00,23.0805,81.0,645.0,801.86395,16125.0
2024-11-28 11:00:00,24.630499,96.0,789.0,897.1279,19725.0
2024-11-28 12:00:00,25.6805,98.0,851.0,921.8285,21275.0
2024-11-28 13:00:00,26.3305,97.0,839.0,926.2671,20975.0
2024-11-28 14:00:00,26.780499,8.0,752.0,917.87335,18800.0
2024-11-28 15:00:00,26.6805,13.0,595.0,869.68445,14875.0
2024-11-28 16:00:00,25.9805,0.0,386.0,759.8562,9650.0
2024-11-28 17:00:00,24.280499,1.0,157.0,541.95416,3925.0
2024-11-28 18:00:00,22.5805,2.0,9.0,49.478806,225.0
2024-11-28 19:00:00,22.0805,1.0,0.0,0.0,0.0
2024-11-28 20:00:00,21.0805,0.0,0.0,0.0,0.0
2024-11-28 21:00:00,19.9805,9.0,0.0,0.0,0.0
2024-11-28 22:00:00,18.7305,12.0,0.0,0.0,0.0
2024-11-28 23:00:00,17.6805,0.0,0.0,0.0,0.0
2024-11-29 00:00:00,17.2305,6.0,0.0,0.0,0.0
2024-11-29 01:00:00,17.030499,89.0,0.0,0.0,0.0
2024-11-29 02:00:00,16.530499,84.0,0.0,0.0,0.0
2024-11-29 03:00:00,15.9805,99.0,0.0,0.0,0.0
2024-11-29 04:00:00,15.3805,100.0,0.0,0.0,0.0
2024-11-29 05:00:00,14.9305,100.0,0.0,0.0,0.0
2024-11-29 06:00:00,14.9305,60.0,0.0,0.0,0.0
2024-11-29 07:00:00,15.6305,87.0,45.0,206.12892,1125.0
2024-11-29 08:00:00,18.030499,11.0,245.0,638.03296,6125.0
2024-11-29 09:00:00,20.630499,26.0,471.0,804.0773,11775.0
2024-11-29 10:00:00,23.030499,34.0,657.0,878.3144,16425.0
2024-11-29 11:00:00,24.9305,32.0,783.0,913.08374,19575.0
2024-11-29 12:00:00,26.0805,0.0,838.0,925.2007,20950.0
2024-11-29 13:00:00,26.880499,0.0,821.0,917.7572,20525.0
2024-11-29 14:00:00,27.4805,28.0,731.0,891.03326,18275.0
2024-11-29 15:00:00,27.6805,33.0,577.0,834.54034,14425.0
2024-11-29 16:00:00,27.3305,5.0,373.0,725.97626,9325.0
2024-11-29 17:00:00,25.4305,0.0,150.0,506.6187,3750.0
2024-11-29 18:00:00,23.030499,61.0,8.0,37.019115,200.0
2024-11-29 19:00:00,22.780499,11.0,0.0,0.0,0.0
2024-11-29 20:00:00,22.380499,82.0,0.0,0.0,0.0
2024-11-29 21:00:00,21.4305,98.0,0.0,0.0,0.0
2024-11-29 22:00:00,20.2305,100.0,0.0,0.0,0.0
2024-11-29 23:00:00,19.630499,100.0,0.0,0.0,0.0
2024-11-30 00:00:00,19.530499,100.0,0.0,0.0,0.0
2024-11-30 01:00:00,19.2305,100.0,0.0,0.0,0.0
2024-11-30 02:00:00,18.880499,100.0,0.0,0.0,0.0
2024-11-30 03:00:00,18.8305,100.0,0.0,0.0,0.0
2024-11-30 04:00:00,18.630499,100.0,0.0,0.0,0.0
2024-11-30 05:00:00,18.280499,100.0,0.0,0.0,0.0
2024-11-30 06:00:00,17.8305,100.0,0.0,0.0,0.0
2024-11-30 07:00:00,18.530499,100.0,39.0,128.02516,975.0
2024-11-30 08:00:00,20.630499,100.0,219.0,478.0795,5475.0
2024-11-30 09:00:00,22.780499,100.0,407.0,562.2986,10175.0
2024-11-30 10:00:00,24.780499,100.0,578.0,600.20575,14450.0
2024-11-30 11:00:00,26.3305,100.0,699.0,630.16833,17475.0
2024-11-30 12:00:00,27.9805,100.0,739.0,595.0193,18475.0
2024-11-30 13:00:00,27.9805,100.0,524.0,262.86853,13100.0
2024-11-30 14:00:00,28.280499,100.0,418.0,184.94473,10450.0
2024-11-30 15:00:00,28.6805,100.0,463.0,465.76904,11575.0
2024-11-30 16:00:00,27.8305,100.0,251.0,205.37056,6275.0
2024-11-30 17:00:00,26.530499,100.0,109.0,114.06277,2725.0
2024-11-30 18:00:00,23.880499,100.0,6.0,0.0,150.0
2024-11-30 19:00:00,23.030499,100.0,0.0,0.0,0.0
2024-11-30 20:00:00,22.9805,100.0,0.0,0.0,0.0
2024-11-30 21:00:00,22.7305,100.0,0.0,0.0,0.0
2024-11-30 22:00:00,21.9805,100.0,0.0,0.0,0.0
2024-11-30 23:00:00,21.3305,100.0,0.0,0.0,0.0
2024-12-01 00:00:00,20.8305,100.0,0.0,0.0,0.0
2024-12-01 01:00:00,20.8305,100.0,0.0,0.0,0.0
2024-12-01 02:00:00,20.5805,100.0,0.0,0.0,0.0
2024-12-01 03:00:00,20.4305,100.0,0.0,0.0,0.0
2024-12-01 04:00:00,20.130499,100.0,0.0,0.0,0.0
2024-12-01 05:00:00,20.030499,100.0,0.0,0.0,0.0
2024-12-01 06:00:00,19.9305,100.0,0.0,0.0,0.0
2024-12-01 07:00:00,20.5805,100.0,32.0,40.38724,800.0
2024-12-01 08:00:00,22.4305,100.0,188.0,301.30542,4700.0
2024-12-01 09:00:00,24.2305,100.0,386.0,504.39557,9650.0
2024-12-01 10:00:00,25.8305,97.0,532.0,503.00555,13300.0
2024-12-01 11:00:00,27.8305,100.0,721.0,776.37646,18025.0
2024-12-01 12:00:00,27.530499,100.0,422.0,122.80809,10550.0
2024-12-01 13:00:00,28.0805,100.0,442.0,134.86987,11050.0
2024-12-01 14:00:00,28.780499,100.0,468.0,284.12744,11700.0
2024-12-01 15:00:00,28.530499,100.0,309.0,137.59927,7725.0
2024-12-01 16:00:00,27.9805,100.0,151.0,31.783043,3775.0
2024-12-01 17:00:00,27.1805,100.0,88.0,113.83553,2200.0
2024-12-01 18:00:00,25.4805,100.0,7.0,12.259101,175.0
2024-12-01 19:00:00,24.630499,100.0,0.0,0.0,0.0
2024-12-01 20:00:00,24.1805,100.0,0.0,0.0,0.0
2024-12-01 21:00:00,23.780499,99.0,0.0,0.0,0.0
2024-12-01 22:00:00,23.0805,100.0,0.0,0.0,0.0
2024-12-01 23:00:00,22.6805,100.0,0.0,0.0,0.0
2024-12-02 00:00:00,22.2305,87.0,0.0,0.0,0.0
2024-12-02 01:00:00,21.8305,19.0,0.0,0.0,0.0
2024-12-02 02:00:00,21.4305,17.0,0.0,0.0,0.0
2024-12-02 03:00:00,21.2305,100.0,0.0,0.0,0.0
2024-12-02 04:00:00,20.7305,100.0,0.0,0.0,0.0
2024-12-02 05:00:00,20.630499,96.0,0.0,0.0,0.0
2024-12-02 06:00:00,21.780499,100.0,0.0,0.0,0.0
2024-12-02 07:00:00,21.880499,100.0,29.0,24.466236,725.0
2024-12-02 08:00:00,23.280499,75.0,170.0,218.07027,4250.0
2024-12-02 09:00:00,24.8305,95.0,303.0,309.19446,7575.0
2024-12-02 10:00:00,26.630499,100.0,452.0,454.15314,11300.0
2024-12-02 11:00:00,27.880499,100.0,644.0,634.9705,16100.0
2024-12-02 12:00:00,28.3305,100.0,728.0,668.62775,18200.0
2024-12-02 13:00:00,28.1805,100.0,527.0,362.8103,13175.0
2024-12-02 14:00:00,26.8305,100.0,365.0,229.26152,9125.0
2024-12-02 15:00:00,25.3305,100.0,103.0,0.0,2575.0
2024-12-02 16:00:00,25.7305,100.0,124.0,31.775509,3100.0
2024-12-02 17:00:00,26.130499,100.0,86.0,49.37309,2150.0
2024-12-02 18:00:00,23.780499,100.0,4.0,0.0,100.0
2024-12-02 19:00:00,23.4805,100.0,0.0,0.0,0.0
2024-12-02 20:00:00,23.030499,100.0,0.0,0.0,0.0
2024-12-02 21:00:00,22.4805,100.0,0.0,0.0,0.0
2024-12-02 22:00:00,22.030499,94.0,0.0,0.0,0.0
2024-12-02 23:00:00,21.9305,77.0,0.0,0.0,0.0
2024-12-03 00:00:00,21.7305,86.0,0.0,0.0,0.0
2024-12-03 01:00:00,21.530499,100.0,0.0,0.0,0.0
2024-12-03 02:00:00,21.380499,100.0,0.0,0.0,0.0
2024-12-03 03:00:00,21.2305,100.0,0.0,0.0,0.0
2024-12-03 04:00:00,21.1805,100.0,0.0,0.0,0.0
2024-12-03 05:00:00,21.280499,100.0,0.0,0.0,0.0
2024-12-03 06:00:00,21.780499,100.0,0.0,0.0,0.0
2024-12-03 07:00:00,22.130499,100.0,20.0,24.706074,500.0
2024-12-03 08:00:00,22.880499,100.0,102.0,32.45113,2550.0
2024-12-03 09:00:00,23.6805,100.0,187.0,48.61904,4675.0
2024-12-03 10:00:00,24.8305,100.0,281.0,57.16769,7025.0
2024-12-03 11:00:00,26.7305,100.0,497.0,238.9184,12425.0
2024-12-03 12:00:00,27.2305,100.0,472.0,147.47632,11800.0
2024-12-03 13:00:00,28.030499,100.0,543.0,268.0168,13575.0
2024-12-03 14:00:00,28.630499,97.0,550.0,436.33325,13750.0
2024-12-03 15:00:00,28.4805,100.0,400.0,425.28543,10000.0
2024-12-03 16:00:00,28.380499,100.0,308.0,459.31543,7700.0
2024-12-03 17:00:00,27.130499,100.0,117.0,241.23802,2925.0
2024-12-03 18:00:00,24.4805,100.0,5.0,0.0,125.0
2024-12-03 19:00:00,23.9305,100.0,0.0,0.0,0.0
2024-12-03 20:00:00,23.4305,100.0,0.0,0.0,0.0
2024-12-03 21:00:00,22.9305,100.0,0.0,0.0,0.0
2024-12-03 22:00:00,22.380499,100.0,0.0,0.0,0.0
2024-12-03 23:00:00,21.9805,100.0,0.0,0.0,0.0
2024-12-04 00:00:00,21.780499,100.0,0.0,0.0,0.0
2024-12-04 01:00:00,21.380499,100.0,0.0,0.0,0.0
2024-12-04 02:00:00,21.530499,100.0,0.0,0.0,0.0
2024-12-04 03:00:00,21.6805,100.0,0.0,0.0,0.0
2024-12-04 04:00:00,21.530499,100.0,0.0,0.0,0.0
2024-12-04 05:00:00,21.380499,100.0,0.0,0.0,0.0
2024-12-04 06:00:00,21.630499,41.0,0.0,0.0,0.0
2024-12-04 07:00:00,21.630499,17.0,28.0,83.17054,700.0
2024-12-04 08:00:00,22.8305,42.0,192.0,440.07672,4800.0
2024-12-04 09:00:00,24.530499,36.0,370.0,511.9872,9250.0
2024-12-04 10:00:00,26.030499,11.0,547.0,640.6017,13675.0
2024-12-04 11:00:00,27.380499,1.0,703.0,777.1538,17575.0
2024-12-04 12:00:00,28.4805,29.0,783.0,852.2191,19575.0
2024-12-04 13:00:00,29.030499,5.0,776.0,858.12585,19400.0
2024-12-04 14:00:00,29.2305,61.0,692.0,833.77454,17300.0
2024-12-04 15:00:00,29.130499,13.0,550.0,787.10815,13750.0
2024-12-04 16:00:00,28.7305,1.0,356.0,681.1937,8900.0
2024-12-04 17:00:00,26.9805,2.0,145.0,471.09296,3625.0
2024-12-04 18:00:00,25.6805,9.0,8.0,36.2737,200.0
2024-12-04 19:00:00,25.030499,1.0,0.0,0.0,0.0
2024-12-04 20:00:00,23.780499,0.0,0.0,0.0,0.0
2024-12-04 21:00:00,22.9305,0.0,0.0,0.0,0.0
2024-12-04 22:00:00,22.3305,0.0,0.0,0.0,0.0
2024-12-04 23:00:00,21.880499,0.0,0.0,0.0,0.0
2024-12-05 00:00:00,21.630499,2.0,0.0,0.0,0.0
2024-12-05 01:00:00,21.3305,6.0,0.0,0.0,0.0
2024-12-05 02:00:00,21.030499,16.0,0.0,0.0,0.0
2024-12-05 03:00:00,20.880499,8.0,0.0,0.0,0.0
2024-12-05 04:00:00,20.5805,2.0,0.0,0.0,0.0
2024-12-05 05:00:00,20.2305,0.0,0.0,0.0,0.0
2024-12-05 06:00:00,21.030499,6.0,0.0,0.0,0.0
2024-12-05 07:00:00,21.630499,0.0,32.0,117.607155,800.0
2024-12-05 08:00:00,23.4305,6.0,202.0,491.6195,5050.0
2024-12-05 09:00:00,25.1805,2.0,409.0,672.5273,10225.0
2024-12-05 10:00:00,26.7305,16.0,585.0,759.5435,14625.0
2024-12-05 11:00:00,27.8305,16.0,691.0,765.49634,17275.0
2024-12-05 12:00:00,28.4805,21.0,727.0,746.6391,18175.0
2024-12-05 13:00:00,28.780499,22.0,681.0,684.8534,17025.0
2024-12-05 14:00:00,29.130499,16.0,633.0,719.5082,15825.0
2024-12-05 15:00:00,28.780499,52.0,473.0,623.591,11825.0
2024-12-05 16:00:00,27.5805,47.0,272.0,404.94992,6800.0
2024-12-05 17:00:00,24.530499,62.0,107.0,249.36021,2675.0
2024-12-05 18:00:00,22.880499,82.0,5.0,0.0,125.0
2024-12-05 19:00:00,22.0805,98.0,0.0,0.0,0.0
2024-12-05 20:00:00,21.780499,100.0,0.0,0.0,0.0
2024-12-05 21:00:00,21.7305,100.0,0.0,0.0,0.0
2024-12-05 22:00:00,21.280499,100.0,0.0,0.0,0.0
2024-12-05 23:00:00,21.3305,99.0,0.0,0.0,0.0
2024-12-06 00:00:00,21.530499,57.0,0.0,0.0,0.0
2024-12-06 01:00:00,21.0805,87.0,0.0,0.0,0.0
2024-12-06 02:00:00,20.6805,93.0,0.0,0.0,0.0
2024-12-06 03:00:00,20.280499,100.0,0.0,0.0,0.0
2024-12-06 04:00:00,19.9805,96.0,0.0,0.0,0.0
2024-12-06 05:00:00,20.130499,96.0,0.0,0.0,0.0
2024-12-06 06:00:00,21.280499,95.0,0.0,0.0,0.0
2024-12-06 07:00:00,21.880499,89.0,30.0,118.797935,750.0
2024-12-06 08:00:00,23.530499,82.0,199.0,488.5364,4975.0
2024-12-06 09:00:00,25.2305,95.0,384.0,600.76416,9600.0
2024-12-06 10:00:00,26.530499,93.0,568.0,715.59924,14200.0
2024-12-06 11:00:00,27.280499,51.0,630.0,660.70844,15750.0
2024-12-06 12:00:00,28.130499,61.0,677.0,646.9971,16925.0
2024-12-06 13:00:00,27.9305,100.0,560.0,424.37396,14000.0
2024-12-06 14:00:00,24.280499,87.0,241.0,42.604767,6025.0
2024-12-06 15:00:00,25.3305,86.0,333.0,292.85562,8325.0
2024-12-06 16:00:00,25.7305,93.0,270.0,346.038,6750.0
2024-12-06 17:00:00,25.0805,95.0,112.0,228.8873,2800.0
2024-12-06 18:00:00,24.6805,72.0,6.0,11.954273,150.0
2024-12-06 19:00:00,23.380499,80.0,0.0,0.0,0.0
2024-12-06 20:00:00,22.780499,68.0,0.0,0.0,0.0
2024-12-06 21:00:00,22.5805,67.0,0.0,0.0,0.0
2024-12-06 22:00:00,22.4805,72.0,0.0,0.0,0.0
2024-12-06 23:00:00,22.0805,100.0,0.0,0.0,0.0
2024-12-07 00:00:00,21.9805,96.0,0.0,0.0,0.0
2024-12-07 01:00:00,22.1805,14.0,0.0,0.0,0.0
2024-12-07 02:00:00,21.4305,14.0,0.0,0.0,0.0
2024-12-07 03:00:00,21.1805,4.0,0.0,0.0,0.0
2024-12-07 04:00:00,20.8305,6.0,0.0,0.0,0.0
2024-12-07 05:00:00,20.5805,39.0,0.0,0.0,0.0
2024-12-07 06:00:00,21.380499,16.0,0.0,0.0,0.0
2024-12-07 07:00:00,21.3305,21.0,24.0,68.57646,600.0
2024-12-07 08:00:00,22.9305,11.0,179.0,369.62772,4475.0
2024-12-07 09:00:00,24.880499,41.0,397.0,644.68524,9925.0
2024-12-07 10:00:00,26.380499,35.0,559.0,676.13965,13975.0
2024-12-07 11:00:00,27.4305,69.0,658.0,688.36597,16450.0
2024-12-07 12:00:00,28.380499,35.0,746.0,772.3813,18650.0
2024-12-07 13:00:00,28.880499,52.0,707.0,695.6045,17675.0
2024-12-07 14:00:00,28.6805,90.0,440.0,265.72955,11000.0
2024-12-07 15:00:00,27.630499,100.0,387.0,335.88693,9675.0
2024-12-07 16:00:00,24.380499,100.0,119.0,65.714355,2975.0
2024-12-07 17:00:00,23.4805,99.0,65.0,58.18713,1625.0
2024-12-07 18:00:00,22.8305,99.0,6.0,0.0,150.0
2024-12-07 19:00:00,22.4305,100.0,0.0,0.0,0.0
2024-12-07 20:00:00,22.0805,100.0,0.0,0.0,0.0
2024-12-07 21:00:00,21.9805,100.0,0.0,0.0,0.0
2024-12-07 22:00:00,21.780499,100.0,0.0,0.0,0.0
2024-12-07 23:00:00,21.6805,100.0,0.0,0.0,0.0
2024-12-08 00:00:00,21.4805,100.0,0.0,0.0,0.0
2024-12-08 01:00:00,21.280499,100.0,0.0,0.0,0.0
2024-12-08 02:00:00,21.2305,100.0,0.0,0.0,0.0
2024-12-08 03:00:00,21.030499,100.0,0.0,0.0,0.0
2024-12-08 04:00:00,20.630499,100.0,0.0,0.0,0.0
2024-12-08 05:00:00,20.630499,100.0,0.0,0.0,0.0
2024-12-08 06:00:00,21.2305,19.0,0.0,0.0,0.0
2024-12-08 07:00:00,21.880499,8.0,26.0,86.59559,650.0
2024-12-08 08:00:00,23.630499,21.0,190.0,463.27652,4750.0
2024-12-08 09:00:00,25.630499,76.0,395.0,643.49005,9875.0
2024-12-08 10:00:00,26.9805,97.0,542.0,686.4369,13550.0
2024-12-08 11:00:00,27.8305,60.0,662.0,729.8464,16550.0
2024-12-08 12:00:00,28.280499,78.0,659.0,633.8231,16475.0
2024-12-08 13:00:00,28.5805,96.0,733.0,766.38666,18325.0
2024-12-08 14:00:00,28.780499,90.0,625.0,669.627,15625.0
2024-12-08 15:00:00,28.1805,97.0,428.0,511.45917,10700.0
2024-12-08 16:00:00,28.380499,98.0,295.0,466.63855,7375.0
2024-12-08 17:00:00,25.630499,100.0,125.0,333.02887,3125.0
2024-12-08 18:00:00,23.530499,100.0,7.0,11.800834,175.0
2024-12-08 19:00:00,23.030499,100.0,0.0,0.0,0.0
2024-12-08 20:00:00,22.380499,100.0,0.0,0.0,0.0
2024-12-08 21:00:00,21.780499,98.0,0.0,0.0,0.0
2024-12-08 22:00:00,21.530499,99.0,0.0,0.0,0.0
2024-12-08 23:00:00,21.3305,98.0,0.0,0.0,0.0
2024-12-09 00:00:00,21.3305,99.0,0.0,0.0,0.0
2024-12-09 01:00:00,21.030499,100.0,0.0,0.0,0.0
2024-12-09 02:00:00,21.4305,100.0,0.0,0.0,0.0
2024-12-09 03:00:00,20.9305,100.0,0.0,0.0,0.0
2024-12-09 04:00:00,20.4305,100.0,0.0,0.0,0.0
2024-12-09 05:00:00,20.4305,100.0,0.0,0.0,0.0
2024-12-09 06:00:00,20.530499,63.0,0.0,0.0,0.0
2024-12-09 07:00:00,21.280499,33.0,28.0,104.97708,700.0
2024-12-09 08:00:00,23.280499,15.0,191.0,455.94354,4775.0
2024-12-09 09:00:00,25.0805,8.0,401.0,657.46783,10025.0
2024-12-09 10:00:00,26.130499,43.0,551.0,688.6421,13775.0
2024-12-09 11:00:00,26.7305,40.0,576.0,564.81714,14400.0
2024-12-09 12:00:00,26.880499,69.0,682.0,663.10187,17050.0
2024-12-09 13:00:00,27.130499,97.0,530.0,360.85773,13250.0
2024-12-09 14:00:00,27.780499,100.0,501.0,459.3896,12525.0
2024-12-09 15:00:00,28.0805,100.0,429.0,433.80453,10725.0
2024-12-09 16:00:00,27.380499,97.0,231.0,235.3741,5775.0
2024-12-09 17:00:00,26.5805,100.0,120.0,264.15216,3000.0
2024-12-09 18:00:00,24.630499,87.0,7.0,11.718897,175.0
2024-12-09 19:00:00,23.5805,88.0,0.0,0.0,0.0
2024-12-09 20:00:00,23.280499,73.0,0.0,0.0,0.0
2024-12-09 21:00:00,22.030499,75.0,0.0,0.0,0.0
2024-12-09 22:00:00,21.7305,99.0,0.0,0.0,0.0
2024-12-09 23:00:00,21.4805,99.0,0.0,0.0,0.0
2024-12-10 00:00:00,20.9805,98.0,0.0,0.0,0.0
2024-12-10 01:00:00,20.9305,96.0,0.0,0.0,0.0
2024-12-10 02:00:00,20.9305,99.0,0.0,0.0,0.0
2024-12-10 03:00:00,20.2305,96.0,0.0,0.0,0.0
2024-12-10 04:00:00,20.030499,99.0,0.0,0.0,0.0
2024-12-10 05:00:00,19.780499,100.0,0.0,0.0,0.0
2024-12-10 06:00:00,20.380499,99.0,0.0,0.0,0.0
2024-12-10 07:00:00,20.780499,93.0,24.0,70.699905,600.0
2024-12-10 08:00:00,21.8305,99.0,152.0,272.12085,3800.0
2024-12-10 09:00:00,23.380499,89.0,318.0,382.78546,7950.0
2024-12-10 10:00:00,25.0805,75.0,511.0,555.89075,12775.0
2024-12-10 11:00:00,26.3305,77.0,666.0,713.78076,16650.0
2024-12-10 12:00:00,27.2305,50.0,726.0,728.44543,18150.0
2024-12-10 13:00:00,27.6805,30.0,694.0,702.87286,17350.0
2024-12-10 14:00:00,27.9805,28.0,638.0,712.7465,15950.0
2024-12-10 15:00:00,27.780499,32.0,480.0,598.7638,12000.0
2024-12-10 16:00:00,27.2305,47.0,318.0,547.4331,7950.0
2024-12-10 17:00:00,26.3305,37.0,128.0,358.33926,3200.0
2024-12-10 18:00:00,24.530499,19.0,9.0,34.903946,225.0
2024-12-10 19:00:00,23.7305,55.0,0.0,0.0,0.0
2024-12-10 20:00:00,23.1805,71.0,0.0,0.0,0.0
2024-12-10 21:00:00,23.1805,74.0,0.0,0.0,0.0
2024-12-10 22:00:00,22.7305,85.0,0.0,0.0,0.0
2024-12-10 23:00:00,22.280499,93.0,0.0,0.0,0.0
2024-12-11 00:00:00,21.7305,100.0,0.0,0.0,0.0
2024-12-11 01:00:00,21.530499,91.0,0.0,0.0,0.0
2024-12-11 02:00:00,21.030499,99.0,0.0,0.0,0.0
2024-12-11 03:00:00,20.6805,98.0,0.0,0.0,0.0
2024-12-11 04:00:00,20.1805,47.0,0.0,0.0,0.0
2024-12-11 05:00:00,19.7305,8.0,0.0,0.0,0.0
2024-12-11 06:00:00,19.7305,7.0,0.0,0.0,0.0
2024-12-11 07:00:00,20.1805,11.0,28.0,116.05529,700.0
2024-12-11 08:00:00,22.130499,2.0,200.0,521.8922,5000.0
2024-12-11 09:00:00,24.130499,98.0,411.0,694.411,10275.0
2024-12-11 10:00:00,25.530499,64.0,542.0,652.144,13550.0
2024-12-11 11:00:00,26.7305,63.0,662.0,672.3913,16550.0
2024-12-11 12:00:00,27.4805,30.0,723.0,697.2482,18075.0
2024-12-11 13:00:00,28.030499,47.0,746.0,787.9474,18650.0
2024-12-11 14:00:00,28.3305,87.0,680.0,806.77344,17000.0
2024-12-11 15:00:00,28.280499,58.0,530.0,698.12134,13250.0
2024-12-11 16:00:00,27.9305,78.0,354.0,638.2527,8850.0
2024-12-11 17:00:00,26.3305,100.0,136.0,361.1427,3400.0
2024-12-11 18:00:00,24.3305,98.0,9.0,23.095793,225.0
2024-12-11 19:00:00,23.280499,100.0,0.0,0.0,0.0
2024-12-11 20:00:00,22.880499,99.0,0.0,0.0,0.0
2024-12-11 21:00:00,22.530499,100.0,0.0,0.0,0.0
2024-12-11 22:00:00,22.030499,100.0,0.0,0.0,0.0
2024-12-11 23:00:00,21.4805,92.0,0.0,0.0,0.0
2024-12-12 00:00:00,20.5805,24.0,0.0,0.0,0.0
2024-12-12 01:00:00,19.8305,7.0,0.0,0.0,0.0
2024-12-12 02:00:00,19.380499,4.0,0.0,0.0,0.0
2024-12-12 03:00:00,18.9805,11.0,0.0,0.0,0.0
2024-12-12 04:00:00,18.6805,0.0,0.0,0.0,0.0
2024-12-12 05:00:00,18.280499,0.0,0.0,0.0,0.0
2024-12-12 06:00:00,17.780499,51.0,0.0,0.0,0.0
2024-12-12 07:00:00,18.3305,6.0,27.0,126.24465,675.0
2024-12-12 08:00:00,20.4805,0.0,199.0,541.95447,4975.0
2024-12-12 09:00:00,22.530499,0.0,411.0,719.6412,10275.0
2024-12-12 10:00:00,24.4805,41.0,596.0,812.67755,14900.0
2024-12-12 11:00:00,25.9805,13.0,725.0,859.5023,18125.0
2024-12-12 12:00:00,27.0805,25.0,788.0,874.9578,19700.0
2024-12-12 13:00:00,27.7305,52.0,778.0,867.86316,19450.0
2024-12-12 14:00:00,28.030499,79.0,692.0,821.0471,17300.0
2024-12-12 15:00:00,28.030499,97.0,553.0,785.22754,13825.0
2024-12-12 16:00:00,27.4805,99.0,352.0,620.0428,8800.0
2024-12-12 17:00:00,25.9805,100.0,142.0,354.3715,3550.0
2024-12-12 18:00:00,24.380499,96.0,11.0,45.83843,275.0
2024-12-12 19:00:00,24.2305,100.0,0.0,0.0,0.0
2024-12-12 20:00:00,23.7305,99.0,0.0,0.0,0.0
2024-12-12 21:00:00,22.6805,100.0,0.0,0.0,0.0
2024-12-12 22:00:00,21.8305,100.0,0.0,0.0,0.0
2024-12-12 23:00:00,21.3305,99.0,0.0,0.0,0.0
2024-12-13 00:00:00,21.0805,100.0,0.0,0.0,0.0
2024-12-13 01:00:00,20.7305,100.0,0.0,0.0,0.0
2024-12-13 02:00:00,20.0805,68.0,0.0,0.0,0.0
2024-12-13 03:00:00,19.630499,95.0,0.0,0.0,0.0
2024-12-13 04:00:00,19.4305,96.0,0.0,0.0,0.0
2024-12-13 05:00:00,19.0805,99.0,0.0,0.0,0.0
2024-12-13 06:00:00,18.880499,83.0,0.0,0.0,0.0
2024-12-13 07:00:00,19.530499,96.0,25.0,91.07544,625.0
2024-12-13 08:00:00,21.4305,100.0,179.0,408.91187,4475.0
2024-12-13 09:00:00,22.9305,100.0,314.0,363.63174,7850.0
2024-12-13 10:00:00,24.530499,99.0,472.0,439.46997,11800.0
2024-12-13 11:00:00,26.030499,99.0,614.0,544.4617,15350.0
2024-12-13 12:00:00,26.880499,100.0,617.0,503.9013,15425.0
2024-12-13 13:00:00,27.9305,100.0,682.0,637.9364,17050.0
2024-12-13 14:00:00,28.2305,100.0,549.0,461.01337,13725.0
2024-12-13 15:00:00,28.280499,100.0,465.0,490.98373,11625.0
2024-12-13 16:00:00,27.7305,100.0,276.0,327.38855,6900.0
2024-12-13 17:00:00,26.630499,94.0,131.0,324.10522,3275.0
2024-12-13 18:00:00,24.2305,100.0,9.0,11.369264,225.0
2024-12-13 19:00:00,23.5805,100.0,0.0,0.0,0.0
2024-12-13 20:00:00,23.4805,100.0,0.0,0.0,0.0
2024-12-13 21:00:00,22.880499,100.0,0.0,0.0,0.0
2024-12-13 22:00:00,22.0805,95.0,0.0,0.0,0.0
2024-12-13 23:00:00,21.530499,84.0,0.0,0.0,0.0
2024-12-14 00:00:00,20.9305,21.0,0.0,0.0,0.0
2024-12-14 01:00:00,20.3305,16.0,0.0,0.0,0.0
2024-12-14 02:00:00,19.9305,88.0,0.0,0.0,0.0
2024-12-14 03:00:00,19.4805,99.0,0.0,0.0,0.0
2024-12-14 04:00:00,19.2305,61.0,0.0,0.0,0.0
2024-12-14 05:00:00,18.880499,38.0,0.0,0.0,0.0
2024-12-14 06:00:00,18.9305,24.0,0.0,0.0,0.0
2024-12-14 07:00:00,19.3305,19.0,22.0,73.580345,550.0
2024-12-14 08:00:00,21.380499,45.0,180.0,436.08896,4500.0
2024-12-14 09:00:00,23.2305,100.0,361.0,525.52686,9025.0
2024-12-14 10:00:00,24.030499,100.0,364.0,226.91171,9100.0
2024-12-14 11:00:00,24.9805,100.0,389.0,116.87985,9725.0
2024-12-14 12:00:00,26.4305,55.0,592.0,376.40198,14800.0
2024-12-14 13:00:00,27.630499,99.0,667.0,588.7487,16675.0
2024-12-14 14:00:00,28.530499,29.0,636.0,657.26276,15900.0
2024-12-14 15:00:00,28.630499,22.0,498.0,612.2649,12450.0
2024-12-14 16:00:00,27.4805,23.0,362.0,670.0461,9050.0
2024-12-14 17:00:00,26.1805,43.0,154.0,466.86835,3850.0
2024-12-14 18:00:00,24.880499,11.0,11.0,45.109573,275.0
2024-12-14 19:00:00,24.280499,2.0,0.0,0.0,0.0
2024-12-14 20:00:00,23.130499,9.0,0.0,0.0,0.0
2024-12-14 21:00:00,22.130499,83.0,0.0,0.0,0.0
2024-12-14 22:00:00,21.130499,99.0,0.0,0.0,0.0
2024-12-14 23:00:00,20.280499,96.0,0.0,0.0,0.0
2024-12-15 00:00:00,19.5805,76.0,0.0,0.0,0.0
2024-12-15 01:00:00,19.130499,80.0,0.0,0.0,0.0
2024-12-15 02:00:00,18.530499,90.0,0.0,0.0,0.0
2024-12-15 03:00:00,17.8305,100.0,0.0,0.0,0.0
2024-12-15 04:00:00,17.280499,95.0,0.0,0.0,0.0
2024-12-15 05:00:00,16.630499,38.0,0.0,0.0,0.0
2024-12-15 06:00:00,16.280499,0.0,0.0,0.0,0.0
2024-12-15 07:00:00,16.780499,6.0,25.0,111.442085,625.0
2024-12-15 08:00:00,18.9805,0.0,195.0,535.5474,4875.0
2024-12-15 09:00:00,21.1805,0.0,412.0,728.9621,10300.0
2024-12-15 10:00:00,23.030499,1.0,601.0,829.2328,15025.0
2024-12-15 11:00:00,24.4305,18.0,733.0,868.3178,18325.0
2024-12-15 12:00:00,25.380499,57.0,779.0,824.7631,19475.0
2024-12-15 13:00:00,26.2305,88.0,789.0,870.4256,19725.0
2024-12-15 14:00:00,26.7305,84.0,713.0,850.5099,17825.0
2024-12-15 15:00:00,26.880499,92.0,573.0,812.0244,14325.0
2024-12-15 16:00:00,26.380499,70.0,376.0,689.9395,9400.0
2024-12-15 17:00:00,24.9805,4.0,163.0,510.34973,4075.0
2024-12-15 18:00:00,22.780499,0.0,13.0,55.92468,325.0
2024-12-15 19:00:00,22.030499,0.0,0.0,0.0,0.0
2024-12-15 20:00:00,21.630499,0.0,0.0,0.0,0.0
2024-12-15 21:00:00,20.5805,0.0,0.0,0.0,0.0
2024-12-15 22:00:00,19.530499,0.0,0.0,0.0,0.0
2024-12-15 23:00:00,18.7305,0.0,0.0,0.0,0.0
2024-12-16 00:00:00,18.030499,0.0,0.0,0.0,0.0
2024-12-16 01:00:00,17.630499,0.0,0.0,0.0,0.0
2024-12-16 02:00:00,16.8305,0.0,0.0,0.0,0.0
2024-12-16 03:00:00,16.2305,94.0,0.0,0.0,0.0
2024-12-16 04:00:00,15.9305,85.0,0.0,0.0,0.0
2024-12-16 05:00:00,15.4305,76.0,0.0,0.0,0.0
2024-12-16 06:00:00,15.0305,96.0,0.0,0.0,0.0
2024-12-16 07:00:00,15.4805,100.0,25.0,112.50207,625.0
2024-12-16 08:00:00,17.7305,83.0,200.0,555.8992,5000.0
2024-12-16 09:00:00,20.130499,98.0,422.0,749.8458,10550.0
2024-12-16 10:00:00,22.280499,35.0,611.0,832.9381,15275.0
2024-12-16 11:00:00,23.9805,5.0,753.0,900.3872,18825.0
2024-12-16 12:00:00,25.3305,17.0,823.0,930.45776,20575.0
2024-12-16 13:00:00,26.380499,65.0,816.0,926.7038,20400.0
2024-12-16 14:00:00,26.9305,71.0,731.0,889.9917,18275.0
2024-12-16 15:00:00,27.130499,93.0,588.0,843.54407,14700.0
2024-12-16 16:00:00,26.7305,42.0,386.0,719.198,9650.0
2024-12-16 17:00:00,24.280499,0.0,169.0,534.7459,4225.0
2024-12-16 18:00:00,21.780499,25.0,13.0,44.365696,325.0
2024-12-16 19:00:00,21.130499,0.0,0.0,0.0,0.0
2024-12-16 20:00:00,20.3305,0.0,0.0,0.0,0.0
2024-12-16 21:00:00,19.1805,0.0,0.0,0.0,0.0
2024-12-16 22:00:00,18.1805,0.0,0.0,0.0,0.0
2024-12-16 23:00:00,17.880499,48.0,0.0,0.0,0.0
2024-12-17 00:00:00,17.630499,43.0,0.0,0.0,0.0
2024-12-17 01:00:00,17.0805,100.0,0.0,0.0,0.0
2024-12-17 02:00:00,16.4805,100.0,0.0,0.0,0.0
2024-12-17 03:00:00,15.2805,68.0,0.0,0.0,0.0
2024-12-17 04:00:00,15.1305,8.0,0.0,0.0,0.0
2024-12-17 05:00:00,14.8805,5.0,0.0,0.0,0.0
2024-12-17 06:00:00,14.580501,0.0,0.0,0.0,0.0
2024-12-17 07:00:00,15.4805,0.0,25.0,123.00782,625.0
2024-12-17 08:00:00,18.7305,41.0,202.0,588.586,5050.0
2024-12-17 09:00:00,20.880499,0.0,426.0,777.51746,10650.0
2024-12-17 10:00:00,22.8305,0.0,621.0,872.9844,15525.0
2024-12-17 11:00:00,24.4805,4.0,761.0,922.6529,19025.0
2024-12-17 12:00:00,25.8305,33.0,832.0,944.1383,20800.0
2024-12-17 13:00:00,26.9305,96.0,828.0,942.49207,20700.0
2024-12-17 14:00:00,27.630499,98.0,747.0,916.5525,18675.0
2024-12-17 15:00:00,27.780499,98.0,595.0,850.9645,14875.0
2024-12-17 16:00:00,27.3305,77.0,393.0,736.2951,9825.0
2024-12-17 17:00:00,24.9805,83.0,172.0,540.414,4300.0
2024-12-17 18:00:00,22.1805,67.0,14.0,65.98629,350.0
2024-12-17 19:00:00,21.3305,53.0,0.0,0.0,0.0
2024-12-17 20:00:00,20.780499,92.0,0.0,0.0,0.0
2024-12-17 21:00:00,19.6805,97.0,0.0,0.0,0.0
2024-12-17 22:00:00,18.9805,89.0,0.0,0.0,0.0
2024-12-17 23:00:00,18.4805,87.0,0.0,0.0,0.0
2024-12-18 00:00:00,17.780499,84.0,0.0,0.0,0.0
2024-12-18 01:00:00,16.9305,84.0,0.0,0.0,0.0
2024-12-18 02:00:00,16.6805,97.0,0.0,0.0,0.0
2024-12-18 03:00:00,16.130499,100.0,0.0,0.0,0.0
2024-12-18 04:00:00,15.6805,100.0,0.0,0.0,0.0
2024-12-18 05:00:00,15.1805,100.0,0.0,0.0,0.0
2024-12-18 06:00:00,14.330501,97.0,0.0,0.0,0.0
2024-12-18 07:00:00,15.7305,98.0,24.0,114.57262,600.0
2024-12-18 08:00:00,19.280499,100.0,198.0,560.24554,4950.0
2024-12-18 09:00:00,22.2305,100.0,418.0,750.96045,10450.0
2024-12-18 10:00:00,23.9805,100.0,607.0,830.0728,15175.0
2024-12-18 11:00:00,25.4305,100.0,744.0,880.4695,18600.0
2024-12-18 12:00:00,26.380499,100.0,807.0,872.0759,20175.0
2024-12-18 13:00:00,27.2305,97.0,806.0,887.7803,20150.0
2024-12-18 14:00:00,27.7305,92.0,733.0,886.17523,18325.0
2024-12-18 15:00:00,27.8305,91.0,590.0,849.7341,14750.0
2024-12-18 16:00:00,27.380499,80.0,390.0,736.5651,9750.0
2024-12-18 17:00:00,25.4305,74.0,170.0,532.2523,4250.0
2024-12-18 18:00:00,23.4805,85.0,14.0,65.42044,350.0
2024-12-18 19:00:00,23.3305,92.0,0.0,0.0,0.0
2024-12-18 20:00:00,23.1805,96.0,0.0,0.0,0.0
2024-12-18 21:00:00,21.030499,90.0,0.0,0.0,0.0
2024-12-18 22:00:00,20.1805,89.0,0.0,0.0,0.0
2024-12-18 23:00:00,19.530499,96.0,0.0,0.0,0.0
2024-12-19 00:00:00,19.630499,82.0,0.0,0.0,0.0
2024-12-19 01:00:00,18.9305,80.0,0.0,0.0,0.0
2024-12-19 02:00:00,18.2305,93.0,0.0,0.0,0.0
2024-12-19 03:00:00,18.380499,98.0,0.0,0.0,0.0
2024-12-19 04:00:00,17.7305,97.0,0.0,0.0,0.0
2024-12-19 05:00:00,17.280499,97.0,0.0,0.0,0.0
2024-12-19 06:00:00,17.130499,99.0,0.0,0.0,0.0
2024-12-19 07:00:00,18.0805,100.0,21.0,77.0644,525.0
2024-12-19 08:00:00,21.0805,100.0,181.0,473.72424,4525.0
2024-12-19 09:00:00,23.380499,99.0,389.0,653.7567,9725.0
2024-12-19 10:00:00,25.030499,98.0,577.0,768.59143,14425.0
2024-12-19 11:00:00,26.380499,95.0,713.0,836.68756,17825.0
2024-12-19 12:00:00,27.4305,75.0,776.0,838.7873,19400.0
2024-12-19 13:00:00,28.4305,44.0,732.0,731.2896,18300.0
2024-12-19 14:00:00,28.630499,67.0,580.0,529.3263,14500.0
2024-12-19 15:00:00,28.4305,23.0,383.0,315.1575,9575.0
2024-12-19 16:00:00,28.380499,24.0,313.0,478.48166,7825.0
2024-12-19 17:00:00,26.7305,28.0,133.0,334.27188,3325.0
2024-12-19 18:00:00,24.1805,11.0,13.0,54.028885,325.0
2024-12-19 19:00:00,24.1805,8.0,0.0,0.0,0.0
2024-12-19 20:00:00,23.7305,24.0,0.0,0.0,0.0
2024-12-19 21:00:00,22.380499,8.0,0.0,0.0,0.0
2024-12-19 22:00:00,21.280499,15.0,0.0,0.0,0.0
2024-12-19 23:00:00,20.8305,4.0,0.0,0.0,0.0
2024-12-20 00:00:00,20.2305,11.0,0.0,0.0,0.0
2024-12-20 01:00:00,19.9305,100.0,0.0,0.0,0.0
2024-12-20 02:00:00,19.880499,97.0,0.0,0.0,0.0
2024-12-20 03:00:00,19.4305,81.0,0.0,0.0,0.0
2024-12-20 04:00:00,18.9805,99.0,0.0,0.0,0.0
2024-12-20 05:00:00,18.780499,99.0,0.0,0.0,0.0
2024-12-20 06:00:00,19.6805,98.0,0.0,0.0,0.0
2024-12-20 07:00:00,19.8305,96.0,20.0,68.03746,500.0
2024-12-20 08:00:00,21.780499,98.0,181.0,493.7874,4525.0
2024-12-20 09:00:00,23.8305,97.0,394.0,697.0472,9850.0
2024-12-20 10:00:00,25.7305,100.0,583.0,798.4767,14575.0
2024-12-20 11:00:00,26.9805,100.0,716.0,839.0274,17900.0
2024-12-20 12:00:00,27.8305,100.0,780.0,840.4529,19500.0
2024-12-20 13:00:00,28.4305,100.0,768.0,796.31586,19200.0
2024-12-20 14:00:00,28.7305,100.0,615.0,564.31104,15375.0
2024-12-20 15:00:00,28.7305,100.0,525.0,617.2952,13125.0
2024-12-20 16:00:00,28.380499,100.0,342.0,491.07492,8550.0
2024-12-20 17:00:00,26.5805,99.0,153.0,412.51566,3825.0
2024-12-20 18:00:00,24.380499,100.0,14.0,53.524475,350.0
2024-12-20 19:00:00,23.9305,100.0,0.0,0.0,0.0
2024-12-20 20:00:00,22.5805,28.0,0.0,0.0,0.0
2024-12-20 21:00:00,21.3305,1.0,0.0,0.0,0.0
2024-12-20 22:00:00,20.3305,30.0,0.0,0.0,0.0
2024-12-20 23:00:00,19.5805,94.0,0.0,0.0,0.0
2024-12-21 00:00:00,19.0805,100.0,0.0,0.0,0.0
2024-12-21 01:00:00,18.780499,100.0,0.0,0.0,0.0
2024-12-21 02:00:00,17.780499,97.0,0.0,0.0,0.0
2024-12-21 03:00:00,17.9305,98.0,0.0,0.0,0.0
2024-12-21 04:00:00,18.130499,97.0,0.0,0.0,0.0
2024-12-21 05:00:00,18.130499,96.0,0.0,0.0,0.0
2024-12-21 06:00:00,18.4305,92.0,0.0,0.0,0.0
2024-12-21 07:00:00,18.6805,87.0,20.0,88.265045,500.0
2024-12-21 08:00:00,21.130499,86.0,183.0,522.46216,4575.0
2024-12-21 09:00:00,23.630499,74.0,397.0,713.1511,9925.0
2024-12-21 10:00:00,25.380499,20.0,588.0,815.04834,14700.0
2024-12-21 11:00:00,26.780499,1.0,726.0,870.7882,18150.0
2024-12-21 12:00:00,27.880499,0.0,797.0,892.71204,19925.0
2024-12-21 13:00:00,28.6805,1.0,796.0,897.7001,19900.0
2024-12-21 14:00:00,28.9805,2.0,722.0,879.61224,18050.0
2024-12-21 15:00:00,28.6805,8.0,581.0,826.56793,14525.0
2024-12-21 16:00:00,28.130499,11.0,384.0,710.51575,9600.0
2024-12-21 17:00:00,26.3305,15.0,161.0,462.73517,4025.0
2024-12-21 18:00:00,24.7305,22.0,14.0,53.00746,350.0
2024-12-21 19:00:00,22.9805,0.0,0.0,0.0,0.0
2024-12-21 20:00:00,21.030499,1.0,0.0,0.0,0.0
2024-12-21 21:00:00,19.880499,1.0,0.0,0.0,0.0
2024-12-21 22:00:00,19.380499,1.0,0.0,0.0,0.0
2024-12-21 23:00:00,19.0805,5.0,0.0,0.0,0.0
2024-12-22 00:00:00,18.7305,1.0,0.0,0.0,0.0
2024-12-22 01:00:00,18.280499,0.0,0.0,0.0,0.0
2024-12-22 02:00:00,17.380499,1.0,0.0,0.0,0.0
2024-12-22 03:00:00,16.880499,52.0,0.0,0.0,0.0
2024-12-22 04:00:00,16.630499,100.0,0.0,0.0,0.0
2024-12-22 05:00:00,16.630499,100.0,0.0,0.0,0.0
2024-12-22 06:00:00,17.9805,100.0,0.0,0.0,0.0
2024-12-22 07:00:00,17.880499,100.0,13.0,19.790672,325.0
2024-12-22 08:00:00,18.380499,100.0,100.0,54.72885,2500.0
2024-12-22 09:00:00,20.7305,54.0,278.0,165.12424,6950.0
2024-12-22 10:00:00,22.780499,21.0,541.0,625.79755,13525.0
2024-12-22 11:00:00,24.880499,43.0,705.0,797.0926,17625.0
2024-12-22 12:00:00,26.030499,40.0,644.0,531.5927,16100.0
2024-12-22 13:00:00,26.9805,38.0,686.0,639.4594,17150.0
2024-12-22 14:00:00,27.4805,40.0,615.0,626.7768,15375.0
2024-12-22 15:00:00,27.5805,32.0,500.0,592.81116,12500.0
2024-12-22 16:00:00,27.1805,53.0,348.0,569.60535,8700.0
2024-12-22 17:00:00,25.780499,71.0,147.0,388.423,3675.0
2024-12-22 18:00:00,23.9305,43.0,14.0,52.480015,350.0
2024-12-22 19:00:00,23.280499,92.0,0.0,0.0,0.0
2024-12-22 20:00:00,21.8305,2.0,0.0,0.0,0.0
2024-12-22 21:00:00,20.3305,0.0,0.0,0.0,0.0
2024-12-22 22:00:00,19.4305,0.0,0.0,0.0,0.0
2024-12-22 23:00:00,18.9305,0.0,0.0,0.0,0.0
2024-12-23 00:00:00,18.5805,0.0,0.0,0.0,0.0
2024-12-23 01:00:00,18.130499,1.0,0.0,0.0,0.0
2024-12-23 02:00:00,17.6805,30.0,0.0,0.0,0.0
2024-12-23 03:00:00,17.4305,8.0,0.0,0.0,0.0
2024-12-23 04:00:00,17.1805,98.0,0.0,0.0,0.0
2024-12-23 05:00:00,16.880499,97.0,0.0,0.0,0.0
2024-12-23 06:00:00,17.9305,100.0,0.0,0.0,0.0
2024-12-23 07:00:00,17.880499,100.0,12.0,9.984028,300.0
2024-12-23 08:00:00,19.2305,100.0,106.0,84.80044,2650.0
2024-12-23 09:00:00,21.6805,41.0,303.0,326.72208,7575.0
2024-12-23 10:00:00,23.4805,36.0,536.0,645.32904,13400.0
2024-12-23 11:00:00,24.9805,56.0,582.0,544.50214,14550.0
2024-12-23 12:00:00,25.780499,65.0,597.0,503.0646,14925.0
2024-12-23 13:00:00,26.4305,53.0,582.0,475.1122,14550.0
2024-12-23 14:00:00,26.780499,47.0,549.0,508.7078,13725.0
2024-12-23 15:00:00,26.780499,33.0,425.0,400.52957,10625.0
2024-12-23 16:00:00,26.280499,56.0,314.0,490.35736,7850.0
2024-12-23 17:00:00,25.130499,66.0,120.0,245.14531,3000.0
2024-12-23 18:00:00,23.5805,33.0,10.0,31.167063,250.0
2024-12-23 19:00:00,22.2305,49.0,0.0,0.0,0.0
2024-12-23 20:00:00,21.5805,22.0,0.0,0.0,0.0
2024-12-23 21:00:00,20.9305,18.0,0.0,0.0,0.0
2024-12-23 22:00:00,20.2305,20.0,0.0,0.0,0.0
2024-12-23 23:00:00,19.780499,31.0,0.0,0.0,0.0
2024-12-24 00:00:00,19.4805,35.0,0.0,0.0,0.0
2024-12-24 01:00:00,19.380499,23.0,0.0,0.0,0.0
2024-12-24 02:00:00,19.1805,13.0,0.0,0.0,0.0
2024-12-24 03:00:00,18.880499,7.0,0.0,0.0,0.0
2024-12-24 04:00:00,18.530499,9.0,0.0,0.0,0.0
2024-12-24 05:00:00,18.0805,10.0,0.0,0.0,0.0
2024-12-24 06:00:00,18.530499,1.0,0.0,0.0,0.0
2024-12-24 07:00:00,18.9305,2.0,17.0,60.436584,425.0
2024-12-24 08:00:00,21.530499,0.0,171.0,465.42426,4275.0
2024-12-24 09:00:00,23.4305,15.0,382.0,669.3558,9550.0
2024-12-24 10:00:00,24.9305,16.0,551.0,732.02,13775.0
2024-12-24 11:00:00,26.1805,24.0,667.0,740.6186,16675.0
2024-12-24 12:00:00,26.9305,39.0,663.0,618.77496,16575.0
2024-12-24 13:00:00,27.280499,42.0,607.0,520.3418,15175.0
2024-12-24 14:00:00,27.6805,32.0,572.0,544.70276,14300.0
2024-12-24 15:00:00,27.6805,35.0,470.0,537.8461,11750.0
2024-12-24 16:00:00,27.1805,56.0,322.0,502.34576,8050.0
2024-12-24 17:00:00,26.130499,47.0,135.0,286.4823,3375.0
2024-12-24 18:00:00,24.130499,61.0,14.0,51.404984,350.0
2024-12-24 19:00:00,24.0805,51.0,0.0,0.0,0.0
2024-12-24 20:00:00,22.3305,26.0,0.0,0.0,0.0
2024-12-24 21:00:00,21.2305,26.0,0.0,0.0,0.0
2024-12-24 22:00:00,20.5805,19.0,0.0,0.0,0.0
2024-12-24 23:00:00,20.130499,5.0,0.0,0.0,0.0
2024-12-25 00:00:00,19.4805,4.0,0.0,0.0,0.0
2024-12-25 01:00:00,18.8305,21.0,0.0,0.0,0.0
2024-12-25 02:00:00,18.7305,18.0,0.0,0.0,0.0
2024-12-25 03:00:00,18.5805,7.0,0.0,0.0,0.0
2024-12-25 04:00:00,18.4305,1.0,0.0,0.0,0.0
2024-12-25 05:00:00,17.8305,1.0,0.0,0.0,0.0
2024-12-25 06:00:00,18.4305,0.0,0.0,0.0,0.0
2024-12-25 07:00:00,18.7305,0.0,18.0,81.29297,450.0
2024-12-25 08:00:00,21.030499,0.0,175.0,503.0516,4375.0
2024-12-25 09:00:00,23.2305,0.0,389.0,703.8083,9725.0
2024-12-25 10:00:00,24.9805,0.0,579.0,807.14075,14475.0
2024-12-25 11:00:00,26.3305,0.0,719.0,860.8489,17975.0
2024-12-25 12:00:00,27.5805,15.0,788.0,874.8021,19700.0
2024-12-25 13:00:00,28.130499,37.0,737.0,766.9384,18425.0
2024-12-25 14:00:00,28.280499,19.0,624.0,639.7142,15600.0
2024-12-25 15:00:00,28.1805,24.0,501.0,600.4303,12525.0
2024-12-25 16:00:00,27.7305,21.0,308.0,414.56668,7700.0
2024-12-25 17:00:00,26.2305,28.0,134.0,335.6481,3350.0
2024-12-25 18:00:00,24.3305,35.0,15.0,61.032547,375.0
2024-12-25 19:00:00,23.780499,49.0,0.0,0.0,0.0
2024-12-25 20:00:00,24.280499,73.0,0.0,0.0,0.0
2024-12-25 21:00:00,23.130499,9.0,0.0,0.0,0.0
2024-12-25 22:00:00,21.8305,19.0,0.0,0.0,0.0
2024-12-25 23:00:00,21.130499,100.0,0.0,0.0,0.0
2024-12-26 00:00:00,21.0805,100.0,0.0,0.0,0.0
2024-12-26 01:00:00,21.4305,59.0,0.0,0.0,0.0
2024-12-26 02:00:00,20.380499,17.0,0.0,0.0,0.0
2024-12-26 03:00:00,19.530499,4.0,0.0,0.0,0.0
2024-12-26 04:00:00,19.030499,1.0,0.0,0.0,0.0
2024-12-26 05:00:00,18.5805,0.0,0.0,0.0,0.0
2024-12-26 06:00:00,19.3305,7.0,0.0,0.0,0.0
2024-12-26 07:00:00,19.7305,7.0,16.0,61.500065,400.0
2024-12-26 08:00:00,21.630499,42.0,165.0,441.53885,4125.0
2024-12-26 09:00:00,23.1805,87.0,326.0,462.06595,8150.0
2024-12-26 10:00:00,24.7305,49.0,437.0,346.89667,10925.0
2024-12-26 11:00:00,25.9805,87.0,588.0,559.63983,14700.0
2024-12-26 12:00:00,26.7305,41.0,587.0,431.47745,14675.0
2024-12-26 13:00:00,27.6805,70.0,625.0,551.9923,15625.0
2024-12-26 14:00:00,27.880499,60.0,504.0,384.0646,12600.0
2024-12-26 15:00:00,27.2305,32.0,448.0,486.48462,11200.0
2024-12-26 16:00:00,26.880499,35.0,335.0,528.09344,8375.0
2024-12-26 17:00:00,26.130499,14.0,152.0,366.82034,3800.0
2024-12-26 18:00:00,23.6805,16.0,16.0,60.378757,400.0
2024-12-26 19:00:00,23.030499,18.0,0.0,0.0,0.0
2024-12-26 20:00:00,22.280499,17.0,0.0,0.0,0.0
2024-12-26 21:00:00,21.8305,11.0,0.0,0.0,0.0
2024-12-26 22:00:00,21.1805,4.0,0.0,0.0,0.0
2024-12-26 23:00:00,20.530499,20.0,0.0,0.0,0.0
2024-12-27 00:00:00,20.1805,29.0,0.0,0.0,0.0
2024-12-27 01:00:00,20.030499,42.0,0.0,0.0,0.0
2024-12-27 02:00:00,19.9805,100.0,0.0,0.0,0.0
2024-12-27 03:00:00,20.6805,100.0,0.0,0.0,0.0
2024-12-27 04:00:00,20.8305,54.0,0.0,0.0,0.0
2024-12-27 05:00:00,20.0805,100.0,0.0,0.0,0.0
2024-12-27 06:00:00,20.130499,55.0,0.0,0.0,0.0
2024-12-27 07:00:00,20.1805,20.0,15.0,51.687725,375.0
2024-12-27 08:00:00,21.8305,100.0,157.0,396.5356,3925.0
2024-12-27 09:00:00,23.880499,100.0,288.0,295.71198,7200.0
2024-12-27 10:00:00,24.630499,100.0,307.0,124.7789,7675.0
2024-12-27 11:00:00,25.780499,62.0,427.0,203.08029,10675.0
2024-12-27 12:00:00,26.530499,21.0,573.0,398.87805,14325.0
2024-12-27 13:00:00,27.4305,23.0,686.0,674.7447,17150.0
2024-12-27 14:00:00,27.9305,100.0,574.0,609.5346,14350.0
2024-12-27 15:00:00,26.4805,48.0,282.0,125.47643,7050.0
2024-12-27 16:00:00,25.130499,79.0,273.0,383.4197,6825.0
2024-12-27 17:00:00,24.7305,29.0,111.0,169.09193,2775.0
2024-12-27 18:00:00,23.4305,43.0,14.0,49.77058,350.0
2024-12-27 19:00:00,22.7305,24.0,0.0,0.0,0.0
2024-12-27 20:00:00,22.3305,33.0,0.0,0.0,0.0
2024-12-27 21:00:00,21.9805,10.0,0.0,0.0,0.0
2024-12-27 22:00:00,21.380499,21.0,0.0,0.0,0.0
2024-12-27 23:00:00,20.9305,20.0,0.0,0.0,0.0
2024-12-28 00:00:00,20.4305,21.0,0.0,0.0,0.0
2024-12-28 01:00:00,20.1805,17.0,0.0,0.0,0.0
2024-12-28 02:00:00,19.6805,11.0,0.0,0.0,0.0
2024-12-28 03:00:00,19.280499,9.0,0.0,0.0,0.0
2024-12-28 04:00:00,18.9805,9.0,0.0,0.0,0.0
2024-12-28 05:00:00,18.7305,11.0,0.0,0.0,0.0
2024-12-28 06:00:00,19.280499,3.0,0.0,0.0,0.0
2024-12-28 07:00:00,19.380499,0.0,15.0,62.545094,375.0
2024-12-28 08:00:00,20.9305,0.0,167.0,478.0335,4175.0
2024-12-28 09:00:00,22.7305,0.0,381.0,686.38367,9525.0
2024-12-28 10:00:00,24.3305,3.0,571.0,790.09766,14275.0
2024-12-28 11:00:00,25.630499,1.0,709.0,839.3898,17725.0
2024-12-28 12:00:00,26.8305,0.0,786.0,874.0877,19650.0
2024-12-28 13:00:00,27.6805,0.0,789.0,880.1479,19725.0
2024-12-28 14:00:00,28.130499,0.0,718.0,857.9949,17950.0
2024-12-28 15:00:00,27.9805,0.0,581.0,805.81305,14525.0
2024-12-28 16:00:00,27.780499,3.0,391.0,701.6708,9775.0
2024-12-28 17:00:00,26.380499,3.0,178.0,498.50836,4450.0
2024-12-28 18:00:00,24.630499,10.0,17.0,68.91984,425.0
2024-12-28 19:00:00,23.7305,11.0,0.0,0.0,0.0
2024-12-28 20:00:00,23.380499,9.0,0.0,0.0,0.0
2024-12-28 21:00:00,22.8305,1.0,0.0,0.0,0.0
2024-12-28 22:00:00,21.9305,0.0,0.0,0.0,0.0
2024-12-28 23:00:00,21.030499,0.0,0.0,0.0,0.0
2024-12-29 00:00:00,19.9805,0.0,0.0,0.0,0.0
2024-12-29 01:00:00,18.880499,0.0,0.0,0.0,0.0
2024-12-29 02:00:00,18.530499,0.0,0.0,0.0,0.0
2024-12-29 03:00:00,18.1805,0.0,0.0,0.0,0.0
2024-12-29 04:00:00,17.9805,0.0,0.0,0.0,0.0
2024-12-29 05:00:00,17.8305,0.0,0.0,0.0,0.0
2024-12-29 06:00:00,18.630499,0.0,0.0,0.0,0.0
2024-12-29 07:00:00,18.9305,0.0,15.0,63.056644,375.0
2024-12-29 08:00:00,20.780499,0.0,167.0,481.01373,4175.0
2024-12-29 09:00:00,22.7305,0.0,381.0,690.4495,9525.0
2024-12-29 10:00:00,24.5805,0.0,573.0,796.0282,14325.0
2024-12-29 11:00:00,25.9305,0.0,715.0,855.09344,17875.0
2024-12-29 12:00:00,26.9305,0.0,792.0,884.06036,19800.0
2024-12-29 13:00:00,27.6805,0.0,795.0,885.6262,19875.0
2024-12-29 14:00:00,28.130499,0.0,726.0,868.97943,18150.0
2024-12-29 15:00:00,28.130499,3.0,590.0,821.7891,14750.0
2024-12-29 16:00:00,27.7305,0.0,400.0,725.74097,10000.0
2024-12-29 17:00:00,25.780499,1.0,186.0,535.48206,4650.0
2024-12-29 18:00:00,24.1805,10.0,21.0,97.38039,525.0
2024-12-29 19:00:00,24.030499,7.0,0.0,0.0,0.0
2024-12-29 20:00:00,23.2305,29.0,0.0,0.0,0.0
2024-12-29 21:00:00,22.280499,19.0,0.0,0.0,0.0
2024-12-29 22:00:00,21.4305,0.0,0.0,0.0,0.0
2024-12-29 23:00:00,20.9305,0.0,0.0,0.0,0.0
2024-12-30 00:00:00,20.4305,0.0,0.0,0.0,0.0
2024-12-30 01:00:00,19.8305,0.0,0.0,0.0,0.0
2024-12-30 02:00:00,19.0805,11.0,0.0,0.0,0.0
2024-12-30 03:00:00,18.4305,25.0,0.0,0.0,0.0
2024-12-30 04:00:00,17.9805,0.0,0.0,0.0,0.0
2024-12-30 05:00:00,17.530499,0.0,0.0,0.0,0.0
2024-12-30 06:00:00,17.9805,0.0,0.0,0.0,0.0
2024-12-30 07:00:00,18.3305,0.0,16.0,74.14852,400.0
2024-12-30 08:00:00,20.5805,0.0,174.0,532.7315,4350.0
2024-12-30 09:00:00,22.880499,12.0,394.0,736.64923,9850.0
2024-12-30 10:00:00,25.030499,80.0,592.0,840.77936,14800.0
2024-12-30 11:00:00,26.6805,46.0,733.0,881.9989,18325.0
2024-12-30 12:00:00,27.8305,83.0,811.0,912.099,20275.0
2024-12-30 13:00:00,28.380499,96.0,814.0,915.5791,20350.0
2024-12-30 14:00:00,28.5805,95.0,724.0,808.6167,18100.0
2024-12-30 15:00:00,28.530499,82.0,594.0,799.44775,14850.0
2024-12-30 16:00:00,27.9805,15.0,407.0,722.3423,10175.0
2024-12-30 17:00:00,25.780499,0.0,192.0,559.37225,4800.0
2024-12-30 18:00:00,23.7305,0.0,22.0,105.94429,550.0
2024-12-30 19:00:00,23.4805,0.0,0.0,0.0,0.0
2024-12-30 20:00:00,22.8305,0.0,0.0,0.0,0.0
2024-12-30 21:00:00,22.3305,0.0,0.0,0.0,0.0
2024-12-30 22:00:00,21.630499,0.0,0.0,0.0,0.0
2024-12-30 23:00:00,21.130499,0.0,0.0,0.0,0.0
2024-12-31 00:00:00,20.3305,0.0,0.0,0.0,0.0
2024-12-31 01:00:00,19.7305,0.0,0.0,0.0,0.0
2024-12-31 02:00:00,18.9805,0.0,0.0,0.0,0.0
2024-12-31 03:00:00,18.4805,0.0,0.0,0.0,0.0
2024-12-31 04:00:00,18.0805,0.0,0.0,0.0,0.0
2024-12-31 05:00:00,17.780499,0.0,0.0,0.0,0.0
2024-12-31 06:00:00,18.0805,74.0,0.0,0.0,0.0
2024-12-31 07:00:00,18.3305,95.0,15.0,64.0414,375.0
2024-12-31 08:00:00,20.4305,100.0,169.0,491.13632,4225.0
2024-12-31 09:00:00,22.5805,100.0,363.0,576.03094,9075.0
2024-12-31 10:00:00,24.6805,99.0,548.0,651.8493,13700.0
2024-12-31 11:00:00,26.530499,93.0,716.0,817.08044,17900.0
2024-12-31 12:00:00,27.630499,61.0,803.0,879.0733,20075.0
2024-12-31 13:00:00,28.2305,73.0,813.0,909.21014,20325.0
2024-12-31 14:00:00,28.530499,76.0,743.0,886.4034,18575.0
2024-12-31 15:00:00,28.4305,91.0,598.0,805.2824,14950.0
2024-12-31 16:00:00,27.9305,93.0,408.0,714.4041,10200.0
2024-12-31 17:00:00,26.130499,61.0,192.0,537.93915,4800.0
2024-12-31 18:00:00,23.630499,100.0,21.0,57.156696,525.0
2024-12-31 19:00:00,23.030499,84.0,0.0,0.0,0.0
2024-12-31 20:00:00,22.4305,37.0,0.0,0.0,0.0
2024-12-31 21:00:00,21.280499,84.0,0.0,0.0,0.0
2024-12-31 22:00:00,20.280499,71.0,0.0,0.0,0.0
2024-12-31 23:00:00,20.130499,96.0,0.0,0.0,0.0
